customerID,gender,SeniorCitizen,Partner,Dependents,tenure,PhoneService,MultipleLines,InternetService,OnlineSecurity,OnlineBackup,DeviceProtection,TechSupport,StreamingTV,StreamingMovies,Contract,PaperlessBilling,PaymentMethod,MonthlyCharges,TotalCharges,Churn
8270-TOKHU,Female,0,No,No,29,Yes,No,No,No internet service,No internet service,No internet service,No internet service,No internet service,No internet service,One year,No,Credit card (automatic),26.77,776.06,No
6734-ZSWKK,Female,1,No,No,34,Yes,Yes,Fiber optic,Yes,Yes,No,No,No,No,Two year,Yes,Electronic check,94.05,3210.89,Yes
9322-VUBXL,Female,0,Yes,No,72,Yes,Yes,Fiber optic,No,No,No,No,Yes,Yes,Two year,Yes,Bank transfer (automatic),95.33,6864.68,No
7949-BUALZ,Male,1,Yes,No,11,Yes,No,DSL,Yes,Yes,Yes,Yes,No,Yes,Month-to-month,Yes,Mailed check,74.49,813.57,No
7396-LYQJP,Male,0,Yes,No,12,Yes,Yes,DSL,No,No,Yes,No,Yes,No,Month-to-month,Yes,Electronic check,59.04,724.83,No
1189-OSLWT,Female,1,No,No,18,No,No phone service,DSL,No,No,Yes,No,Yes,Yes,Month-to-month,Yes,Credit card (automatic),65.11,1170.88,No
2528-CESGU,Male,0,No,No,41,Yes,No,Fiber optic,No,Yes,No,No,No,Yes,One year,Yes,Credit card (automatic),87.6,3581.93,No
6393-DYNRZ,Female,0,No,No,25,No,No phone service,No,No internet service,No internet service,No internet service,No internet service,No internet service,No internet service,Month-to-month,Yes,Electronic check,21.97,548.84,No
8513-UBTOG,Female,0,No,No,20,Yes,No,DSL,Yes,Yes,No,No,No,Yes,Two year,No,Bank transfer (automatic),67.09,1348.56,No
1775-OCNQD,Male,0,No,No,25,Yes,No,No,No internet service,No internet service,No internet service,No internet service,No internet service,No internet service,Two year,Yes,Bank transfer (automatic),21.83,544.48,No
2585-HDBFV,Female,0,No,No,14,Yes,Yes,No,No internet service,No internet service,No internet service,No internet service,No internet service,No internet service,Two year,Yes,Credit card (automatic),20.39,269.71,No
4843-VRZLB,Female,0,Yes,Yes,34,Yes,Yes,No,No internet service,No internet service,No internet service,No internet service,No internet service,No internet service,Month-to-month,No,Electronic check,23.31,774.03,No
5297-DNPOH,Female,0,No,No,1,Yes,No,Fiber optic,No,No,No,No,Yes,No,Two year,Yes,Credit card (automatic),86.73,83.14,No
8629-WYHUP,Female,1,Yes,No,17,Yes,Yes,DSL,No,No,No,Yes,Yes,No,Month-to-month,Yes,Electronic check,65.39,1141.74,No
8916-ROUXZ,Female,0,Yes,No,39,Yes,Yes,Fiber optic,No,Yes,No,No,Yes,No,Month-to-month,No,Credit card (automatic),85.19,3325.34,No
5859-MIOMA,Female,1,No,No,8,Yes,No,DSL,No,Yes,No,No,Yes,Yes,Month-to-month,No,Credit card (automatic),75.26,616.24,No
9006-IXALH,Male,0,No,Yes,44,Yes,Yes,No,No internet service,No internet service,No internet service,No internet service,No internet service,No internet service,Month-to-month,Yes,Credit card (automatic),31.71,1386.45,No
6258-SQHCC,Female,0,No,No,36,Yes,Yes,Fiber optic,No,Yes,No,No,No,Yes,Month-to-month,No,Electronic check,84.51,3039.08,No
6892-JGZIG,Male,0,No,No,20,No,No phone service,No,No internet service,No internet service,No internet service,No internet service,No internet service,No internet service,Month-to-month,No,Bank transfer (automatic),18.25,354.0,No
9392-HLBAP,Male,1,Yes,No,6,Yes,No,Fiber optic,No,Yes,Yes,No,No,No,Month-to-month,No,Electronic check,77.6,470.36,Yes
3454-XECLH,Male,0,No,No,47,Yes,No,No,No internet service,No internet service,No internet service,No internet service,No internet service,No internet service,Month-to-month,No,Electronic check,23.47,1114.08,Yes
9154-CACEO,Male,0,Yes,Yes,0,Yes,No,DSL,Yes,Yes,No,No,No,Yes,One year,No,Credit card (automatic),60.34, ,No
4840-EZWNG,Male,0,No,No,21,Yes,No,Fiber optic,No,No,Yes,No,Yes,No,One year,No,Bank transfer (automatic),89.23,1857.78,Yes
7938-IOOZJ,Female,0,Yes,No,36,Yes,Yes,Fiber optic,Yes,No,Yes,No,No,Yes,Month-to-month,Yes,Electronic check,89.1,3192.31,Yes
8035-MSGQT,Female,1,Yes,No,15,Yes,,Fiber optic,No,No,Yes,No,No,Yes,Month-to-month,No,Bank transfer (automatic),87.96,1325.17,No
6116-DEWGM,Male,0,Yes,No,2,Yes,No,Fiber optic,No,Yes,Yes,No,No,Yes,One year,No,Credit card (automatic),88.36,171.49,No
2678-KDMGS,Female,0,Yes,No,43,Yes,Yes,Fiber optic,No,No,No,No,No,No,Month-to-month,Yes,Mailed check,70.98,3061.5,No
4157-BJMYU,Male,0,Yes,No,57,Yes,No,DSL,Yes,No,No,No,Yes,Yes,Two year,Yes,Electronic check,75.57,4302.32,No
3693-LLTKZ,Female,0,Yes,Yes,19,Yes,Yes,Fiber optic,Yes,Yes,No,No,No,Yes,Two year,No,Bank transfer (automatic),98.07,1864.33,No
6592-GAAYY,Male,0,Yes,No,37,Yes,No,DSL,No,No,Yes,Yes,No,Yes,Month-to-month,No,Bank transfer (automatic),60.0,2235.03,No
6864-CGFHI,Male,0,Yes,Yes,22,Yes,Yes,Fiber optic,No,No,No,Yes,No,No,Month-to-month,No,Bank transfer (automatic),77.84,1702.52,No
5413-EASJL,Male,0,Yes,Yes,20,Yes,No,Fiber optic,No,No,Yes,No,Yes,Yes,Month-to-month,Yes,Bank transfer (automatic),92.27,1847.6,Yes
1663-OVXIT,Female,0,Yes,No,3,Yes,No,Fiber optic,No,No,Yes,No,Yes,Yes,Month-to-month,No,Credit card (automatic),97.63,289.69,No
6232-QZTLG,Female,0,Yes,No,13,Yes,No,Fiber optic,No,Yes,No,No,Yes,Yes,One year,Yes,Electronic check,98.07,1278.94,No
8554-QEQXQ,Male,0,Yes,Yes,27,Yes,No,Fiber optic,Yes,No,No,Yes,No,No,One year,Yes,Electronic check,89.05,2401.82,No
1698-QBBVW,Male,1,No,Yes,14,Yes,No,No,No internet service,No internet service,No internet service,No internet service,No internet service,No internet service,Two year,Yes,Credit card (automatic),19.99,293.49,No
9164-AASBU,Female,0,No,No,23,Yes,No,DSL,Yes,No,Yes,No,Yes,No,Month-to-month,No,Mailed check,66.85,1532.11,No
2707-ZFWDW,Female,0,No,No,54,Yes,No,DSL,No,No,No,No,Yes,Yes,One year,Yes,Bank transfer (automatic),60.49,3251.44,No
1202-XQFXE,Male,0,Yes,No,10,No,No phone service,Fiber optic,Yes,No,Yes,No,Yes,Yes,Two year,Yes,Mailed check,95.13,969.23,No
3931-BFVKP,Male,0,No,No,42,Yes,Yes,DSL,No,No,Yes,No,No,Yes,Two year,No,Credit card (automatic),57.5,2410.18,No
7287-AIFPC,Male,0,Yes,No,0,Yes,Yes,No,No internet service,No internet service,No internet service,No internet service,No internet service,No internet service,Month-to-month,Yes,Mailed check,19.82, ,No
1659-DSZCS,Female,0,No,No,45,Yes,No,No,No internet service,No internet service,No internet service,No internet service,No internet service,No internet service,Month-to-month,Yes,Credit card (automatic),32.17,1456.25,No
3911-GTIAH,Male,1,Yes,Yes,2,Yes,Yes,DSL,No,No,No,Yes,Yes,No,Month-to-month,Yes,Mailed check,66.76,138.54,No
6759-GRHAK,Female,0,No,No,9,Yes,Yes,Fiber optic,No,No,Yes,No,No,No,Month-to-month,No,Electronic check,79.02,716.98,No
9155-YYRWJ,Female,0,No,No,17,Yes,No,No,No internet service,No internet service,No internet service,No internet service,No internet service,No internet service,One year,No,Electronic check,26.04,437.47,No
1262-PZPYT,Male,0,No,Yes,25,Yes,Yes,DSL,Yes,No,No,No,Yes,Yes,Month-to-month,Yes,Credit card (automatic),73.34,1838.7,No
3049-APLEE,Female,0,Yes,No,72,Yes,No,DSL,No,No,No,Yes,No,No,Month-to-month,Yes,Credit card (automatic),68.33,4923.12,No
8158-IICSP,Male,0,No,Yes,8,Yes,No,No,No internet service,No internet service,No internet service,No internet service,No internet service,No internet service,Two year,No,Credit card (automatic),22.3,176.28,No
3255-CTXVX,Male,0,No,No,2,Yes,No,Fiber optic,No,No,No,No,No,Yes,One year,Yes,Bank transfer (automatic),77.81,159.17,No
2648-HDFHT,Female,0,No,Yes,14,No,No phone service,Fiber optic,Yes,No,Yes,Yes,Yes,Yes,Month-to-month,Yes,Mailed check,99.49,1384.42,No
9445-CPYCY,Male,0,No,No,10,Yes,Yes,Fiber optic,No,Yes,No,Yes,No,Yes,Month-to-month,Yes,Electronic check,98.8,1000.24,No
3961-NRBVC,Female,0,No,No,21,Yes,No,Fiber optic,Yes,Yes,Yes,No,Yes,Yes,Month-to-month,No,Electronic check,106.16,2248.72,Yes
1956-IDADA,Female,0,No,No,61,Yes,No,DSL,Yes,No,No,Yes,Yes,No,One year,No,Bank transfer (automatic),67.14,4082.26,No
5493-UPTXH,Male,0,No,No,24,Yes,Yes,Fiber optic,No,No,Yes,Yes,Yes,No,Month-to-month,Yes,Mailed check,85.08,2041.45,No
2218-QAPLS,Female,0,Yes,Yes,20,Yes,Yes,Fiber optic,No,No,Yes,Yes,No,Yes,Month-to-month,No,Bank transfer (automatic),89.64,1785.12,No
4446-VNFFM,Female,0,No,No,6,Yes,Yes,Fiber optic,No,No,No,No,No,Yes,Two year,No,Credit card (automatic),74.39,429.38,No
9754-VHBUA,Male,0,No,Yes,7,Yes,No,No,No internet service,No internet service,No internet service,No internet service,No internet service,No internet service,Month-to-month,No,Electronic check,26.59,184.61,No
8022-AEPSD,Female,0,Yes,No,13,Yes,No,DSL,No,No,Yes,No,Yes,No,Month-to-month,No,Electronic check,67.26,870.69,Yes
5642-QQLNU,Male,0,No,Yes,53,Yes,No,DSL,No,No,Yes,No,No,Yes,Month-to-month,No,Electronic check,68.73,3650.28,No
2060-XQNUC,Male,0,Yes,Yes,20,Yes,No,DSL,Yes,Yes,Yes,Yes,Yes,No,Month-to-month,Yes,Electronic check,77.81,1567.82,No
1699-ATUWA,Female,1,Yes,No,16,Yes,Yes,No,No internet service,No internet service,No internet service,No internet service,No internet service,No internet service,Month-to-month,No,Bank transfer (automatic),22.88,363.81,No
4327-CRYJV,Female,0,No,No,18,Yes,No,DSL,Yes,No,Yes,No,No,Yes,Month-to-month,Yes,Bank transfer (automatic),70.31,1280.37,No
1569-CHNXR,Male,0,No,No,43,Yes,Yes,Fiber optic,No,No,No,Yes,No,Yes,Two year,Yes,Mailed check,90.29,3880.16,No
8455-OVWBJ,Female,0,Yes,No,27,Yes,Yes,DSL,No,No,No,No,Yes,Yes,One year,Yes,Bank transfer (automatic),68.98,1864.86,No
2409-ZQHAI,Male,0,No,No,62,Yes,Yes,DSL,No,No,No,Yes,No,No,Month-to-month,Yes,Electronic check,55.32,3436.83,No
8343-GJWZC,Female,0,No,No,20,Yes,No,DSL,No,Yes,Yes,Yes,Yes,Yes,Month-to-month,Yes,Electronic check,74.75,1504.54,No
2841-YXMZG,Male,1,Yes,Yes,5,Yes,No,DSL,Yes,Yes,No,Yes,No,No,Month-to-month,Yes,Electronic check,68.74,352.12,Yes
8992-DMTAH,Male,0,No,No,0,Yes,No,Fiber optic,No,Yes,No,Yes,Yes,Yes,One year,No,Mailed check,97.11, ,Yes
7655-NPNLS,Female,0,No,No,9,Yes,No,DSL,Yes,No,No,Yes,No,No,Month-to-month,Yes,Credit card (automatic),56.14,515.79,No
7614-OBBWV,Female,0,Yes,Yes,1,Yes,No,Fiber optic,No,Yes,No,Yes,No,Yes,Month-to-month,Yes,Credit card (automatic),82.82,93.6,No
5146-YZVZZ,Female,0,No,No,12,Yes,No,Fiber optic,No,No,Yes,No,No,No,Month-to-month,Yes,Bank transfer (automatic),84.5,1017.25,Yes
8509-QTJFO,Male,0,Yes,No,4,Yes,No,DSL,Yes,No,No,No,No,No,Two year,Yes,Electronic check,57.78,232.98,No
3491-EAHUL,Male,0,No,No,12,No,No phone service,DSL,No,Yes,No,Yes,Yes,Yes,Month-to-month,No,Mailed check,80.18,963.91,Yes
1004-GDFMT,Female,0,No,No,12,Yes,No,DSL,No,No,No,Yes,No,Yes,Two year,Yes,Electronic check,65.64,800.53,No
5142-CWHTP,Female,1,Yes,No,7,Yes,No,DSL,Yes,No,No,No,Yes,No,Month-to-month,Yes,Electronic check,62.89,434.48,No
5465-JSQXS,Male,0,Yes,Yes,25,Yes,No,Fiber optic,No,No,Yes,Yes,No,No,One year,Yes,Credit card (automatic),79.17,1971.4,No
6177-WZEZU,Female,0,No,No,13,Yes,No,Fiber optic,No,Yes,No,No,Yes,Yes,Two year,No,Electronic check,97.6,1261.09,No
6949-WILUA,Female,0,No,No,53,Yes,No,No,No internet service,No internet service,No internet service,No internet service,No internet service,No internet service,Two year,Yes,Mailed check,26.46,1403.48,No
2081-ZAOBV,Male,0,No,No,1,Yes,Yes,No,No internet service,No internet service,No internet service,No internet service,No internet service,No internet service,One year,Yes,Credit card (automatic),20.98,15.42,Yes
1559-YHMUA,Female,0,Yes,No,12,Yes,Yes,Fiber optic,No,No,No,No,No,No,Two year,No,Credit card (automatic),77.44,927.32,No
4343-GEVWC,Male,0,Yes,Yes,35,No,No phone service,DSL,No,Yes,No,No,No,Yes,Two year,Yes,Electronic check,54.92,1923.08,No
4147-ZPSEV,Male,0,Yes,No,16,Yes,No,DSL,No,Yes,Yes,No,No,Yes,Month-to-month,No,Electronic check,68.37,1109.69,No
3744-NEOQN,Female,0,Yes,No,72,No,No phone service,Fiber optic,No,No,No,Yes,Yes,Yes,One year,No,Mailed check,97.28,6989.18,Yes
7617-PUGDA,Female,0,Yes,No,4,Yes,No,Fiber optic,Yes,Yes,No,No,No,Yes,One year,Yes,Mailed check,87.86,341.25,Yes
8421-EWZJV,Female,1,No,No,9,No,No phone service,DSL,Yes,No,No,No,Yes,Yes,Month-to-month,No,Electronic check,64.67,590.82,No
3849-TJZSZ,Male,0,Yes,No,2,Yes,No,Fiber optic,Yes,No,Yes,Yes,No,No,Month-to-month,No,Electronic check,97.54,213.81,No
5611-PXPWB,Male,0,No,No,6,No,No phone service,DSL,Yes,No,Yes,Yes,Yes,Yes,Month-to-month,Yes,Mailed check,65.11,397.61,Yes
7303-TXLRC,Male,0,Yes,Yes,26,Yes,No,Fiber optic,Yes,Yes,No,Yes,No,No,Month-to-month,No,Electronic check,83.54,2162.6,No
3427-AASKE,Female,0,No,No,16,Yes,No,No,No internet service,No internet service,No internet service,No internet service,No internet service,No internet service,Two year,No,Electronic check,27.05,439.01,No
6387-CAAHJ,Male,0,No,Yes,4,Yes,Yes,DSL,No,No,No,No,Yes,No,One year,No,Mailed check,58.1,238.34,No
2066-LMLNB,Male,0,No,No,15,Yes,Yes,No,No internet service,No internet service,No internet service,No internet service,No internet service,No internet service,Two year,Yes,Electronic check,22.27,342.71,No
9945-CWQZH,Male,0,Yes,No,45,Yes,No,DSL,Yes,No,Yes,No,Yes,No,Two year,No,Credit card (automatic),70.08,3158.39,No
7748-ZJZBS,Female,0,Yes,No,13,Yes,No,Fiber optic,Yes,No,No,No,No,No,Month-to-month,No,Bank transfer (automatic),88.62,1159.71,Yes
9808-GDZUR,Male,0,No,Yes,0,Yes,No,Fiber optic,No,Yes,Yes,Yes,Yes,No,Two year,No,Mailed check,97.1, ,No
1412-XDYUY,Female,0,No,Yes,1,Yes,Yes,DSL,No,No,No,No,Yes,Yes,One year,Yes,Electronic check,67.81,72.69,No
9867-JEIXC,Female,0,Yes,No,13,Yes,Yes,Fiber optic,No,Yes,Yes,No,No,No,Month-to-month,Yes,Bank transfer (automatic),81.54,1069.28,No
2122-PDRQG,Male,0,No,No,21,Yes,Yes,Fiber optic,No,No,Yes,No,Yes,No,Month-to-month,Yes,Electronic check,88.2,1850.31,Yes
3143-XWELQ,Male,0,No,No,52,Yes,No,No,No internet service,No internet service,No internet service,No internet service,No internet service,No internet service,Month-to-month,Yes,Credit card (automatic),24.69,1279.52,No
4766-MWYCI,Male,0,No,Yes,72,Yes,Yes,DSL,No,No,No,Yes,No,No,Month-to-month,Yes,Credit card (automatic),63.37,4547.28,No
6917-QQTPY,Female,0,No,No,72,Yes,Yes,Fiber optic,No,No,Yes,No,No,No,Month-to-month,No,Mailed check,78.56,5663.75,No
2365-MSQDL,Female,0,Yes,Yes,19,Yes,No,No,No internet service,No internet service,No internet service,No internet service,No internet service,No internet service,Month-to-month,No,Bank transfer (automatic),19.23,340.21,No
8400-SLIGN,Female,0,No,No,0,Yes,Yes,No,No internet service,No internet service,No internet service,No internet service,No internet service,No internet service,Two year,Yes,Electronic check,24.04, ,No
3782-TSZOP,Female,0,Yes,No,5,Yes,Yes,Fiber optic,No,Yes,No,Yes,No,No,Month-to-month,Yes,Mailed check,84.29,409.33,No
5980-ECLYT,Male,1,No,Yes,13,Yes,Yes,DSL,Yes,Yes,No,Yes,No,Yes,Two year,Yes,Credit card (automatic),68.69,881.14,No
6588-DUWPY,Male,0,Yes,No,50,Yes,No,Fiber optic,No,Yes,Yes,No,No,No,Two year,Yes,Electronic check,85.62,4274.2,No
2062-MUJZG,Female,1,No,No,0,Yes,No,Fiber optic,No,No,No,Yes,Yes,Yes,One year,Yes,Electronic check,94.48, ,No
7541-ZECWK,Female,0,Yes,No,17,Yes,Yes,DSL,Yes,Yes,Yes,No,Yes,No,Month-to-month,Yes,Bank transfer (automatic),81.28,1387.08,Yes
9010-ROLIJ,Female,0,No,No,25,Yes,No,Fiber optic,No,Yes,Yes,Yes,No,Yes,Two year,Yes,Mailed check,107.27,2683.74,No
1953-LQFGN,Female,0,No,No,8,Yes,No,Fiber optic,No,No,No,No,No,Yes,One year,No,Bank transfer (automatic),87.46,700.61,No
2191-JIRZB,Female,0,Yes,No,9,Yes,Yes,Fiber optic,No,Yes,Yes,No,No,No,Two year,No,Credit card (automatic),85.73,769.37,No
2540-EFSHP,Female,0,Yes,No,11,Yes,No,DSL,No,Yes,Yes,Yes,Yes,Yes,Month-to-month,No,Electronic check,81.71,884.31,No
2365-TQGYM,Female,0,No,No,7,Yes,No,DSL,No,No,No,Yes,Yes,Yes,One year,Yes,Mailed check,68.87,483.64,No
4141-SLVGJ,Female,0,Yes,Yes,13,Yes,No,No,No internet service,No internet service,No internet service,No internet service,No internet service,No internet service,Month-to-month,No,Mailed check,28.32,367.61,No
6977-SGCMM,Male,0,No,No,4,Yes,Yes,Fiber optic,No,Yes,No,No,No,Yes,One year,No,Bank transfer (automatic),87.74,343.69,Yes
5849-ZTHIG,Male,0,No,No,5,Yes,Yes,DSL,Yes,No,No,No,Yes,Yes,One year,Yes,Credit card (automatic),66.67,347.88,No
4072-CMYQY,Female,0,Yes,Yes,0,Yes,Yes,No,No internet service,No internet service,No internet service,No internet service,No internet service,No internet service,One year,No,Mailed check,20.48, ,No
1823-AFUFZ,Male,0,No,No,12,Yes,No,DSL,No,Yes,Yes,No,Yes,No,One year,Yes,Electronic check,66.05,785.66,No
4627-MMOUP,Male,0,No,No,29,Yes,No,No,No internet service,No internet service,No internet service,No internet service,No internet service,No internet service,Month-to-month,Yes,Credit card (automatic),32.45,952.8,No
6348-DCSTY,Male,1,Yes,Yes,16,Yes,Yes,No,No internet service,No internet service,No internet service,No internet service,No internet service,No internet service,Month-to-month,No,Credit card (automatic),18.25,306.01,No
7190-IQNOA,Female,0,Yes,No,18,Yes,Yes,Fiber optic,No,Yes,Yes,No,No,No,Two year,No,Mailed check,79.98,1436.29,No
9053-CPWYK,Female,0,No,No,14,Yes,No,DSL,No,Yes,No,No,No,No,Month-to-month,No,Bank transfer (automatic),54.19,763.97,No
2353-PHFLX,Female,0,Yes,Yes,21,Yes,No,No,No internet service,No internet service,No internet service,No internet service,No internet service,No internet service,Two year,Yes,Electronic check,24.19,509.99,No
1667-UHZDZ,Male,0,Yes,No,6,Yes,No,No,No internet service,No internet service,No internet service,No internet service,No internet service,No internet service,Month-to-month,Yes,Electronic check,28.55,154.74,Yes
4719-ZREID,Female,0,No,No,5,Yes,No,No,No internet service,No internet service,No internet service,No internet service,No internet service,No internet service,Month-to-month,No,Mailed check,20.53,100.56,Yes
4775-VQIAU,Male,0,No,Yes,68,Yes,No,DSL,Yes,No,No,No,No,No,One year,Yes,Mailed check,59.35,4043.89,No
8891-MPMNC,Female,0,No,Yes,14,Yes,Yes,Fiber optic,No,Yes,No,No,No,Yes,One year,No,Electronic check,89.09,1248.66,No
4324-FRSEO,Female,0,No,No,42,Yes,Yes,No,No internet service,No internet service,No internet service,No internet service,No internet service,No internet service,Month-to-month,No,Electronic check,33.24,1405.26,No
1009-XRMEW,Male,0,Yes,No,59,Yes,No,Fiber optic,No,No,No,No,Yes,No,Month-to-month,Yes,Bank transfer (automatic),84.73,5001.75,No
2015-AVARO,Female,0,No,No,22,Yes,No,Fiber optic,Yes,No,Yes,Yes,Yes,No,Month-to-month,Yes,Bank transfer (automatic),102.67,2255.46,No
8449-YVQMA,Male,0,No,Yes,8,Yes,Yes,Fiber optic,Yes,Yes,No,No,Yes,Yes,Month-to-month,Yes,Electronic check,98.45,801.96,No
2633-ICAUP,Female,0,No,Yes,27,Yes,No,Fiber optic,No,No,No,No,No,Yes,Month-to-month,Yes,Mailed check,83.94,2262.34,Yes
3000-EEFCU,Female,1,No,No,13,Yes,No,No,No internet service,No internet service,No internet service,No internet service,No internet service,No internet service,One year,Yes,Mailed check,24.32,315.13,No
8190-EUEJJ,Female,0,Yes,Yes,72,Yes,No,Fiber optic,Yes,Yes,No,Yes,Yes,Yes,Month-to-month,Yes,Mailed check,106.11,7653.8,No
5178-QUNIN,Male,1,Yes,Yes,40,Yes,No,No,No internet service,No internet service,No internet service,No internet service,No internet service,No internet service,Two year,No,Credit card (automatic),18.25,754.18,No
3048-SMMDA,Female,0,No,No,40,Yes,Yes,Fiber optic,No,Yes,No,No,Yes,Yes,Month-to-month,No,Mailed check,90.72,3637.34,No
5976-HBHGZ,Male,0,No,No,21,Yes,Yes,DSL,No,No,No,No,No,No,Two year,Yes,Mailed check,58.25,1222.11,No
1249-BVVCR,Male,0,Yes,No,0,Yes,Yes,DSL,No,No,No,Yes,No,No,Month-to-month,Yes,Electronic check,55.42, ,Yes
5363-AVLEY,Male,0,Yes,No,42,Yes,No,Fiber optic,Yes,No,No,Yes,No,No,Two year,No,Electronic check,77.05,3225.52,No
7544-POWOE,Female,0,No,Yes,0,Yes,Yes,No,No internet service,No internet service,No internet service,No internet service,No internet service,No internet service,Two year,Yes,Credit card (automatic),25.53, ,No
7996-NBKSG,Female,0,Yes,No,3,Yes,No,No,No internet service,No internet service,No internet service,No internet service,No internet service,No internet service,One year,Yes,Credit card (automatic),26.46,90.23,Yes
7881-FRBRO,Female,0,No,No,43,Yes,No,No,No internet service,No internet service,No internet service,No internet service,No internet service,No internet service,One year,Yes,Electronic check,37.19,1594.13,Yes
8002-SBTYF,Female,0,Yes,No,5,Yes,Yes,Fiber optic,No,No,No,Yes,No,Yes,Two year,Yes,Credit card (automatic),97.06,481.1,No
8648-XOWJS,Female,0,Yes,No,44,Yes,Yes,DSL,Yes,Yes,No,No,Yes,No,Month-to-month,No,Mailed check,64.68,2836.31,Yes
3180-DJXQJ,Male,1,Yes,No,6,Yes,No,Fiber optic,Yes,Yes,No,No,No,No,Month-to-month,Yes,Mailed check,81.27,479.03,No
3832-TXEBF,Male,0,Yes,No,35,Yes,No,No,No internet service,No internet service,No internet service,No internet service,No internet service,No internet service,One year,Yes,Electronic check,24.63,858.57,No
6569-MKKPK,Male,1,No,No,18,Yes,No,DSL,No,No,Yes,No,Yes,No,Month-to-month,Yes,Bank transfer (automatic),66.74,1201.97,No
2906-OYWWP,Male,0,Yes,Yes,26,Yes,No,Fiber optic,No,No,No,No,Yes,No,One year,No,Credit card (automatic),91.66,2399.66,No
7238-KVPHD,Male,0,No,Yes,43,Yes,Yes,No,No internet service,No internet service,No internet service,No internet service,No internet service,No internet service,One year,Yes,Electronic check,21.13,902.58,No
9472-CCRZS,Male,0,Yes,No,72,Yes,No,DSL,No,No,No,Yes,Yes,Yes,One year,Yes,Electronic check,71.42,5158.23,No
8570-UERJV,Female,0,Yes,No,2,Yes,No,No,No internet service,No internet service,No internet service,No internet service,No internet service,No internet service,Month-to-month,Yes,Bank transfer (automatic),23.32,49.52,No
7981-AEILZ,Male,0,No,No,27,Yes,No,No,No internet service,No internet service,No internet service,No internet service,No internet service,No internet service,Month-to-month,No,Electronic check,25.09,659.0,No
3593-QNZMI,Male,0,Yes,No,72,Yes,No,Fiber optic,No,No,Yes,No,No,Yes,Two year,Yes,Mailed check,90.58,6532.04,No
7937-YOYVO,Male,0,Yes,No,11,Yes,No,No,No internet service,No internet service,No internet service,No internet service,No internet service,No internet service,Month-to-month,Yes,Electronic check,18.49,189.29,No
7493-KPQZD,Male,0,Yes,Yes,9,No,No phone service,DSL,No,Yes,No,No,Yes,No,Month-to-month,No,Credit card (automatic),57.07,534.04,No
2276-TOOXV,Female,0,Yes,No,27,Yes,Yes,No,No internet service,No internet service,No internet service,No internet service,No internet service,No internet service,Two year,No,Mailed check,18.25,499.07,No
9717-ZWNXB,Male,0,No,Yes,12,Yes,No,DSL,Yes,No,No,No,Yes,Yes,Two year,Yes,Electronic check,72.41,883.59,No
1364-ZNXSG,Female,0,No,No,5,Yes,No,Fiber optic,No,No,Yes,No,Yes,Yes,Month-to-month,No,Electronic check,101.09,497.29,No
6122-OWNKO,Female,0,No,No,4,Yes,No,Fiber optic,No,No,No,Yes,No,Yes,Month-to-month,Yes,Electronic check,85.39,337.07,No
2531-MRZFC,Male,1,No,No,5,Yes,No,Fiber optic,Yes,Yes,No,Yes,Yes,No,One year,Yes,Mailed check,96.02,480.94,No
2906-OYWEJ,Male,0,Yes,No,29,Yes,No,Fiber optic,No,No,No,No,Yes,Yes,Two year,No,Electronic check,90.88,2634.44,No
2062-YQGVZ,Female,0,Yes,Yes,60,Yes,Yes,Fiber optic,Yes,No,Yes,Yes,Yes,No,Two year,No,Mailed check,100.25,6012.17,No
1125-LYQMT,Male,0,No,Yes,39,Yes,Yes,DSL,No,No,Yes,No,No,Yes,Two year,Yes,Credit card (automatic),68.09,2636.26,No
7168-DJCIM,Male,0,No,No,14,Yes,Yes,No,No internet service,No internet service,No internet service,No internet service,No internet service,No internet service,Month-to-month,Yes,Bank transfer (automatic),32.06,455.74,Yes
7371-OVBOH,Male,0,No,No,18,Yes,Yes,Fiber optic,No,No,Yes,No,No,No,Month-to-month,Yes,Bank transfer (automatic),71.02,1281.81,Yes
7891-SJIEF,Female,0,Yes,No,23,Yes,Yes,Fiber optic,No,No,Yes,Yes,Yes,No,Month-to-month,Yes,Bank transfer (automatic),91.68,2124.3,Yes
3739-ZBXMF,Male,0,Yes,No,20,Yes,Yes,Fiber optic,Yes,Yes,No,Yes,Yes,No,One year,Yes,Bank transfer (automatic),93.47,1860.75,No
4812-YAUVU,Female,0,No,No,72,Yes,No,Fiber optic,No,Yes,No,Yes,Yes,No,Month-to-month,No,Electronic check,90.99,6549.18,No
2733-FWPDK,Female,1,Yes,No,52,Yes,No,Fiber optic,No,No,No,Yes,No,Yes,Month-to-month,Yes,Bank transfer (automatic),92.29,4802.36,Yes
4517-XWIWC,Female,0,No,No,1,Yes,No,DSL,No,Yes,No,No,Yes,No,Month-to-month,Yes,Credit card (automatic),64.59,63.05,No
9434-HEDXF,Male,0,Yes,No,43,Yes,Yes,No,No internet service,No internet service,No internet service,No internet service,No internet service,No internet service,Month-to-month,No,Credit card (automatic),23.33,997.52,No
8489-TKDOF,Female,0,No,No,2,Yes,No,No,No internet service,No internet service,No internet service,No internet service,No internet service,No internet service,Month-to-month,Yes,Mailed check,31.31,60.25,No
1117-QXFSY,Male,0,No,No,28,Yes,No,DSL,Yes,No,No,No,Yes,Yes,Month-to-month,Yes,Electronic check,71.52,2011.04,Yes
5289-OKHZS,Female,1,No,No,8,Yes,No,Fiber optic,No,No,No,No,No,No,One year,Yes,Mailed check,70.01,566.55,No
7316-LEFZV,Male,0,No,Yes,35,No,No phone service,Fiber optic,No,Yes,No,No,Yes,Yes,One year,Yes,Mailed check,93.56,3285.04,No
9915-ATQLO,Male,0,No,No,0,Yes,Yes,DSL,Yes,Yes,Yes,No,Yes,No,One year,Yes,Mailed check,72.87, ,No
3048-ZNFEK,Female,1,No,No,11,Yes,No,Fiber optic,Yes,No,No,No,Yes,Yes,Two year,Yes,Mailed check,105.07,1158.94,Yes
7988-KCAFR,Female,0,No,No,0,Yes,No,Fiber optic,Yes,No,No,No,No,No,One year,Yes,Electronic check,79.35, ,Yes
1009-EWJLB,Female,0,Yes,Yes,72,Yes,Yes,DSL,No,No,No,No,No,Yes,Month-to-month,Yes,Electronic check,63.12,4555.32,No
3060-HBTAE,Male,0,Yes,No,0,Yes,Yes,DSL,No,No,Yes,No,Yes,Yes,Month-to-month,Yes,Electronic check,65.86, ,No
3832-IKOXF,Male,0,No,Yes,4,Yes,Yes,Fiber optic,No,No,No,Yes,No,No,Two year,No,Credit card (automatic),73.51,294.48,No
4490-QELRN,Male,0,No,No,18,Yes,Yes,Fiber optic,No,Yes,Yes,No,Yes,No,Month-to-month,Yes,Mailed check,87.38,1560.84,No
2908-XKIBL,Female,1,No,Yes,24,No,No phone service,No,No internet service,No internet service,No internet service,No internet service,No internet service,No internet service,One year,No,Electronic check,18.25,430.51,No
9162-CAHVH,Male,0,No,No,31,Yes,Yes,No,No internet service,No internet service,No internet service,No internet service,No internet service,No internet service,Two year,No,Mailed check,27.64,843.28,No
7413-CUEES,Male,1,No,No,6,Yes,No,DSL,No,No,No,No,No,Yes,Two year,Yes,Bank transfer (automatic),64.47,382.98,No
8546-NZDYM,Male,0,Yes,No,8,No,No phone service,No,No internet service,No internet service,No internet service,No internet service,No internet service,No internet service,Month-to-month,Yes,Bank transfer (automatic),25.9,212.65,Yes
2065-YRHHG,Female,0,No,No,6,Yes,Yes,Fiber optic,No,No,No,No,No,No,Month-to-month,No,Credit card (automatic),77.33,460.05,No
7943-SFAWO,Female,0,No,No,6,No,No phone service,Fiber optic,No,Yes,Yes,No,No,No,Month-to-month,Yes,Electronic check,77.43,448.89,Yes
3712-QAOWB,Male,0,No,Yes,36,Yes,Yes,DSL,No,Yes,No,No,No,Yes,Two year,Yes,Credit card (automatic),68.75,2481.84,No
2997-UHHSG,Female,0,Yes,No,70,Yes,No,No,No internet service,No internet service,No internet service,No internet service,No internet service,No internet service,Two year,No,Credit card (automatic),27.18,1889.16,No
2970-FFCGS,Female,0,Yes,Yes,21,Yes,Yes,No,No internet service,No internet service,No internet service,No internet service,No internet service,No internet service,Month-to-month,Yes,Mailed check,26.72,576.51,No
9135-JTOOA,Female,0,Yes,No,4,Yes,No,DSL,No,Yes,Yes,No,Yes,No,Month-to-month,No,Credit card (automatic),66.13,264.07,Yes
9669-GDFYA,Female,0,Yes,No,1,Yes,No,Fiber optic,No,Yes,No,No,No,No,Month-to-month,Yes,Electronic check,75.48,76.89,No
1950-ADVBJ,Female,1,Yes,Yes,6,Yes,Yes,Fiber optic,No,No,No,Yes,No,Yes,Month-to-month,Yes,Electronic check,85.35,524.74,No
5612-JAVFM,Female,0,Yes,No,4,Yes,No,DSL,Yes,No,No,Yes,Yes,No,One year,No,Bank transfer (automatic),76.33,322.82,No
8326-ODMXT,Female,0,No,No,20,Yes,Yes,DSL,No,No,Yes,Yes,Yes,No,Month-to-month,No,Credit card (automatic),63.56,1256.72,No
8863-OHEOD,Female,0,Yes,No,28,Yes,Yes,DSL,No,Yes,Yes,No,Yes,No,Month-to-month,Yes,Electronic check,67.18,1858.08,No
3891-MBSSD,Female,0,No,Yes,0,Yes,Yes,No,No internet service,No internet service,No internet service,No internet service,No internet service,No internet service,Month-to-month,Yes,Bank transfer (automatic),28.19, ,No
1793-KETKJ,Male,1,No,No,13,Yes,Yes,Fiber optic,No,Yes,No,No,Yes,Yes,Month-to-month,Yes,Credit card (automatic),98.71,1294.9,No
7166-OZNKL,Male,0,No,No,23,Yes,Yes,No,No internet service,No internet service,No internet service,No internet service,No internet service,No internet service,Month-to-month,No,Electronic check,30.07,689.33,No
8783-RYAOH,Female,0,Yes,No,5,Yes,Yes,No,No internet service,No internet service,No internet service,No internet service,No internet service,No internet service,One year,No,Electronic check,20.56,116.28,No
1827-KLLDP,Female,0,Yes,No,55,Yes,Yes,DSL,Yes,No,No,No,No,Yes,One year,Yes,Bank transfer (automatic),64.81,3578.2,No
4876-HJQZI,Female,0,No,Yes,19,Yes,No,Fiber optic,Yes,Yes,No,No,Yes,No,Month-to-month,No,Bank transfer (automatic),92.79,1787.15,Yes
6109-SNHIV,Female,0,No,Yes,10,Yes,No,DSL,Yes,Yes,No,No,No,No,Month-to-month,Yes,Electronic check,57.25,576.16,No
2792-NEUZN,Male,0,Yes,Yes,0,Yes,No,DSL,Yes,No,No,No,No,No,Month-to-month,Yes,Credit card (automatic),61.23, ,No
4030-YAVWS,Female,0,Yes,No,15,Yes,Yes,DSL,Yes,No,No,No,Yes,No,Two year,Yes,Mailed check,60.33,901.19,No
6031-OUOIU,Male,0,No,Yes,9,Yes,Yes,No,No internet service,No internet service,No internet service,No internet service,No internet service,No internet service,Month-to-month,Yes,Mailed check,31.12,291.47,No
9393-TYUZI,Male,0,No,No,72,Yes,Yes,Fiber optic,No,Yes,Yes,No,No,No,Month-to-month,No,Credit card (automatic),80.99,5842.31,No
8970-TYZKF,Male,0,No,Yes,11,Yes,No,No,No internet service,No internet service,No internet service,No internet service,No internet service,No internet service,Month-to-month,Yes,Mailed check,26.41,282.95,No
9577-GRBQK,Male,0,No,Yes,60,No,No phone service,DSL,No,Yes,Yes,Yes,Yes,No,Two year,No,Mailed check,64.1,3847.46,Yes
5971-SVXYG,Male,0,Yes,Yes,27,Yes,No,DSL,No,Yes,No,No,Yes,No,Month-to-month,Yes,Mailed check,62.5,1684.92,No
6299-FUXAQ,Male,1,No,No,1,Yes,No,Fiber optic,Yes,Yes,Yes,No,No,No,Month-to-month,Yes,Bank transfer (automatic),103.39,94.72,Yes
5380-KVZRU,Female,0,Yes,Yes,64,Yes,Yes,No,No internet service,No internet service,No internet service,No internet service,No internet service,No internet service,Month-to-month,Yes,Electronic check,27.79,1785.14,No
1966-QTIQT,Female,0,Yes,Yes,4,Yes,No,Fiber optic,No,No,Yes,No,No,Yes,One year,Yes,Electronic check,84.27,331.28,No
4701-VHQGA,Male,0,No,Yes,14,Yes,Yes,DSL,No,Yes,Yes,No,Yes,Yes,One year,Yes,Credit card (automatic),82.52,1152.75,No
2759-MWSXS,Female,0,Yes,No,61,Yes,Yes,Fiber optic,No,No,No,No,Yes,No,Month-to-month,Yes,Bank transfer (automatic),85.47,5202.27,No
3079-QMPHS,Male,0,Yes,No,42,Yes,Yes,No,No internet service,No internet service,No internet service,No internet service,No internet service,No internet service,Month-to-month,Yes,Electronic check,31.7,1348.62,No
3065-ANSOR,Female,0,No,No,16,No,No phone service,DSL,No,No,Yes,No,Yes,No,Month-to-month,No,Mailed check,50.81,818.05,No
7645-QRFSD,Male,0,Yes,Yes,5,Yes,No,DSL,No,No,No,Yes,Yes,No,Two year,Yes,Electronic check,64.75,326.24,No
7016-HWGCJ,Male,0,Yes,Yes,17,No,No phone service,DSL,No,No,Yes,No,No,No,Month-to-month,Yes,Credit card (automatic),55.35,938.21,No
2481-SNBAW,Female,0,Yes,No,19,Yes,No,No,No internet service,No internet service,No internet service,No internet service,No internet service,No internet service,One year,No,Electronic check,22.62,426.81,No
1054-RGHAY,Male,0,No,No,72,Yes,Yes,No,No internet service,No internet service,No internet service,No internet service,No internet service,No internet service,Two year,Yes,Electronic check,24.22,1757.13,No
6954-XWHVY,Female,0,Yes,No,41,Yes,No,Fiber optic,Yes,No,No,Yes,No,No,Month-to-month,Yes,Bank transfer (automatic),88.39,3603.15,No
4310-ECSAO,Male,0,No,Yes,47,Yes,Yes,DSL,No,No,No,No,Yes,No,Month-to-month,Yes,Credit card (automatic),55.14,2601.15,No
8970-XNXNK,Female,0,No,No,72,Yes,No,No,No internet service,No internet service,No internet service,No internet service,No internet service,No internet service,Month-to-month,Yes,Mailed check,20.96,1504.29,No
5547-TEVUN,Female,0,No,Yes,17,Yes,No,DSL,No,No,No,Yes,No,Yes,Two year,No,Credit card (automatic),69.36,1179.28,No
1822-PRGJG,Female,0,Yes,No,21,Yes,No,No,No internet service,No internet service,No internet service,No internet service,No internet service,No internet service,Month-to-month,Yes,Mailed check,28.25,609.3,No
3198-USPSD,Female,0,No,Yes,14,Yes,No,DSL,No,No,No,Yes,Yes,No,Month-to-month,Yes,Bank transfer (automatic),68.54,979.76,Yes
2308-RBAOE,Female,1,No,Yes,3,Yes,No,DSL,No,No,No,No,No,Yes,Month-to-month,Yes,Mailed check,57.29,183.81,No
7035-KJBCW,Male,0,No,No,17,No,No phone service,Fiber optic,No,Yes,Yes,No,Yes,Yes,Month-to-month,Yes,Bank transfer (automatic),86.44,1464.53,Yes
5491-TEEFI,Male,0,Yes,Yes,20,No,No phone service,DSL,No,No,No,No,Yes,No,Two year,No,Electronic check,60.31,1199.23,No
8083-CTZVL,Female,0,Yes,Yes,6,Yes,No,DSL,No,Yes,Yes,No,Yes,Yes,One year,No,Mailed check,87.98,550.91,No
3679-NWQRS,Male,1,Yes,Yes,36,Yes,Yes,DSL,Yes,No,Yes,No,No,No,Month-to-month,Yes,Credit card (automatic),57.45,2054.49,No
3573-IHBMY,Male,1,No,No,3,Yes,No,Fiber optic,No,No,No,No,No,No,Two year,No,Bank transfer (automatic),79.53,230.08,No
8368-VVKND,Female,1,Yes,No,16,Yes,No,No,No internet service,No internet service,No internet service,No internet service,No internet service,No internet service,Two year,No,Electronic check,25.96,419.1,No
7809-ZMBWE,Female,1,Yes,No,26,Yes,No,Fiber optic,No,No,Yes,No,No,Yes,Two year,No,Electronic check,93.88,2454.1,No
1074-FRUJD,Male,0,Yes,No,1,Yes,Yes,Fiber optic,No,No,No,No,No,Yes,Two year,No,Bank transfer (automatic),74.65,69.87,Yes
9232-FBQEY,Female,0,Yes,No,39,No,No phone service,Fiber optic,Yes,Yes,Yes,No,Yes,Yes,Two year,Yes,Electronic check,100.19,3902.03,No
8141-ZLWUJ,Female,0,Yes,No,8,Yes,Yes,Fiber optic,Yes,No,No,No,Yes,Yes,One year,No,Electronic check,98.55,779.28,No
1341-UYFHB,Female,0,Yes,No,30,Yes,Yes,Fiber optic,No,No,No,No,No,Yes,Month-to-month,Yes,Bank transfer (automatic),79.08,2375.13,No
7136-UGJMQ,Male,0,No,No,2,Yes,No,DSL,Yes,No,No,No,Yes,Yes,Month-to-month,No,Bank transfer (automatic),70.98,138.46,No
3969-UZNBV,Female,0,No,Yes,23,Yes,No,Fiber optic,Yes,Yes,No,No,No,No,Month-to-month,No,Bank transfer (automatic),85.55,1955.72,No
2386-ASUDS,Male,0,No,No,19,Yes,No,Fiber optic,No,Yes,No,No,No,No,Month-to-month,Yes,Electronic check,78.85,1511.76,Yes
5124-UKHKD,Female,0,Yes,Yes,3,Yes,No,Fiber optic,No,Yes,No,No,No,Yes,One year,No,Mailed check,88.89,279.99,Yes
9378-GHCVB,Male,0,Yes,Yes,23,Yes,No,Fiber optic,No,No,No,No,No,Yes,Two year,Yes,Mailed check,84.36,1951.84,No
5150-OXVVE,Female,0,Yes,Yes,28,Yes,No,Fiber optic,No,No,Yes,Yes,Yes,No,One year,Yes,Bank transfer (automatic),97.02,2707.52,No
8479-AZDOT,Female,1,Yes,No,16,Yes,No,Fiber optic,Yes,No,Yes,Yes,Yes,No,Two year,Yes,Credit card (automatic),98.74,1593.83,No
2762-TKQMK,Female,0,No,No,20,Yes,No,DSL,No,No,No,Yes,No,No,Month-to-month,No,Electronic check,52.25,1041.42,No
1481-IZBUI,Male,0,Yes,No,52,Yes,No,DSL,Yes,No,Yes,Yes,No,No,Two year,Yes,Credit card (automatic),66.51,3458.57,No
3343-QAYKH,Male,0,No,No,28,No,No phone service,Fiber optic,No,Yes,Yes,No,Yes,No,Two year,No,Bank transfer (automatic),85.32,2390.75,No
7185-YGCCR,Male,1,Yes,No,56,No,No phone service,Fiber optic,No,Yes,No,No,Yes,No,Two year,Yes,Mailed check,80.87,4536.56,No
2252-LLSFB,Male,0,No,No,19,Yes,Yes,DSL,Yes,No,No,Yes,Yes,No,One year,Yes,Bank transfer (automatic),62.49,1188.2,No
7667-SELQQ,Female,0,No,No,4,Yes,Yes,DSL,No,No,Yes,Yes,Yes,Yes,Two year,Yes,Bank transfer (automatic),71.65,288.36,No
1329-YWQOL,Female,0,No,No,6,Yes,No,Fiber optic,Yes,No,Yes,No,Yes,No,Two year,No,Electronic check,88.8,526.03,No
2341-PXSHU,Male,0,Yes,Yes,4,Yes,No,DSL,No,No,Yes,No,Yes,Yes,Two year,Yes,Electronic check,64.71,259.41,Yes
2750-EVPFH,Male,0,Yes,No,9,Yes,No,DSL,No,No,Yes,Yes,No,Yes,Month-to-month,Yes,Electronic check,74.85,666.64,Yes
7609-YLOZI,Male,0,No,Yes,15,No,No phone service,DSL,No,No,Yes,No,No,No,Two year,No,Credit card (automatic),48.33,722.29,No
9044-ZOJPG,Male,0,Yes,No,7,Yes,No,No,No internet service,No internet service,No internet service,No internet service,No internet service,No internet service,Month-to-month,Yes,Credit card (automatic),34.47,257.83,No
9592-WZUVZ,Male,0,No,No,15,Yes,No,Fiber optic,No,No,Yes,Yes,Yes,Yes,Month-to-month,Yes,Electronic check,100.79,1514.39,Yes
1390-NOUGI,Male,0,Yes,Yes,10,Yes,Yes,Fiber optic,No,Yes,No,No,No,Yes,Month-to-month,Yes,Bank transfer (automatic),87.26,879.31,No
9007-RWRTG,Female,1,Yes,Yes,19,Yes,Yes,Fiber optic,Yes,No,Yes,Yes,Yes,No,Month-to-month,Yes,Credit card (automatic),93.02,1769.74,Yes
4042-RJGQN,Male,0,Yes,No,13,Yes,Yes,Fiber optic,No,Yes,Yes,No,Yes,No,One year,Yes,Credit card (automatic),91.73,1208.34,No
4223-CLMBC,Male,0,No,No,13,No,No phone service,DSL,Yes,No,Yes,No,No,No,One year,Yes,Mailed check,54.06,680.3,No
3983-ZWWLG,Male,0,No,No,16,Yes,Yes,No,No internet service,No internet service,No internet service,No internet service,No internet service,No internet service,Two year,No,Bank transfer (automatic),28.6,458.63,Yes
8694-XQDVY,Female,0,Yes,Yes,72,Yes,Yes,DSL,Yes,No,No,No,Yes,No,One year,No,Mailed check,59.67,4299.93,No
8564-RAPMJ,Male,0,No,No,19,Yes,No,Fiber optic,No,No,Yes,Yes,Yes,No,Two year,No,Electronic check,85.68,1632.65,No
9502-CJBWM,Female,0,Yes,No,30,Yes,No,DSL,No,No,No,No,Yes,Yes,One year,Yes,Mailed check,68.02,2036.33,No
4810-GNTQU,Female,1,No,No,12,Yes,No,Fiber optic,No,Yes,No,No,Yes,No,One year,Yes,Electronic check,84.36,1007.87,Yes
1271-XLOYJ,Male,0,Yes,Yes,9,Yes,No,DSL,No,Yes,No,No,Yes,Yes,Month-to-month,Yes,Mailed check,67.12,610.63,No
8069-YGTEA,Female,1,Yes,No,59,No,No phone service,No,No internet service,No internet service,No internet service,No internet service,No internet service,No internet service,Two year,Yes,Electronic check,22.76,1373.0,No
4760-CMNXR,Male,0,Yes,No,32,Yes,No,No,No internet service,No internet service,No internet service,No internet service,No internet service,No internet service,One year,Yes,Bank transfer (automatic),31.09,989.67,No
7467-REYPA,Female,1,No,No,20,Yes,No,No,No internet service,No internet service,No internet service,No internet service,No internet service,No internet service,One year,Yes,Credit card (automatic),21.51,441.6,No
9173-OIOQY,Male,0,No,Yes,9,Yes,No,DSL,Yes,No,No,Yes,Yes,No,Two year,Yes,Bank transfer (automatic),60.96,537.92,Yes
8511-DLZEE,Male,0,Yes,No,7,Yes,No,DSL,No,No,No,No,No,Yes,Month-to-month,Yes,Mailed check,51.43,333.69,Yes
5805-GXNXK,Female,0,No,No,6,Yes,No,No,No internet service,No internet service,No internet service,No internet service,No internet service,No internet service,Month-to-month,Yes,Mailed check,20.36,113.17,No
2868-BYGTD,Male,0,No,Yes,16,Yes,Yes,Fiber optic,Yes,Yes,No,No,Yes,Yes,Month-to-month,Yes,Mailed check,99.27,1591.3,Yes
6690-HTVUS,Male,0,Yes,No,49,Yes,No,No,No internet service,No internet service,No internet service,No internet service,No internet service,No internet service,Two year,No,Bank transfer (automatic),32.34,1591.9,No
4564-NJKBY,Female,0,Yes,No,51,Yes,No,Fiber optic,Yes,No,Yes,No,Yes,Yes,One year,No,Electronic check,104.25,5306.43,No
3265-IQZCX,Female,0,No,Yes,32,Yes,Yes,Fiber optic,No,No,Yes,Yes,No,Yes,Month-to-month,No,Credit card (automatic),85.91,2749.39,No
4845-EEVOW,Male,0,No,Yes,18,Yes,No,Fiber optic,No,Yes,Yes,No,No,Yes,Month-to-month,No,Electronic check,101.55,1821.0,Yes
3736-ICTZQ,Female,0,Yes,Yes,6,Yes,Yes,Fiber optic,No,Yes,Yes,Yes,No,Yes,One year,No,Credit card (automatic),105.54,620.12,No
8657-CRRQX,Male,1,No,No,15,Yes,No,No,No internet service,No internet service,No internet service,No internet service,No internet service,No internet service,Two year,Yes,Mailed check,28.83,418.89,No
9194-CFMXO,Female,0,No,Yes,28,No,No phone service,DSL,No,Yes,No,No,No,No,Month-to-month,Yes,Mailed check,50.64,1425.74,No
5675-NEBKI,Female,0,No,Yes,21,No,No phone service,No,No internet service,No internet service,No internet service,No internet service,No internet service,No internet service,Month-to-month,No,Electronic check,24.57,501.22,Yes
8490-ICYBL,Female,0,No,Yes,17,Yes,Yes,Fiber optic,No,No,No,Yes,No,Yes,Two year,No,Bank transfer (automatic),87.12,1489.75,No
1954-BXOFH,Male,1,Yes,No,13,Yes,No,DSL,No,No,No,No,Yes,Yes,Month-to-month,Yes,Electronic check,71.36,940.16,No
6370-EPZRF,Male,0,No,Yes,33,Yes,No,Fiber optic,No,No,No,No,No,No,Month-to-month,Yes,Credit card (automatic),78.07,2558.63,No
9228-PMEMQ,Male,0,Yes,No,44,Yes,No,Fiber optic,No,No,No,No,Yes,No,Two year,Yes,Electronic check,86.85,3830.33,No
6233-HMSZC,Male,0,No,Yes,30,Yes,No,DSL,Yes,No,Yes,No,No,No,Two year,Yes,Electronic check,58.41,1747.42,No
2591-HBHMM,Male,0,Yes,No,66,Yes,Yes,Fiber optic,Yes,Yes,Yes,No,Yes,Yes,Two year,No,Electronic check,113.72,7498.94,No
2312-FXSPH,Female,0,No,No,36,Yes,No,DSL,Yes,No,No,Yes,Yes,Yes,Two year,Yes,Mailed check,72.27,2599.97,No
3139-APIMK,Male,0,Yes,Yes,14,Yes,Yes,Fiber optic,No,No,Yes,No,Yes,Yes,Month-to-month,No,Mailed check,105.87,1480.5,No
3604-YUJDF,Female,0,Yes,Yes,23,No,No phone service,DSL,Yes,Yes,No,No,No,No,Month-to-month,No,Electronic check,48.39,1112.47,Yes
5795-GEKMZ,Female,0,Yes,Yes,16,No,No phone service,No,No internet service,No internet service,No internet service,No internet service,No internet service,No internet service,Two year,Yes,Bank transfer (automatic),24.58,381.07,No
3808-SWJJK,Female,0,No,No,18,Yes,No,DSL,No,No,No,No,No,Yes,One year,Yes,Mailed check,54.57,988.94,No
4741-GRDBN,Male,0,No,No,54,No,No phone service,DSL,Yes,No,No,No,No,No,One year,Yes,Mailed check,43.33,2353.13,No
9780-LGBMN,Female,1,No,Yes,8,Yes,No,Fiber optic,No,Yes,No,No,No,Yes,Two year,Yes,Electronic check,88.84,710.58,Yes
2136-IQHBX,Male,0,No,No,0,Yes,No,Fiber optic,No,No,Yes,No,No,No,One year,Yes,Electronic check,87.1, ,Yes
2007-FSGJI,Male,0,Yes,Yes,28,Yes,No,No,No internet service,No internet service,No internet service,No internet service,No internet service,No internet service,One year,Yes,Electronic check,38.0,1062.05,No
2435-OEVDT,Male,1,Yes,No,4,Yes,Yes,DSL,No,No,Yes,No,Yes,No,Month-to-month,Yes,Electronic check,62.23,247.1,Yes
2887-DRDQL,Male,0,Yes,Yes,4,No,No phone service,Fiber optic,Yes,Yes,Yes,No,Yes,Yes,Month-to-month,No,Credit card (automatic),100.21,401.46,Yes
9073-VAVZX,Female,0,No,Yes,72,Yes,Yes,Fiber optic,No,No,Yes,Yes,Yes,Yes,One year,No,Bank transfer (automatic),106.4,7658.01,No
7353-RNOLD,Male,0,No,Yes,7,Yes,Yes,Fiber optic,Yes,Yes,No,No,Yes,No,Two year,Yes,Bank transfer (automatic),93.68,676.82,No
9954-CTLGK,Female,0,No,No,5,No,No phone service,DSL,No,No,No,No,Yes,No,Month-to-month,Yes,Electronic check,58.81,297.46,Yes
8813-OOSKZ,Female,1,Yes,Yes,5,Yes,Yes,No,No internet service,No internet service,No internet service,No internet service,No internet service,No internet service,Month-to-month,Yes,Mailed check,28.1,144.51,No
4356-DQCMI,Male,0,No,No,12,Yes,Yes,DSL,No,No,Yes,No,No,No,Month-to-month,Yes,Mailed check,50.42,597.41,No
1038-OWKTB,Female,0,No,No,12,Yes,No,DSL,No,No,No,Yes,Yes,Yes,Month-to-month,No,Electronic check,72.14,878.83,No
4155-VKCQL,Female,0,No,No,24,Yes,No,DSL,No,No,No,Yes,Yes,Yes,One year,Yes,Electronic check,73.69,1766.68,No
1988-UOPET,Female,0,No,No,2,Yes,No,No,No internet service,No internet service,No internet service,No internet service,No internet service,No internet service,Month-to-month,No,Bank transfer (automatic),22.52,33.35,No
2682-YECAZ,Male,1,Yes,No,24,Yes,Yes,No,No internet service,No internet service,No internet service,No internet service,No internet service,No internet service,Month-to-month,Yes,Electronic check,30.44,725.04,No
1933-OBCQY,Female,0,Yes,Yes,14,Yes,No,Fiber optic,Yes,No,Yes,No,Yes,Yes,Month-to-month,Yes,Bank transfer (automatic),97.57,1382.75,Yes
1791-LROLP,Male,0,No,No,5,Yes,No,No,No internet service,No internet service,No internet service,No internet service,No internet service,No internet service,One year,Yes,Credit card (automatic),22.14,114.37,No
4610-HNYQU,Male,0,Yes,No,36,Yes,No,Fiber optic,No,No,Yes,Yes,Yes,No,Two year,Yes,Mailed check,79.73,2865.57,No
9711-ONRTG,Male,0,Yes,No,15,Yes,Yes,Fiber optic,No,Yes,No,No,Yes,No,One year,Yes,Bank transfer (automatic),82.69,1228.85,No
1959-LUXZC,Male,0,Yes,No,30,Yes,No,DSL,No,No,No,Yes,Yes,Yes,Month-to-month,Yes,Credit card (automatic),65.32,1983.1,No
8725-OYNGQ,Female,0,No,No,60,No,No phone service,Fiber optic,Yes,No,No,No,No,Yes,One year,Yes,Bank transfer (automatic),84.7,5079.54,No
2875-DIFPY,Female,0,No,No,10,Yes,No,Fiber optic,No,Yes,No,No,Yes,No,Month-to-month,No,Electronic check,82.4,822.47,No
8099-VVUUB,Female,0,Yes,No,54,Yes,No,DSL,No,Yes,Yes,No,No,No,Two year,Yes,Electronic check,56.5,3031.54,No
6463-HKMQH,Male,0,No,No,5,Yes,Yes,DSL,Yes,No,No,No,Yes,Yes,Month-to-month,No,Electronic check,83.69,421.81,No
9465-RNOFK,Female,0,No,No,6,No,No phone service,Fiber optic,No,Yes,Yes,Yes,No,No,Month-to-month,Yes,Mailed check,91.83,541.01,No
6420-YAFIH,Male,0,Yes,No,26,Yes,Yes,Fiber optic,No,Yes,No,Yes,Yes,Yes,Month-to-month,No,Electronic check,92.44,2402.18,Yes
1778-VSXIQ,Female,0,No,Yes,2,Yes,Yes,Fiber optic,No,No,Yes,Yes,No,No,Month-to-month,No,Mailed check,80.18,165.41,No
7731-YNOPV,Male,0,No,No,14,Yes,Yes,No,No internet service,No internet service,No internet service,No internet service,No internet service,No internet service,Month-to-month,No,Bank transfer (automatic),29.16,422.68,No
3720-JHRAB,Male,1,Yes,No,5,Yes,Yes,DSL,No,No,No,No,Yes,No,Month-to-month,Yes,Credit card (automatic),66.9,337.99,No
7368-AIMAM,Male,0,Yes,No,20,Yes,No,No,No internet service,No internet service,No internet service,No internet service,No internet service,No internet service,Month-to-month,Yes,Bank transfer (automatic),31.04,619.9,Yes
8833-VGBFG,Male,0,Yes,No,39,Yes,Yes,DSL,No,Yes,No,Yes,Yes,Yes,Two year,No,Credit card (automatic),81.65,3196.67,No
1089-NZROB,Female,0,No,No,1,Yes,Yes,Fiber optic,No,No,Yes,No,No,Yes,Month-to-month,Yes,Mailed check,87.35,89.75,No
1105-WLQHK,Male,0,Yes,No,12,Yes,Yes,No,No internet service,No internet service,No internet service,No internet service,No internet service,No internet service,Month-to-month,No,Electronic check,21.49,264.02,Yes
9508-CFIFI,Female,0,No,No,31,Yes,No,No,No internet service,No internet service,No internet service,No internet service,No internet service,No internet service,Month-to-month,Yes,Credit card (automatic),18.53,588.76,No
1552-RLHHR,Female,0,No,Yes,10,Yes,Yes,Fiber optic,Yes,No,No,No,Yes,Yes,Two year,Yes,Bank transfer (automatic),92.77,918.02,No
4389-TOGKT,Female,0,Yes,No,1,Yes,Yes,DSL,No,Yes,No,No,No,No,Month-to-month,Yes,Electronic check,52.72,56.95,No
1207-DFZVZ,Male,0,Yes,No,21,Yes,Yes,No,No internet service,No internet service,No internet service,No internet service,No internet service,No internet service,Month-to-month,No,Mailed check,27.92,594.86,No
1894-CIJNK,Male,1,Yes,No,3,No,No phone service,Fiber optic,No,No,No,No,Yes,Yes,Month-to-month,Yes,Credit card (automatic),89.81,262.82,Yes
8179-WLMYM,Male,0,Yes,No,11,Yes,No,No,No internet service,No internet service,No internet service,No internet service,No internet service,No internet service,One year,No,Credit card (automatic),25.45,296.88,No
2266-ZSWND,Female,0,Yes,No,72,Yes,Yes,Fiber optic,No,No,No,Yes,No,Yes,Month-to-month,No,Mailed check,86.78,6252.36,No
5780-HWUWS,Male,0,Yes,Yes,12,Yes,No,Fiber optic,Yes,No,Yes,No,Yes,Yes,Two year,Yes,Electronic check,102.88,1245.73,No
8979-RFRSV,Male,0,No,Yes,44,Yes,Yes,DSL,No,No,Yes,No,No,Yes,Month-to-month,Yes,Electronic check,64.45,2827.84,No
5644-XICJS,Female,0,Yes,No,47,Yes,No,DSL,No,No,Yes,No,No,Yes,Month-to-month,Yes,Credit card (automatic),54.2,2530.33,Yes
7236-VOAGL,Male,0,No,No,7,Yes,Yes,Fiber optic,No,Yes,Yes,No,No,Yes,One year,Yes,Bank transfer (automatic),96.81,669.48,No
8005-UZXTE,Female,0,Yes,Yes,21,Yes,No,DSL,No,No,No,Yes,Yes,No,Month-to-month,Yes,Bank transfer (automatic),70.49,1500.33,No
4453-TXRQS,Female,0,No,Yes,70,Yes,No,Fiber optic,Yes,No,No,Yes,Yes,No,Month-to-month,Yes,Electronic check,93.59,6539.34,No
5703-IDZUB,Female,0,No,No,22,Yes,No,No,No internet service,No internet service,No internet service,No internet service,No internet service,No internet service,Month-to-month,Yes,Mailed check,18.25,397.73,Yes
6631-DBOBD,Male,0,Yes,No,40,No,No phone service,Fiber optic,No,No,Yes,No,Yes,Yes,Month-to-month,No,Mailed check,99.04,3963.15,No
2394-ZVLCM,Male,0,Yes,Yes,14,Yes,No,Fiber optic,No,No,No,No,No,No,Month-to-month,Yes,Mailed check,79.31,1114.84,No
1529-HUOAC,Female,0,No,No,30,Yes,Yes,No,No internet service,No internet service,No internet service,No internet service,No internet service,No internet service,Month-to-month,No,Electronic check,18.25,546.36,No
4591-DPWJL,Female,0,No,No,0,Yes,Yes,No,No internet service,No internet service,No internet service,No internet service,No internet service,No internet service,Two year,No,Mailed check,29.48, ,No
1525-NBWEE,Male,0,Yes,Yes,37,Yes,No,DSL,No,No,No,No,No,Yes,Two year,No,Bank transfer (automatic),57.32,2120.6,No
5648-VONXG,Male,0,No,No,26,Yes,No,Fiber optic,No,No,Yes,No,No,No,Two year,Yes,Bank transfer (automatic),74.67,1948.72,No
4155-BGFQY,Female,0,Yes,No,10,Yes,Yes,DSL,Yes,No,No,No,No,No,One year,Yes,Electronic check,51.92,512.66,No
9219-BCEEA,Female,0,Yes,No,12,Yes,No,No,No internet service,No internet service,No internet service,No internet service,No internet service,No internet service,One year,No,Credit card (automatic),21.77,274.63,No
6543-LXDMW,Female,0,Yes,No,9,Yes,Yes,DSL,No,No,No,Yes,Yes,Yes,Month-to-month,Yes,Electronic check,84.26,759.08,Yes
4374-KJCVN,Male,1,No,No,17,Yes,No,DSL,Yes,Yes,No,No,No,No,Two year,No,Mailed check,56.92,977.12,No
6724-JLIAE,Female,0,No,No,2,Yes,No,Fiber optic,No,Yes,Yes,Yes,Yes,Yes,Month-to-month,No,Electronic check,103.33,203.86,Yes
6895-KLAYV,Male,0,No,No,44,Yes,No,DSL,No,Yes,Yes,No,Yes,No,Month-to-month,Yes,Credit card (automatic),69.76,3055.89,Yes
7099-YKEOE,Female,0,No,Yes,15,Yes,Yes,Fiber optic,No,Yes,Yes,No,No,Yes,Two year,No,Mailed check,104.63,1578.05,No
4568-XLXOO,Male,0,Yes,Yes,1,Yes,No,Fiber optic,Yes,Yes,Yes,No,Yes,No,One year,No,Bank transfer (automatic),106.23,97.26,No
2925-LTRNB,Female,0,No,Yes,19,Yes,Yes,DSL,Yes,No,No,No,Yes,Yes,Month-to-month,Yes,Mailed check,69.21,1318.42,No
1968-ETZAW,Male,0,No,No,64,Yes,Yes,DSL,Yes,Yes,No,Yes,No,Yes,Month-to-month,Yes,Mailed check,70.47,4508.3,No
2058-FEUEA,Male,0,Yes,No,2,Yes,No,DSL,Yes,No,No,Yes,No,Yes,Month-to-month,Yes,Electronic check,77.01,147.02,No
2229-LJTUR,Male,0,No,No,3,No,No phone service,Fiber optic,No,No,Yes,No,No,No,Month-to-month,No,Credit card (automatic),73.31,203.8,No
2239-KBYRY,Male,0,No,No,11,Yes,Yes,Fiber optic,No,Yes,No,No,Yes,Yes,Two year,Yes,Bank transfer (automatic),95.48,1047.75,Yes
6342-XOKRW,Male,0,Yes,No,31,No,No phone service,Fiber optic,Yes,No,No,Yes,No,Yes,Two year,No,Mailed check,89.99,2792.09,No
8595-FTWMT,Male,0,Yes,No,22,Yes,Yes,Fiber optic,No,No,No,Yes,No,No,Month-to-month,No,Electronic check,76.39,1677.52,No
2969-JWHRU,Female,0,No,Yes,14,Yes,Yes,Fiber optic,Yes,Yes,No,No,No,Yes,Month-to-month,No,Mailed check,85.04,1188.86,No
9320-WHFEO,Female,0,Yes,No,72,Yes,No,DSL,No,Yes,No,No,Yes,No,Two year,Yes,Mailed check,63.51,4586.82,No
2198-BAWWZ,Female,0,Yes,No,4,Yes,No,Fiber optic,No,No,Yes,Yes,Yes,Yes,Month-to-month,No,Bank transfer (automatic),106.98,439.62,No
7089-RRQZH,Male,0,No,No,41,No,No phone service,Fiber optic,No,Yes,Yes,No,No,Yes,Month-to-month,Yes,Electronic check,86.61,3551.07,No
1302-HQLHY,Male,0,Yes,No,3,Yes,No,Fiber optic,No,No,Yes,No,Yes,No,Two year,No,Bank transfer (automatic),84.21,255.5,No
5909-DAASP,Female,1,Yes,Yes,4,Yes,Yes,DSL,No,Yes,No,No,No,No,Month-to-month,No,Credit card (automatic),57.48,227.46,No
4124-PEIZB,Male,0,No,Yes,8,Yes,Yes,No,No internet service,No internet service,No internet service,No internet service,No internet service,No internet service,Two year,No,Credit card (automatic),23.64,178.05,No
6105-FIAIY,Male,0,Yes,No,49,Yes,No,No,No internet service,No internet service,No internet service,No internet service,No internet service,No internet service,Month-to-month,Yes,Electronic check,22.11,1072.15,No
7924-IUMIK,Female,0,Yes,No,14,Yes,No,No,No internet service,No internet service,No internet service,No internet service,No internet service,No internet service,Month-to-month,Yes,Electronic check,23.06,338.87,No
4173-NDFSF,Female,0,No,No,12,Yes,No,DSL,No,No,No,No,Yes,No,Two year,Yes,Mailed check,58.73,691.49,No
4553-RMIWS,Female,0,Yes,No,16,Yes,No,Fiber optic,No,No,Yes,Yes,Yes,Yes,Month-to-month,Yes,Mailed check,100.2,1611.29,No
2388-KAXVG,Female,0,No,Yes,23,Yes,Yes,DSL,Yes,Yes,No,Yes,Yes,No,One year,Yes,Mailed check,76.48,1755.87,No
3772-OALZG,Female,1,Yes,No,13,Yes,No,No,No internet service,No internet service,No internet service,No internet service,No internet service,No internet service,Month-to-month,Yes,Electronic check,29.32,376.14,No
3190-USYAQ,Female,0,No,No,72,Yes,Yes,DSL,No,Yes,Yes,No,Yes,Yes,Two year,Yes,Mailed check,73.05,5253.84,No
9927-QCLFZ,Female,0,Yes,No,3,Yes,No,Fiber optic,Yes,Yes,Yes,Yes,No,Yes,One year,Yes,Bank transfer (automatic),104.93,310.67,No
8010-HNNJB,Male,0,Yes,Yes,15,No,No phone service,Fiber optic,Yes,Yes,Yes,No,No,Yes,Month-to-month,Yes,Credit card (automatic),96.48,1459.51,Yes
3989-ICUZH,Male,0,Yes,No,12,Yes,Yes,Fiber optic,No,Yes,No,No,No,Yes,Month-to-month,Yes,Bank transfer (automatic),85.5,1016.3,No
3863-BFUZY,Male,0,Yes,Yes,28,Yes,No,DSL,No,No,No,No,Yes,Yes,Month-to-month,No,Electronic check,66.06,1861.58,Yes
1011-EBPEO,Male,0,No,No,72,Yes,Yes,No,No internet service,No internet service,No internet service,No internet service,No internet service,No internet service,Month-to-month,No,Electronic check,23.7,1701.73,No
9234-PWFNR,Female,0,No,No,8,Yes,Yes,No,No internet service,No internet service,No internet service,No internet service,No internet service,No internet service,Two year,Yes,Mailed check,26.34,216.75,No
7570-MUWKW,Male,0,No,No,72,Yes,No,Fiber optic,No,Yes,Yes,No,Yes,No,Two year,No,Credit card (automatic),83.83,6042.31,No
5431-OUOYD,Male,0,Yes,No,42,Yes,No,DSL,No,No,No,Yes,No,No,One year,No,Bank transfer (automatic),60.29,2543.93,No
9906-SODUM,Male,0,Yes,No,39,Yes,Yes,Fiber optic,Yes,No,Yes,No,No,No,Two year,Yes,Credit card (automatic),93.84,3675.23,Yes
5882-BNDPU,Male,1,Yes,Yes,1,Yes,Yes,No,No internet service,No internet service,No internet service,No internet service,No internet service,No internet service,One year,No,Electronic check,26.02,21.85,No
4610-OCHPJ,Female,0,Yes,No,67,No,No phone service,No,No internet service,No internet service,No internet service,No internet service,No internet service,No internet service,Month-to-month,No,Mailed check,21.66,1445.42,No
6539-RBQMD,Male,1,Yes,No,43,Yes,No,Fiber optic,No,Yes,No,No,No,Yes,One year,No,Electronic check,94.2,4031.64,No
3137-YKGLJ,Female,0,Yes,Yes,27,Yes,Yes,DSL,No,No,No,No,Yes,Yes,One year,Yes,Electronic check,72.17,1930.99,No
8052-GXQJJ,Female,0,Yes,No,3,Yes,Yes,No,No internet service,No internet service,No internet service,No internet service,No internet service,No internet service,Month-to-month,No,Credit card (automatic),19.14,43.63,Yes
6047-DTDVG,Male,1,No,No,13,Yes,No,No,No internet service,No internet service,No internet service,No internet service,No internet service,No internet service,Month-to-month,No,Bank transfer (automatic),26.46,349.62,No
6291-XMJOM,Female,1,No,No,44,Yes,Yes,DSL,Yes,Yes,Yes,No,No,Yes,One year,Yes,Electronic check,71.94,3159.51,No
8285-UVIZI,Male,1,Yes,No,13,Yes,Yes,Fiber optic,No,Yes,No,No,No,No,Month-to-month,No,Credit card (automatic),76.61,992.11,Yes
1009-XZYJH,Female,0,Yes,No,13,Yes,Yes,Fiber optic,No,No,No,Yes,No,No,One year,Yes,Bank transfer (automatic),68.51,899.73,No
7295-PQZED,Female,0,No,No,7,Yes,No,DSL,Yes,No,Yes,No,Yes,Yes,Month-to-month,No,Mailed check,85.82,609.04,No
7807-SDGJY,Female,0,No,No,1,Yes,Yes,DSL,No,No,No,Yes,No,No,Month-to-month,No,Electronic check,46.55,48.87,No
1145-SDJAW,Male,0,Yes,Yes,17,Yes,No,Fiber optic,Yes,Yes,No,Yes,No,No,Month-to-month,No,Credit card (automatic),92.08,1543.88,No
1482-LBAWU,Male,0,No,No,35,Yes,No,DSL,No,Yes,No,No,No,No,Two year,Yes,Bank transfer (automatic),55.55,1941.2,No
9853-PEOCG,Male,0,No,Yes,3,No,No phone service,DSL,No,No,Yes,No,Yes,Yes,Month-to-month,Yes,Credit card (automatic),67.23,203.73,No
8327-KJINM,Male,0,No,No,53,Yes,No,Fiber optic,Yes,No,Yes,Yes,Yes,No,Month-to-month,No,Credit card (automatic),95.87,5082.11,No
7652-YYBCG,Female,0,No,No,19,Yes,No,DSL,No,No,Yes,Yes,No,No,Month-to-month,No,Electronic check,60.3,1146.78,No
7780-GIQKG,Male,0,No,No,40,Yes,Yes,Fiber optic,Yes,No,No,No,Yes,Yes,Two year,No,Bank transfer (automatic),90.15,3609.59,Yes
3349-SDZFJ,Female,0,Yes,Yes,26,Yes,No,Fiber optic,Yes,Yes,No,No,Yes,Yes,Month-to-month,No,Electronic check,103.18,2665.54,Yes
7764-NDHEA,Female,0,No,Yes,3,Yes,Yes,Fiber optic,Yes,Yes,No,No,Yes,Yes,Month-to-month,Yes,Mailed check,100.82,306.02,No
8843-CIHAF,Female,0,No,Yes,56,Yes,No,Fiber optic,Yes,No,No,No,No,Yes,Month-to-month,No,Bank transfer (automatic),87.1,4899.36,Yes
3472-GDMQB,Female,0,Yes,No,30,Yes,No,Fiber optic,No,Yes,Yes,No,No,Yes,Month-to-month,No,Mailed check,91.38,2734.05,No
6051-ELUHF,Female,0,No,No,0,Yes,No,No,No internet service,No internet service,No internet service,No internet service,No internet service,No internet service,One year,Yes,Mailed check,23.05, ,No
2735-RCVLZ,Female,1,No,No,20,Yes,Yes,Fiber optic,No,No,No,No,No,No,Month-to-month,Yes,Electronic check,76.03,1506.39,Yes
8426-VFBWL,Female,1,No,Yes,15,Yes,Yes,DSL,No,No,Yes,Yes,Yes,Yes,Two year,Yes,Bank transfer (automatic),86.13,1301.57,No
3817-FQCBW,Female,0,No,Yes,47,Yes,No,Fiber optic,Yes,No,No,No,Yes,Yes,One year,Yes,Electronic check,99.84,4687.4,No
5211-HVLZD,Female,0,No,Yes,3,Yes,No,Fiber optic,Yes,Yes,No,No,Yes,No,Month-to-month,Yes,Electronic check,95.58,291.91,Yes
4374-YWPJY,Female,0,No,No,21,Yes,No,DSL,No,Yes,No,Yes,No,No,Month-to-month,Yes,Electronic check,49.2,1041.24,No
4083-QPLHT,Female,0,No,Yes,8,Yes,Yes,Fiber optic,No,No,No,No,No,No,Month-to-month,No,Electronic check,71.42,567.42,Yes
2679-MWSHV,Male,0,No,No,6,Yes,Yes,DSL,No,Yes,Yes,No,No,No,Month-to-month,Yes,Mailed check,63.22,390.61,No
7099-HXLAY,Female,0,Yes,Yes,0,Yes,No,No,No internet service,No internet service,No internet service,No internet service,No internet service,No internet service,Month-to-month,Yes,Electronic check,29.94, ,No
1285-UTFVR,Male,0,No,No,9,Yes,No,DSL,No,No,No,No,Yes,Yes,Two year,No,Electronic check,68.47,614.76,No
5895-AUPLF,Male,0,No,No,12,Yes,No,No,No internet service,No internet service,No internet service,No internet service,No internet service,No internet service,Month-to-month,Yes,Electronic check,26.7,311.76,No
3785-NDAWR,Female,0,No,No,14,Yes,No,DSL,Yes,No,Yes,No,No,No,Month-to-month,Yes,Credit card (automatic),55.41,799.54,No
3408-UBYIA,Female,0,Yes,No,31,Yes,No,No,No internet service,No internet service,No internet service,No internet service,No internet service,No internet service,Month-to-month,Yes,Credit card (automatic),21.33,661.74,No
6962-CTWZD,Female,1,Yes,No,12,Yes,Yes,Fiber optic,Yes,Yes,No,Yes,Yes,Yes,Month-to-month,Yes,Bank transfer (automatic),102.47,1221.77,No
5406-FCVKO,Female,0,No,No,5,Yes,No,DSL,No,No,No,Yes,Yes,No,Two year,Yes,Bank transfer (automatic),68.46,346.36,Yes
5437-ETJLO,Male,0,No,Yes,12,Yes,No,DSL,No,No,No,No,Yes,No,Two year,Yes,Credit card (automatic),56.35,670.76,No
1560-JFRMC,Male,0,Yes,Yes,1,Yes,No,No,No internet service,No internet service,No internet service,No internet service,No internet service,No internet service,One year,Yes,Electronic check,25.77,23.77,No
8629-FCPGT,Female,0,No,No,72,No,No phone service,No,No internet service,No internet service,No internet service,No internet service,No internet service,No internet service,Month-to-month,No,Bank transfer (automatic),23.81,1714.02,No
8693-IOUCB,Male,1,No,No,1,Yes,Yes,No,No internet service,No internet service,No internet service,No internet service,No internet service,No internet service,Month-to-month,Yes,Electronic check,18.25,25.31,Yes
8002-BCRNT,Female,0,Yes,Yes,5,Yes,Yes,No,No internet service,No internet service,No internet service,No internet service,No internet service,No internet service,One year,Yes,Mailed check,30.98,163.76,No
7097-JYBYV,Female,1,No,No,13,Yes,No,DSL,Yes,No,No,Yes,No,No,Two year,No,Credit card (automatic),63.28,818.19,No
5259-NANPV,Female,1,No,No,65,Yes,No,Fiber optic,Yes,No,Yes,No,No,Yes,Month-to-month,No,Credit card (automatic),88.07,5716.49,No
9429-TCCIF,Male,0,Yes,Yes,4,Yes,Yes,No,No internet service,No internet service,No internet service,No internet service,No internet service,No internet service,Month-to-month,Yes,Mailed check,25.45,122.55,No
2048-MUBHU,Male,0,No,Yes,12,Yes,No,DSL,Yes,No,No,No,Yes,Yes,Month-to-month,Yes,Credit card (automatic),71.05,863.02,No
8137-DYODM,Male,0,No,Yes,72,No,No phone service,Fiber optic,Yes,No,No,Yes,Yes,Yes,Two year,Yes,Electronic check,95.07,6847.74,No
8179-MNTRF,Female,1,No,Yes,22,Yes,No,Fiber optic,No,No,Yes,No,Yes,Yes,Month-to-month,No,Credit card (automatic),98.1,2166.74,No
3719-KBWSS,Male,1,Yes,No,22,Yes,Yes,No,No internet service,No internet service,No internet service,No internet service,No internet service,No internet service,One year,Yes,Credit card (automatic),18.25,406.17,Yes
7488-BKRXO,Female,0,Yes,Yes,72,Yes,Yes,DSL,No,Yes,No,Yes,No,No,Month-to-month,Yes,Bank transfer (automatic),66.01,4766.63,No
9648-WSICU,Female,0,Yes,No,16,Yes,No,No,No internet service,No internet service,No internet service,No internet service,No internet service,No internet service,One year,No,Electronic check,27.95,433.15,No
6448-NSGPP,Male,0,Yes,No,0,Yes,No,DSL,No,Yes,Yes,No,No,No,One year,No,Credit card (automatic),70.3, ,No
7907-ADDGH,Female,0,Yes,No,0,Yes,No,No,No internet service,No internet service,No internet service,No internet service,No internet service,No internet service,One year,Yes,Electronic check,25.91, ,No
7928-EGTTD,Female,0,Yes,No,27,Yes,No,Fiber optic,No,No,No,Yes,No,No,One year,Yes,Electronic check,83.25,2242.96,No
5517-GRETC,Female,0,Yes,No,5,Yes,Yes,DSL,No,No,Yes,Yes,Yes,Yes,Month-to-month,Yes,Mailed check,84.45,431.13,No
2549-GEVEW,Female,0,Yes,No,15,Yes,Yes,Fiber optic,Yes,No,No,No,Yes,Yes,One year,Yes,Electronic check,91.12,1366.42,No
5481-UVFOU,Male,0,Yes,Yes,19,Yes,Yes,Fiber optic,No,No,No,No,No,No,Month-to-month,Yes,Mailed check,79.85,1516.54,No
7793-WZXGE,Female,0,No,Yes,26,Yes,Yes,Fiber optic,No,No,No,Yes,Yes,Yes,Month-to-month,Yes,Bank transfer (automatic),99.29,2585.36,No
7356-ZRMUU,Female,0,Yes,No,2,Yes,Yes,Fiber optic,Yes,No,Yes,Yes,Yes,No,Month-to-month,Yes,Electronic check,93.14,189.61,Yes
3385-EMDQC,Female,0,Yes,Yes,34,Yes,No,Fiber optic,No,Yes,No,No,Yes,No,One year,Yes,Mailed check,78.76,2667.68,No
5592-KUTWU,Male,0,No,Yes,60,Yes,No,Fiber optic,Yes,Yes,No,No,Yes,Yes,Two year,No,Electronic check,96.01,5757.08,No
8961-DBTPR,Female,0,Yes,No,7,Yes,No,DSL,Yes,No,Yes,No,Yes,No,Month-to-month,Yes,Electronic check,62.52,436.9,No
5839-CITFJ,Female,0,Yes,No,11,Yes,Yes,Fiber optic,Yes,No,Yes,No,Yes,No,Month-to-month,No,Bank transfer (automatic),86.1,948.43,No
7164-JMQIQ,Male,1,Yes,No,32,Yes,No,Fiber optic,No,Yes,Yes,Yes,No,Yes,Two year,No,Bank transfer (automatic),95.37,3055.02,No
4191-IIABP,Female,0,No,Yes,6,Yes,Yes,DSL,Yes,Yes,No,No,Yes,No,One year,Yes,Mailed check,73.5,435.57,No
7172-AJRZH,Male,0,No,No,18,Yes,Yes,DSL,No,Yes,Yes,No,No,No,Two year,Yes,Credit card (automatic),55.57,1001.81,No
9980-KWBHV,Female,0,Yes,No,25,Yes,No,DSL,No,No,No,No,Yes,No,Month-to-month,No,Credit card (automatic),56.9,1434.05,No
3247-QOQWX,Male,0,No,No,50,Yes,No,Fiber optic,No,No,No,No,Yes,Yes,Month-to-month,Yes,Bank transfer (automatic),85.21,4275.58,No
8340-SELAW,Female,0,Yes,No,10,Yes,Yes,Fiber optic,No,No,No,No,Yes,Yes,Two year,No,Bank transfer (automatic),86.97,865.68,No
5940-HYWKA,Male,0,Yes,Yes,16,Yes,No,DSL,No,No,Yes,No,No,Yes,One year,Yes,Credit card (automatic),50.97,813.93,No
8788-SXCXQ,Male,0,Yes,No,4,Yes,Yes,Fiber optic,No,Yes,No,Yes,Yes,Yes,Month-to-month,Yes,Electronic check,96.27,378.55,Yes
2668-TUHZN,Female,0,No,Yes,8,Yes,No,Fiber optic,Yes,No,Yes,Yes,Yes,Yes,Month-to-month,No,Credit card (automatic),100.76,787.41,No
5531-OSGSS,Female,0,Yes,No,2,Yes,No,Fiber optic,No,Yes,Yes,No,No,Yes,Two year,Yes,Electronic check,92.08,187.91,Yes
9964-VHJFO,Male,0,No,No,5,Yes,Yes,Fiber optic,No,No,No,No,Yes,Yes,Two year,Yes,Electronic check,89.72,452.67,No
7511-QHHYI,Female,0,No,No,10,Yes,No,Fiber optic,No,No,No,No,Yes,No,Month-to-month,Yes,Electronic check,82.59,822.53,Yes
4009-ORCQD,Female,1,Yes,No,13,Yes,No,DSL,Yes,No,No,No,No,No,Month-to-month,Yes,Credit card (automatic),55.16,715.91,Yes
7979-NIIYZ,Male,0,No,Yes,29,Yes,Yes,Fiber optic,Yes,Yes,Yes,No,Yes,No,Month-to-month,No,Credit card (automatic),104.13,3032.33,No
5285-RJUDL,Male,0,No,No,14,Yes,Yes,DSL,No,No,No,Yes,No,Yes,Month-to-month,Yes,Mailed check,61.8,875.74,Yes
6978-HBVMU,Female,0,No,No,1,Yes,Yes,Fiber optic,No,Yes,No,No,No,No,Month-to-month,Yes,Bank transfer (automatic),80.67,67.03,Yes
7303-PBKJO,Female,0,Yes,No,33,No,No phone service,DSL,Yes,Yes,Yes,Yes,Yes,Yes,Two year,Yes,Mailed check,78.28,2579.07,No
8569-WIYHN,Female,0,No,Yes,18,No,No phone service,DSL,No,Yes,No,No,No,Yes,Month-to-month,Yes,Electronic check,59.78,1071.65,Yes
7267-ZYRVT,Female,0,No,Yes,67,Yes,Yes,Fiber optic,Yes,Yes,Yes,No,Yes,No,Month-to-month,No,Credit card (automatic),100.37,6717.78,No
3461-TULSN,Male,0,No,No,24,Yes,Yes,No,No internet service,No internet service,No internet service,No internet service,No internet service,No internet service,Month-to-month,Yes,Bank transfer (automatic),26.33,637.33,No
3160-XUCZW,Male,1,Yes,No,18,Yes,Yes,Fiber optic,No,Yes,No,No,No,Yes,One year,Yes,Bank transfer (automatic),93.0,1673.69,No
1038-QLIOR,Male,0,No,No,8,No,No phone service,Fiber optic,No,No,No,Yes,Yes,No,Month-to-month,No,Bank transfer (automatic),90.06,729.18,Yes
3196-MUHNH,Male,0,No,No,6,Yes,No,Fiber optic,No,No,Yes,No,Yes,Yes,One year,No,Electronic check,90.8,558.0,No
7381-GWLKV,Female,0,Yes,Yes,6,Yes,Yes,DSL,Yes,No,No,Yes,No,Yes,One year,Yes,Credit card (automatic),66.88,401.51,No
9853-KYVMR,Male,0,No,No,12,Yes,Yes,No,No internet service,No internet service,No internet service,No internet service,No internet service,No internet service,Two year,Yes,Electronic check,24.19,285.56,No
5558-TROSW,Male,0,No,Yes,4,Yes,No,Fiber optic,Yes,No,No,Yes,No,Yes,One year,Yes,Bank transfer (automatic),96.57,386.8,Yes
5183-LMVKE,Female,0,Yes,No,44,Yes,No,DSL,Yes,No,No,No,Yes,No,Month-to-month,Yes,Electronic check,63.86,2826.91,No
2724-AXCVS,Female,1,Yes,No,39,Yes,Yes,Fiber optic,No,No,No,Yes,Yes,No,Two year,No,Mailed check,86.15,3351.59,No
1022-GLOYE,Male,0,Yes,No,31,Yes,Yes,DSL,Yes,Yes,No,No,No,Yes,One year,No,Electronic check,72.51,2258.4,No
7279-JZPHA,Female,1,No,Yes,1,Yes,No,No,No internet service,No internet service,No internet service,No internet service,No internet service,No internet service,Month-to-month,Yes,Credit card (automatic),34.83,40.71,No
6995-ECADH,Male,0,No,No,1,Yes,Yes,Fiber optic,No,No,No,No,No,Yes,Month-to-month,No,Mailed check,79.53,67.57,Yes
6343-JBKYJ,Female,0,Yes,Yes,24,Yes,Yes,Fiber optic,Yes,No,Yes,No,Yes,No,Month-to-month,Yes,Credit card (automatic),94.62,2264.72,No
2428-NGBIP,Female,0,Yes,Yes,33,Yes,No,Fiber optic,Yes,No,Yes,No,No,Yes,Month-to-month,Yes,Credit card (automatic),93.1,3073.35,No
6132-ITDVJ,Male,0,Yes,Yes,0,Yes,No,DSL,No,Yes,No,No,No,No,Month-to-month,Yes,Electronic check,57.5, ,Yes
3649-ZVLQN,Female,0,No,No,8,Yes,No,Fiber optic,No,Yes,No,Yes,No,Yes,Month-to-month,Yes,Mailed check,99.85,796.62,Yes
2037-YBUYT,Male,0,Yes,No,3,Yes,No,Fiber optic,No,No,No,No,No,Yes,Month-to-month,No,Credit card (automatic),84.29,243.59,No
3634-PSWFX,Male,0,Yes,Yes,6,Yes,No,Fiber optic,No,Yes,No,Yes,Yes,No,Month-to-month,Yes,Mailed check,90.62,522.88,No
8378-EZDOD,Male,1,No,Yes,17,Yes,Yes,DSL,No,No,Yes,Yes,Yes,No,Month-to-month,Yes,Electronic check,61.82,1038.07,No
2929-XVCZE,Female,0,No,Yes,2,Yes,Yes,Fiber optic,No,No,No,No,Yes,Yes,Two year,Yes,Bank transfer (automatic),89.88,182.17,No
8909-UVHGU,Male,0,No,No,6,Yes,Yes,Fiber optic,Yes,Yes,Yes,No,Yes,Yes,Month-to-month,Yes,Bank transfer (automatic),98.05,601.46,No
6891-YMTQW,Male,0,Yes,No,19,Yes,No,Fiber optic,No,Yes,No,Yes,Yes,No,Two year,No,Bank transfer (automatic),90.57,1734.04,No
3563-NCXEP,Male,0,Yes,No,17,Yes,No,Fiber optic,No,No,No,Yes,No,No,Month-to-month,Yes,Mailed check,83.69,1427.43,No
7841-WTDXX,Male,1,Yes,No,46,Yes,Yes,DSL,No,No,No,No,No,No,Two year,No,Electronic check,49.74,2286.22,No
1161-RSSQN,Male,0,No,No,3,Yes,No,DSL,Yes,No,No,Yes,No,No,Month-to-month,Yes,Mailed check,61.04,168.48,No
7354-VXMLZ,Male,0,Yes,No,11,Yes,Yes,DSL,Yes,No,Yes,No,Yes,Yes,Two year,No,Bank transfer (automatic),82.31,908.53,No
6093-UDSPM,Female,0,Yes,No,61,Yes,No,DSL,Yes,No,Yes,Yes,No,No,Month-to-month,Yes,Electronic check,64.56,3914.5,No
6469-WQWAR,Male,0,No,No,38,Yes,No,DSL,No,Yes,No,Yes,No,Yes,Month-to-month,No,Credit card (automatic),68.78,2598.4,No
1830-TQOKY,Female,0,Yes,No,21,Yes,Yes,DSL,Yes,No,Yes,No,Yes,Yes,Month-to-month,Yes,Mailed check,70.52,1478.57,Yes
2019-VMAQF,Female,0,Yes,Yes,35,Yes,No,Fiber optic,Yes,No,No,Yes,Yes,No,Two year,Yes,Bank transfer (automatic),90.27,3160.52,No
2283-TPOOF,Male,0,No,No,14,Yes,Yes,Fiber optic,No,No,No,Yes,Yes,No,Month-to-month,Yes,Credit card (automatic),89.36,1261.27,No
3125-KGIZP,Female,0,Yes,No,57,Yes,Yes,DSL,No,No,No,Yes,Yes,No,Month-to-month,No,Mailed check,61.68,3509.06,No
6624-TJRCM,Female,1,No,Yes,21,Yes,Yes,DSL,Yes,No,No,No,Yes,Yes,Month-to-month,No,Mailed check,82.52,1741.84,Yes
7397-VMFQM,Male,1,No,No,28,Yes,Yes,DSL,Yes,No,Yes,No,Yes,Yes,Month-to-month,Yes,Electronic check,71.86,2001.34,Yes
3610-USJCN,Female,0,Yes,No,25,Yes,No,Fiber optic,Yes,No,Yes,No,No,Yes,Month-to-month,No,Mailed check,88.7,2229.6,No
6017-SEETQ,Male,0,No,No,26,Yes,Yes,DSL,No,No,Yes,Yes,No,No,One year,No,Mailed check,57.0,1485.49,Yes
9895-EDFZD,Female,0,No,No,24,Yes,No,DSL,No,Yes,No,Yes,No,No,Month-to-month,Yes,Electronic check,58.41,1386.61,Yes
8462-RCAXY,Male,1,No,Yes,1,Yes,No,DSL,No,No,Yes,Yes,Yes,Yes,Month-to-month,Yes,Electronic check,73.7,65.99,No
1685-LYTXY,Female,0,No,No,22,Yes,No,Fiber optic,Yes,No,Yes,Yes,No,Yes,Two year,No,Electronic check,100.45,2193.66,No
7868-XLJVG,Male,0,No,No,36,Yes,Yes,No,No internet service,No internet service,No internet service,No internet service,No internet service,No internet service,One year,No,Bank transfer (automatic),18.95,697.19,No
1162-WNXJP,Male,0,No,No,0,Yes,Yes,Fiber optic,No,Yes,No,No,No,Yes,Month-to-month,Yes,Credit card (automatic),98.59, ,Yes
3014-JYMFL,Female,0,No,No,53,Yes,No,DSL,No,No,No,No,No,Yes,Month-to-month,Yes,Electronic check,52.21,2773.17,No
6347-XKTRZ,Male,0,No,No,72,No,No phone service,No,No internet service,No internet service,No internet service,No internet service,No internet service,No internet service,Two year,Yes,Bank transfer (automatic),20.57,1473.85,No
1874-YUDRA,Male,0,No,No,3,Yes,No,Fiber optic,No,No,No,Yes,No,No,One year,Yes,Mailed check,75.44,234.07,No
1671-XKTXO,Female,0,No,Yes,18,Yes,No,DSL,No,No,No,No,Yes,No,Two year,No,Electronic check,62.33,1109.09,Yes
7342-UJZLX,Male,0,No,Yes,2,Yes,Yes,Fiber optic,No,No,No,No,Yes,No,Month-to-month,Yes,Mailed check,78.72,148.92,No
7285-YEZUR,Male,0,No,No,7,Yes,Yes,DSL,Yes,No,No,No,Yes,Yes,One year,No,Credit card (automatic),72.47,491.91,No
4670-ZEXQS,Female,1,Yes,No,23,Yes,Yes,DSL,Yes,No,Yes,Yes,No,No,Month-to-month,Yes,Bank transfer (automatic),62.63,1450.13,Yes
9562-YULYI,Female,0,Yes,Yes,8,Yes,,DSL,No,Yes,Yes,No,Yes,No,One year,Yes,Bank transfer (automatic),62.36,522.76,No
7304-RUDJY,Female,0,Yes,Yes,10,Yes,No,Fiber optic,No,Yes,Yes,Yes,No,No,Month-to-month,Yes,Electronic check,86.34,871.66,No
1597-WAQXB,Female,0,No,No,32,No,No phone service,Fiber optic,No,No,Yes,Yes,No,No,One year,Yes,Electronic check,75.56,2432.52,No
7171-ZKIGV,Female,0,No,Yes,20,Yes,Yes,No,No internet service,No internet service,No internet service,No internet service,No internet service,No internet service,Two year,No,Mailed check,30.61,594.1,No
5624-BFNFB,Female,0,No,No,17,Yes,No,DSL,No,No,No,Yes,No,No,Month-to-month,No,Bank transfer (automatic),57.64,990.05,Yes
4648-JUEBV,Male,0,No,No,9,Yes,No,Fiber optic,Yes,No,Yes,No,No,Yes,Month-to-month,Yes,Electronic check,101.95,911.86,Yes
4137-JBPPS,Female,0,Yes,No,29,Yes,Yes,Fiber optic,No,No,No,No,Yes,No,Month-to-month,No,Mailed check,79.98,2307.89,No
4750-VLXOH,Female,0,Yes,No,13,Yes,Yes,Fiber optic,No,Yes,Yes,Yes,Yes,Yes,One year,Yes,Credit card (automatic),107.41,1407.32,No
6413-JCSQG,Female,1,No,No,54,Yes,Yes,No,No internet service,No internet service,No internet service,No internet service,No internet service,No internet service,One year,Yes,Mailed check,30.79,1656.13,No
3324-TZDNT,Male,0,Yes,Yes,22,Yes,No,No,No internet service,No internet service,No internet service,No internet service,No internet service,No internet service,Month-to-month,Yes,Mailed check,26.65,583.2,No
6774-XHUOV,Male,0,Yes,No,18,Yes,No,Fiber optic,No,No,Yes,Yes,Yes,No,Two year,Yes,Bank transfer (automatic),79.94,1448.73,No
1781-IHZZQ,Male,0,No,No,39,Yes,No,Fiber optic,No,No,No,No,Yes,Yes,Two year,Yes,Bank transfer (automatic),87.8,3432.2,No
3113-YXCHL,Female,0,Yes,No,15,Yes,No,DSL,Yes,No,No,No,No,No,One year,No,Electronic check,56.7,845.88,No
8264-JTCFG,Male,0,No,No,7,Yes,No,Fiber optic,No,No,No,No,No,Yes,Month-to-month,Yes,Electronic check,78.5,543.46,Yes
7744-RKSES,Male,0,Yes,No,4,Yes,No,DSL,Yes,Yes,No,No,No,No,Two year,Yes,Electronic check,62.16,250.75,No
3551-LJHXI,Male,0,No,Yes,19,Yes,No,No,No internet service,No internet service,No internet service,No internet service,No internet service,No internet service,Month-to-month,No,Credit card (automatic),18.25,339.86,No
9676-UHWIO,Male,0,No,No,13,Yes,Yes,Fiber optic,No,Yes,Yes,No,No,No,Month-to-month,Yes,Electronic check,77.83,1015.15,Yes
9078-PNHRJ,Female,0,No,No,12,Yes,No,DSL,No,No,No,Yes,No,No,Month-to-month,Yes,Mailed check,57.49,695.1,No
7971-TFLBG,Female,0,Yes,No,10,Yes,Yes,Fiber optic,No,No,No,No,No,No,Two year,Yes,Bank transfer (automatic),72.59,736.48,No
5943-CMCRK,Female,0,No,Yes,26,Yes,No,Fiber optic,Yes,No,Yes,No,Yes,No,Month-to-month,Yes,Bank transfer (automatic),103.85,2710.85,No
5135-FAAWH,Female,0,Yes,No,17,Yes,Yes,DSL,No,No,No,No,Yes,Yes,Month-to-month,Yes,Bank transfer (automatic),61.85,1051.89,Yes
1612-PKEDF,Female,0,Yes,No,18,Yes,No,DSL,No,No,Yes,No,Yes,No,Month-to-month,Yes,Mailed check,63.11,1145.69,No
7509-VSILK,Female,0,Yes,No,8,Yes,No,Fiber optic,No,No,Yes,No,No,No,Month-to-month,No,Electronic check,79.34,624.68,Yes
8183-AMWUU,Male,0,No,Yes,22,Yes,Yes,Fiber optic,No,No,Yes,No,No,No,One year,Yes,Credit card (automatic),78.13,1721.02,No
1669-MBDFZ,Female,1,No,No,12,Yes,No,Fiber optic,Yes,Yes,No,No,No,No,One year,Yes,Electronic check,77.97,940.66,No
9438-EYCAD,Female,0,No,No,35,Yes,Yes,DSL,No,No,No,Yes,No,No,Two year,No,Credit card (automatic),51.37,1806.52,No
4864-TBZEC,Female,1,No,No,18,Yes,Yes,Fiber optic,No,Yes,No,No,Yes,No,Month-to-month,No,Electronic check,85.7,1541.31,Yes
1264-TFRFS,Female,0,Yes,Yes,8,Yes,No,DSL,No,Yes,Yes,Yes,Yes,Yes,Month-to-month,Yes,Electronic check,88.59,686.99,Yes
8544-KBOLL,Female,0,No,No,3,Yes,No,Fiber optic,Yes,Yes,No,Yes,No,No,One year,No,Electronic check,89.27,289.46,No
3504-UXBVC,Male,0,Yes,No,28,No,No phone service,No,No internet service,No internet service,No internet service,No internet service,No internet service,No internet service,Two year,Yes,Mailed check,18.25,504.7,No
1587-ZPUXZ,Male,0,Yes,Yes,11,Yes,No,Fiber optic,No,No,No,No,No,No,Month-to-month,Yes,Electronic check,74.59,829.65,Yes
9381-AUCTB,Male,0,Yes,No,1,No,No phone service,Fiber optic,No,No,No,Yes,Yes,No,Month-to-month,No,Mailed check,79.53,89.97,No
7450-ORZKY,Male,0,Yes,No,59,Yes,No,Fiber optic,No,No,No,No,Yes,No,Month-to-month,Yes,Mailed check,86.63,5117.17,No
3326-PVQEL,Male,0,No,No,11,Yes,No,DSL,Yes,No,Yes,No,No,No,One year,Yes,Credit card (automatic),63.25,708.71,No
2674-OCATP,Female,0,Yes,No,32,Yes,Yes,No,No internet service,No internet service,No internet service,No internet service,No internet service,No internet service,Month-to-month,Yes,Bank transfer (automatic),29.38,921.35,No
7049-BCHXO,Male,0,Yes,No,14,Yes,No,No,No internet service,No internet service,No internet service,No internet service,No internet service,No internet service,One year,No,Bank transfer (automatic),24.34,352.98,No
2958-FITAH,Male,0,No,No,53,Yes,No,DSL,No,No,No,Yes,No,No,Month-to-month,Yes,Bank transfer (automatic),50.85,2677.45,No
4830-WCDZY,Female,0,Yes,Yes,0,Yes,Yes,DSL,No,No,No,No,Yes,Yes,Two year,No,Electronic check,65.76, ,No
6925-OUCYU,Male,0,Yes,No,7,Yes,No,DSL,No,Yes,No,No,No,No,Two year,Yes,Bank transfer (automatic),53.09,388.12,Yes
1948-NTNDL,Male,0,No,No,18,Yes,Yes,Fiber optic,No,No,Yes,No,No,No,Month-to-month,No,Mailed check,96.09,1728.46,Yes
8568-GICMO,Female,0,Yes,Yes,9,Yes,No,No,No internet service,No internet service,No internet service,No internet service,No internet service,No internet service,Month-to-month,Yes,Credit card (automatic),28.58,260.74,No
2138-AFWBX,Female,0,No,No,32,Yes,No,DSL,No,No,Yes,No,No,Yes,One year,No,Electronic check,59.34,1877.31,No
7701-FNDUH,Female,0,Yes,No,27,Yes,No,Fiber optic,No,No,Yes,No,No,Yes,Month-to-month,Yes,Bank transfer (automatic),92.08,2497.31,No
6661-NTQYH,Male,0,Yes,No,0,Yes,No,DSL,No,No,No,No,No,Yes,One year,Yes,Bank transfer (automatic),59.4, ,No
7999-NZFWV,Male,0,No,No,22,Yes,No,No,No internet service,No internet service,No internet service,No internet service,No internet service,No internet service,Two year,No,Electronic check,19.51,455.67,No
2967-YSNSC,Male,0,Yes,No,43,Yes,No,Fiber optic,Yes,No,No,Yes,No,No,Month-to-month,Yes,Electronic check,83.0,3553.08,Yes
6394-ITMGN,Female,1,Yes,Yes,9,Yes,No,No,No internet service,No internet service,No internet service,No internet service,No internet service,No internet service,Month-to-month,Yes,Credit card (automatic),26.89,234.76,No
8230-IWYSO,Male,0,Yes,No,3,No,No phone service,No,No internet service,No internet service,No internet service,No internet service,No internet service,No internet service,One year,Yes,Electronic check,19.2,47.14,No
8155-NXFUD,Male,0,Yes,No,32,Yes,No,Fiber optic,Yes,Yes,Yes,Yes,No,Yes,Month-to-month,Yes,Mailed check,108.0,3470.41,No
1285-IAXTY,Male,1,No,No,55,Yes,Yes,DSL,No,Yes,Yes,Yes,Yes,No,Month-to-month,No,Credit card (automatic),76.41,4203.07,No
2762-INIDD,Male,0,Yes,No,25,Yes,No,Fiber optic,No,No,No,No,No,No,Month-to-month,No,Bank transfer (automatic),81.93,2070.34,No
1987-HBINV,Female,0,Yes,No,44,Yes,No,Fiber optic,Yes,No,No,Yes,Yes,Yes,Month-to-month,No,Bank transfer (automatic),104.25,4584.89,Yes
4198-WPQPL,Female,0,No,No,72,Yes,Yes,Fiber optic,No,No,No,Yes,Yes,Yes,Two year,No,Bank transfer (automatic),86.31,6208.46,No
6154-KNRUU,Female,0,Yes,No,16,Yes,Yes,DSL,Yes,No,Yes,Yes,Yes,No,One year,No,Electronic check,76.62,1231.66,No
2348-PTECL,Female,0,Yes,Yes,65,Yes,Yes,Fiber optic,No,No,No,No,No,Yes,Two year,No,Credit card (automatic),90.95,5918.55,No
8156-IIDCQ,Male,0,No,No,10,Yes,Yes,Fiber optic,No,Yes,Yes,No,No,No,Two year,Yes,Electronic check,88.6,885.64,Yes
5577-XAHMW,Female,0,No,No,32,No,No phone service,DSL,No,No,No,Yes,Yes,No,Month-to-month,Yes,Mailed check,63.15,2036.62,No
2447-LVLNO,Male,0,Yes,No,55,Yes,No,Fiber optic,No,No,No,No,Yes,Yes,Month-to-month,Yes,Credit card (automatic),94.78,5193.87,No
1526-ISZTV,Female,0,Yes,No,17,Yes,Yes,DSL,Yes,No,No,No,No,No,Month-to-month,Yes,Mailed check,59.29,995.6,No
8986-FTYSD,Female,0,Yes,No,23,No,No phone service,DSL,Yes,Yes,No,No,Yes,No,Month-to-month,No,Electronic check,68.8,1597.5,No
2846-GDVLM,Male,0,Yes,No,72,Yes,No,Fiber optic,Yes,No,No,Yes,Yes,Yes,One year,No,Electronic check,90.49,6514.38,No
9770-VLBXB,Male,0,Yes,No,6,Yes,No,Fiber optic,No,No,No,No,Yes,No,One year,Yes,Credit card (automatic),87.98,534.41,Yes
3394-WIAHW,Female,0,Yes,No,10,No,No phone service,DSL,No,Yes,No,Yes,Yes,No,Two year,Yes,Credit card (automatic),66.71,657.36,No
5005-FVYRQ,Male,1,Yes,No,35,Yes,No,Fiber optic,No,No,No,No,No,No,Two year,Yes,Electronic check,66.67,2334.17,Yes
7716-LFZHS,Female,0,Yes,Yes,10,Yes,No,Fiber optic,No,Yes,Yes,No,Yes,Yes,Month-to-month,No,Credit card (automatic),108.33,1086.5,No
4451-JAYMQ,Male,0,Yes,No,16,Yes,No,No,No internet service,No internet service,No internet service,No internet service,No internet service,No internet service,Two year,No,Electronic check,29.14,477.82,Yes
9333-CPMTX,Female,0,No,No,1,Yes,No,No,No internet service,No internet service,No internet service,No internet service,No internet service,No internet service,Two year,Yes,Credit card (automatic),25.02,19.35,No
6808-MFQNQ,Female,0,Yes,Yes,20,Yes,Yes,DSL,Yes,No,No,Yes,Yes,No,One year,Yes,Credit card (automatic),71.56,1441.89,No
2159-KTAZG,Female,0,Yes,No,23,Yes,No,No,No internet service,No internet service,No internet service,No internet service,No internet service,No internet service,Month-to-month,No,Credit card (automatic),26.62,595.69,No
1340-UQJKV,Female,0,Yes,Yes,2,Yes,No,DSL,Yes,Yes,Yes,No,No,Yes,Month-to-month,Yes,Electronic check,74.61,144.05,Yes
7376-IXEQI,Male,0,Yes,Yes,6,Yes,No,DSL,Yes,No,No,Yes,No,No,Month-to-month,No,Electronic check,59.98,367.26,No
1855-USGWI,Male,0,No,No,13,Yes,Yes,DSL,Yes,Yes,Yes,No,Yes,Yes,Month-to-month,Yes,Bank transfer (automatic),75.56,979.83,Yes
6670-MKNSK,Female,1,No,No,36,Yes,No,No,No internet service,No internet service,No internet service,No internet service,No internet service,No internet service,Month-to-month,No,Mailed check,19.16,696.81,No
2356-NMAHL,Female,1,Yes,Yes,0,Yes,Yes,DSL,No,No,No,Yes,Yes,Yes,One year,No,Electronic check,72.67, ,No
9210-LHHUM,Female,0,Yes,Yes,9,No,No phone service,No,No internet service,No internet service,No internet service,No internet service,No internet service,No internet service,Month-to-month,No,Bank transfer (automatic),27.53,238.44,No
7588-PAMZG,Male,0,No,Yes,0,Yes,Yes,Fiber optic,Yes,No,No,No,Yes,Yes,Month-to-month,No,Bank transfer (automatic),102.17, ,Yes
1987-ZEHYN,Female,0,Yes,No,17,No,No phone service,DSL,Yes,No,No,No,Yes,Yes,Month-to-month,Yes,Electronic check,64.55,1117.73,Yes
4741-MOWQO,Male,0,No,Yes,16,Yes,No,DSL,Yes,No,No,No,No,Yes,Month-to-month,Yes,Electronic check,65.36,1048.42,Yes
2875-RRBDA,Male,0,Yes,No,33,Yes,No,Fiber optic,No,No,No,No,No,No,Two year,No,Bank transfer (automatic),79.06,2629.63,No
9611-RESOH,Female,0,No,Yes,0,Yes,No,Fiber optic,No,No,No,No,No,No,Month-to-month,Yes,Mailed check,81.93, ,Yes
4808-LZSOI,Male,0,Yes,Yes,34,Yes,No,Fiber optic,Yes,Yes,No,No,Yes,No,Month-to-month,Yes,Credit card (automatic),97.82,3323.78,No
6889-IJBSK,Female,0,Yes,No,53,Yes,Yes,DSL,Yes,Yes,No,Yes,Yes,Yes,Month-to-month,No,Electronic check,89.49,4735.38,No
5658-VIYGC,Female,0,Yes,No,9,Yes,No,Fiber optic,Yes,No,No,No,No,Yes,One year,Yes,Bank transfer (automatic),86.64,777.63,No
4155-FUBFC,Male,0,No,No,9,Yes,No,DSL,Yes,No,No,Yes,No,No,One year,No,Electronic check,59.62,546.24,Yes
7031-HBQIL,Male,1,No,Yes,0,Yes,No,Fiber optic,No,Yes,No,Yes,Yes,No,One year,Yes,Electronic check,98.3, ,No
3466-KAWMO,Female,1,No,Yes,13,Yes,No,DSL,Yes,No,Yes,No,No,No,One year,No,Mailed check,58.92,769.82,No
6476-UQYWX,Male,0,Yes,No,22,Yes,Yes,No,No internet service,No internet service,No internet service,No internet service,No internet service,No internet service,Month-to-month,Yes,Electronic check,26.14,566.88,No
6624-FUVKR,Male,0,No,No,3,Yes,No,No,No internet service,No internet service,No internet service,No internet service,No internet service,No internet service,Month-to-month,No,Electronic check,21.08,57.21,Yes
7563-CMWIU,Male,0,Yes,No,25,Yes,Yes,Fiber optic,Yes,No,No,No,No,No,Month-to-month,Yes,Credit card (automatic),92.14,2297.95,No
4259-LBCCL,Female,0,No,No,10,Yes,Yes,DSL,Yes,No,No,Yes,Yes,No,One year,Yes,Electronic check,63.96,642.26,Yes
7990-IWHKP,Female,0,Yes,No,26,Yes,No,Fiber optic,Yes,Yes,No,Yes,Yes,No,Month-to-month,Yes,Mailed check,91.66,2397.26,Yes
2141-DAXGB,Male,0,No,No,6,Yes,No,Fiber optic,Yes,Yes,Yes,No,Yes,Yes,One year,No,Credit card (automatic),105.61,622.86,No
7583-EGDEX,Female,0,No,No,35,Yes,No,DSL,Yes,No,No,No,No,No,Month-to-month,Yes,Bank transfer (automatic),58.18,2053.3,Yes
5928-AOTSJ,Female,0,No,No,19,Yes,No,Fiber optic,Yes,No,Yes,No,No,No,One year,Yes,Mailed check,82.12,1552.16,No
8611-RCKOK,Male,0,No,Yes,18,No,No phone service,DSL,No,Yes,No,Yes,Yes,Yes,Month-to-month,No,Electronic check,70.57,1265.31,No
2829-EHBPT,Male,0,Yes,No,16,Yes,No,DSL,Yes,No,Yes,Yes,No,Yes,One year,No,Credit card (automatic),79.63,1246.53,No
2054-DQMRE,Male,0,No,No,44,Yes,Yes,Fiber optic,No,No,Yes,No,Yes,Yes,Month-to-month,Yes,Bank transfer (automatic),96.54,4231.21,No
8069-XXCKM,Female,1,No,No,19,Yes,No,No,No internet service,No internet service,No internet service,No internet service,No internet service,No internet service,Month-to-month,No,Electronic check,25.71,497.9,Yes
8939-ZNVKJ,Female,0,Yes,No,4,Yes,No,DSL,No,No,Yes,No,No,No,Two year,Yes,Credit card (automatic),57.92,227.36,No
3309-OUJEZ,Male,0,No,Yes,23,Yes,No,Fiber optic,Yes,No,Yes,No,Yes,No,Month-to-month,No,Electronic check,102.68,2368.13,Yes
3172-EJECW,Female,0,No,No,17,Yes,No,No,No internet service,No internet service,No internet service,No internet service,No internet service,No internet service,Two year,Yes,Bank transfer (automatic),18.25,308.66,Yes
7789-DRIQM,Female,0,Yes,Yes,1,Yes,Yes,DSL,No,No,No,No,Yes,No,Month-to-month,Yes,Mailed check,61.94,55.08,No
5154-OTQMP,Female,0,No,No,20,Yes,No,No,No internet service,No internet service,No internet service,No internet service,No internet service,No internet service,One year,Yes,Credit card (automatic),30.69,630.43,No
4236-IQMBM,Male,0,No,No,1,Yes,No,DSL,No,Yes,No,No,No,Yes,Month-to-month,No,Credit card (automatic),70.14,46.56,No
5916-WSCJB,Female,0,No,Yes,30,Yes,No,DSL,No,No,Yes,No,No,No,Two year,Yes,Bank transfer (automatic),57.3,1724.19,No
2439-MSZQU,Female,0,Yes,No,25,Yes,Yes,Fiber optic,No,No,No,Yes,No,Yes,Two year,No,Bank transfer (automatic),84.45,2104.92,No
1382-LULKG,Male,0,Yes,No,16,No,No phone service,DSL,Yes,No,No,No,No,No,Two year,No,Credit card (automatic),45.52,727.48,No
5931-SAXCM,Female,0,Yes,No,33,No,No phone service,Fiber optic,No,Yes,No,Yes,No,No,Month-to-month,Yes,Credit card (automatic),82.95,2735.16,No
7652-QCRHV,Female,1,No,No,7,Yes,Yes,Fiber optic,No,Yes,No,No,Yes,No,Month-to-month,No,Bank transfer (automatic),91.21,638.78,No
7905-SEGUH,Male,0,No,No,14,Yes,No,Fiber optic,No,Yes,Yes,No,Yes,Yes,Month-to-month,Yes,Electronic check,97.46,1338.59,No
2307-EQEDV,Female,0,No,No,0,Yes,Yes,Fiber optic,No,Yes,No,No,No,No,Two year,Yes,Electronic check,77.93, ,No
4730-UBKVM,Male,0,Yes,No,72,Yes,Yes,DSL,Yes,Yes,No,No,No,Yes,Month-to-month,Yes,Bank transfer (automatic),65.72,4727.22,No
4630-LVUVK,Female,0,No,No,1,Yes,No,DSL,Yes,Yes,No,No,Yes,No,One year,No,Bank transfer (automatic),63.24,36.91,Yes
1475-EQXTI,Female,0,Yes,Yes,2,Yes,No,No,No internet service,No internet service,No internet service,No internet service,No internet service,No internet service,Month-to-month,Yes,Mailed check,25.24,41.27,No
1557-ZLFQS,Male,0,No,Yes,16,Yes,Yes,DSL,No,No,Yes,Yes,No,No,Month-to-month,Yes,Credit card (automatic),59.2,949.9,No
5761-PLLTF,Male,0,No,No,11,Yes,Yes,Fiber optic,No,Yes,Yes,No,Yes,Yes,Month-to-month,Yes,Mailed check,102.06,1114.52,Yes
8166-WZDFK,Male,0,No,No,18,Yes,Yes,Fiber optic,Yes,Yes,No,No,No,No,Two year,Yes,Bank transfer (automatic),85.38,1550.29,No
9125-XWOKY,Female,0,No,Yes,43,Yes,Yes,Fiber optic,No,No,Yes,No,Yes,No,Two year,Yes,Electronic check,87.53,3770.44,No
7642-RQSUN,Female,0,Yes,No,4,No,No phone service,DSL,No,Yes,No,Yes,No,No,Month-to-month,No,Mailed check,45.33,181.46,No
4802-RSOOD,Male,0,No,Yes,24,Yes,No,DSL,Yes,No,No,Yes,Yes,Yes,Month-to-month,No,Mailed check,83.57,1988.94,No
1364-CPIHT,Male,0,Yes,No,0,Yes,No,Fiber optic,No,No,No,No,Yes,No,Two year,No,Electronic check,74.36, ,No
8084-QQQAH,Male,0,No,No,37,Yes,Yes,DSL,Yes,No,No,No,Yes,No,Month-to-month,Yes,Electronic check,60.85,2258.44,No
8742-FCEMO,Female,0,Yes,Yes,40,Yes,Yes,No,No internet service,No internet service,No internet service,No internet service,No internet service,No internet service,Month-to-month,Yes,Electronic check,21.69,861.08,No
8661-WPRVV,Female,0,No,Yes,11,Yes,No,Fiber optic,No,Yes,No,No,No,Yes,Two year,No,Credit card (automatic),97.39,1067.5,No
5778-CVJJU,Male,0,No,No,4,Yes,Yes,No,No internet service,No internet service,No internet service,No internet service,No internet service,No internet service,Two year,No,Electronic check,18.98,69.37,No
2999-LBIXC,Female,0,Yes,No,39,Yes,Yes,DSL,No,No,Yes,No,No,Yes,Month-to-month,Yes,Credit card (automatic),69.07,2695.34,No
1695-YOCSR,Female,0,No,No,57,Yes,Yes,No,No internet service,No internet service,No internet service,No internet service,No internet service,No internet service,Month-to-month,Yes,Bank transfer (automatic),25.06,1417.27,No
3841-QHGGC,Female,0,No,No,1,Yes,Yes,Fiber optic,Yes,No,No,No,Yes,No,Month-to-month,No,Bank transfer (automatic),77.92,76.36,No
2088-DYEAO,Male,0,Yes,No,20,Yes,Yes,DSL,No,No,Yes,No,Yes,No,Month-to-month,No,Bank transfer (automatic),56.93,1135.01,Yes
6668-MHHEI,Female,0,No,No,66,Yes,No,DSL,No,Yes,Yes,Yes,Yes,No,Month-to-month,Yes,Credit card (automatic),69.7,4598.12,Yes
9448-DCBHW,Male,0,Yes,No,24,No,No phone service,No,No internet service,No internet service,No internet service,No internet service,No internet service,No internet service,Month-to-month,No,Bank transfer (automatic),22.91,557.62,No
5897-NNDFK,Male,1,No,No,41,Yes,No,Fiber optic,No,No,No,No,No,No,Two year,Yes,Bank transfer (automatic),73.48,3025.45,No
4426-HCNMM,Male,0,No,Yes,6,Yes,Yes,No,No internet service,No internet service,No internet service,No internet service,No internet service,No internet service,One year,No,Mailed check,32.27,180.24,Yes
6409-MSFPB,Male,0,No,Yes,2,Yes,Yes,Fiber optic,No,No,Yes,No,Yes,Yes,Two year,No,Credit card (automatic),103.91,208.51,No
6776-WBJPF,Male,0,Yes,No,11,Yes,Yes,Fiber optic,No,Yes,No,No,No,No,Month-to-month,Yes,Electronic check,78.99,848.14,No
8355-BBZMX,Male,0,Yes,No,12,Yes,No,Fiber optic,No,Yes,Yes,No,No,Yes,Two year,Yes,Mailed check,89.4,1067.45,No
3555-BGCHW,Female,0,No,No,37,Yes,No,Fiber optic,No,Yes,Yes,Yes,No,No,Two year,Yes,Electronic check,94.75,3504.95,No
5727-WVGUG,Male,0,No,No,12,Yes,Yes,No,No internet service,No internet service,No internet service,No internet service,No internet service,No internet service,Month-to-month,Yes,Mailed check,18.25,206.08,Yes
3368-QIUMU,Female,0,No,No,6,Yes,Yes,Fiber optic,Yes,No,No,Yes,Yes,No,Month-to-month,Yes,Mailed check,99.7,586.14,Yes
8570-USYYV,Female,1,Yes,No,52,Yes,No,Fiber optic,No,No,No,No,Yes,Yes,Month-to-month,Yes,Credit card (automatic),89.7,4663.13,No
1182-WJJDH,Female,0,No,No,36,Yes,No,Fiber optic,Yes,No,No,No,No,Yes,Month-to-month,Yes,Credit card (automatic),98.49,3558.52,No
2589-TTRNR,Female,0,Yes,No,26,Yes,No,DSL,No,Yes,Yes,Yes,No,No,Month-to-month,Yes,Bank transfer (automatic),67.03,1741.42,Yes
7555-NTUXO,Male,1,No,No,5,Yes,No,No,No internet service,No internet service,No internet service,No internet service,No internet service,No internet service,Month-to-month,Yes,Electronic check,23.37,104.04,Yes
7846-DMWHR,Female,0,Yes,No,5,Yes,No,DSL,No,No,Yes,No,No,No,Month-to-month,Yes,Mailed check,52.62,250.45,No
7046-NBRXB,Male,1,No,Yes,16,Yes,Yes,DSL,Yes,No,Yes,No,No,Yes,Two year,Yes,Electronic check,68.83,1104.69,No
8016-LQOYQ,Male,0,Yes,Yes,18,Yes,Yes,Fiber optic,No,Yes,No,No,Yes,No,Month-to-month,Yes,Mailed check,92.78,1672.56,No
8161-ZRVFQ,Female,1,Yes,Yes,7,Yes,Yes,DSL,Yes,No,No,No,No,Yes,Month-to-month,No,Electronic check,57.12,397.46,No
7056-FELYK,Male,1,No,No,3,Yes,Yes,Fiber optic,Yes,No,No,No,No,No,Month-to-month,Yes,Bank transfer (automatic),84.46,246.43,Yes
5728-AKSIB,Female,1,No,No,10,Yes,No,DSL,Yes,Yes,No,Yes,No,Yes,One year,No,Electronic check,69.5,689.79,Yes
5523-DDROS,Male,0,No,No,13,Yes,No,No,No internet service,No internet service,No internet service,No internet service,No internet service,No internet service,Month-to-month,Yes,Bank transfer (automatic),27.97,362.64,No
3224-FPXLS,Male,1,No,No,1,Yes,Yes,Fiber optic,No,No,No,Yes,No,Yes,One year,Yes,Credit card (automatic),95.64,91.93,No
9662-ZAYXW,Male,0,Yes,Yes,19,Yes,Yes,DSL,Yes,No,Yes,Yes,No,No,Two year,No,Electronic check,68.36,1317.03,No
7318-WUUKM,Female,0,No,No,0,Yes,Yes,Fiber optic,No,Yes,Yes,No,No,No,Month-to-month,No,Electronic check,81.05, ,No
4607-LKQDO,Female,0,No,Yes,3,Yes,No,Fiber optic,No,Yes,No,Yes,No,Yes,Month-to-month,No,Credit card (automatic),101.58,306.96,No
5888-IUTSS,Male,0,Yes,Yes,3,Yes,Yes,Fiber optic,No,Yes,No,No,No,Yes,Month-to-month,No,Bank transfer (automatic),92.0,276.03,Yes
2316-JQEVP,Male,0,Yes,No,27,Yes,Yes,Fiber optic,No,Yes,No,No,No,No,Two year,No,Credit card (automatic),72.97,1968.14,No
3587-ICOPR,Female,0,Yes,Yes,15,Yes,No,Fiber optic,No,Yes,Yes,No,Yes,Yes,One year,No,Mailed check,105.08,1576.31,Yes
8935-NCLIG,Male,1,Yes,No,43,Yes,No,DSL,Yes,Yes,No,No,No,No,Two year,No,Electronic check,57.83,2478.64,No
5072-MREMD,Female,0,Yes,No,7,Yes,No,Fiber optic,No,No,Yes,No,Yes,No,Month-to-month,Yes,Mailed check,90.14,639.29,Yes
5424-FKVXV,Female,1,No,No,5,Yes,Yes,Fiber optic,No,Yes,Yes,No,Yes,No,Two year,Yes,Credit card (automatic),87.52,434.15,No
3016-DMWMM,Female,0,No,Yes,38,Yes,No,Fiber optic,No,Yes,No,Yes,No,No,One year,No,Electronic check,75.2,2864.31,No
9353-IXHGD,Female,0,Yes,Yes,14,Yes,No,Fiber optic,No,Yes,No,No,No,No,Month-to-month,Yes,Credit card (automatic),79.8,1124.95,No
8170-FLLUH,Male,0,No,No,7,Yes,No,DSL,No,Yes,No,Yes,Yes,No,Month-to-month,Yes,Mailed check,71.72,507.48,No
2461-ADUKC,Female,0,No,No,13,Yes,No,DSL,No,Yes,No,Yes,Yes,Yes,One year,Yes,Electronic check,80.61,1040.93,No
2548-YQVVJ,Female,0,No,No,13,Yes,Yes,No,No internet service,No internet service,No internet service,No internet service,No internet service,No internet service,Month-to-month,No,Mailed check,27.03,359.13,No
7708-LOUJN,Female,0,Yes,No,20,Yes,No,Fiber optic,Yes,Yes,No,No,No,Yes,Two year,Yes,Electronic check,98.22,1948.79,No
4748-FXBVQ,Female,0,No,No,0,Yes,No,DSL,Yes,No,No,No,Yes,No,Two year,Yes,Bank transfer (automatic),64.85, ,Yes
8011-NJCYC,Male,0,Yes,Yes,6,Yes,No,No,No internet service,No internet service,No internet service,No internet service,No internet service,No internet service,Month-to-month,Yes,Electronic check,18.25,108.16,No
3158-FQLVT,Female,0,No,Yes,15,Yes,No,No,No internet service,No internet service,No internet service,No internet service,No internet service,No internet service,Two year,Yes,Credit card (automatic),25.79,394.41,No
8703-KYDZZ,Male,0,Yes,No,18,Yes,No,Fiber optic,Yes,Yes,Yes,No,No,No,Month-to-month,Yes,Electronic check,89.47,1622.56,Yes
4923-WPOQH,Female,0,No,Yes,4,Yes,No,DSL,No,Yes,Yes,Yes,Yes,Yes,Month-to-month,No,Bank transfer (automatic),76.48,314.37,No
3745-LVUJO,Female,0,No,No,5,Yes,Yes,DSL,No,No,No,Yes,Yes,No,Two year,No,Credit card (automatic),73.0,366.77,No
3792-BEFGU,Male,0,Yes,No,31,Yes,No,No,No internet service,No internet service,No internet service,No internet service,No internet service,No internet service,One year,Yes,Bank transfer (automatic),27.0,838.56,No
9224-WZGTY,Female,0,Yes,Yes,36,Yes,No,DSL,No,Yes,No,Yes,No,Yes,Month-to-month,Yes,Bank transfer (automatic),63.68,2309.25,No
4709-LPPKU,Male,1,No,No,1,Yes,No,Fiber optic,Yes,No,No,No,No,Yes,One year,Yes,Mailed check,82.07,60.47,No
5579-MGDOS,Female,0,No,No,72,Yes,No,DSL,No,No,Yes,No,No,Yes,Month-to-month,No,Electronic check,62.04,4458.99,No
5552-KHAWY,Male,0,No,No,13,No,No phone service,DSL,Yes,No,No,No,No,Yes,One year,Yes,Electronic check,56.04,715.47,No
9835-HCIBB,Male,0,No,No,21,Yes,No,Fiber optic,Yes,No,No,No,No,No,Two year,Yes,Bank transfer (automatic),88.38,1857.15,No
4276-OWLZD,Male,1,Yes,Yes,21,No,No phone service,DSL,No,No,No,No,No,No,Month-to-month,Yes,Credit card (automatic),44.44,943.04,No
6223-IWEXT,Male,0,Yes,No,10,Yes,Yes,Fiber optic,Yes,Yes,No,No,No,No,Two year,Yes,Credit card (automatic),94.18,949.36,No
7683-VIQZL,Male,0,No,No,18,No,No phone service,Fiber optic,No,No,No,No,Yes,Yes,One year,No,Mailed check,88.86,1602.89,No
1025-YJMSK,Female,0,Yes,No,21,Yes,No,DSL,Yes,Yes,Yes,No,No,Yes,Month-to-month,Yes,Credit card (automatic),77.45,1617.29,No
9652-UHHDO,Male,0,No,No,34,Yes,No,No,No internet service,No internet service,No internet service,No internet service,No internet service,No internet service,Two year,Yes,Bank transfer (automatic),26.5,921.03,No
8006-KKAQO,Male,0,No,No,26,Yes,Yes,Fiber optic,No,No,No,No,No,No,One year,Yes,Electronic check,71.66,1876.39,No
7707-FXVYO,Female,0,No,No,14,Yes,Yes,No,No internet service,No internet service,No internet service,No internet service,No internet service,No internet service,One year,No,Electronic check,22.08,321.05,No
9350-INRZQ,Male,0,Yes,Yes,5,Yes,No,No,No internet service,No internet service,No internet service,No internet service,No internet service,No internet service,Month-to-month,Yes,Mailed check,22.92,120.55,No
8763-TIKXV,Female,0,Yes,No,0,Yes,No,Fiber optic,No,No,Yes,No,Yes,Yes,Month-to-month,No,Bank transfer (automatic),90.83, ,No
2696-RFBOZ,Female,0,No,No,25,Yes,No,Fiber optic,No,Yes,No,Yes,No,No,Two year,No,Electronic check,90.66,2273.8,No
7420-NEFFV,Male,0,Yes,No,15,Yes,Yes,Fiber optic,No,No,No,No,No,Yes,Month-to-month,No,Electronic check,93.27,1396.02,No
7589-RNJNM,Male,0,Yes,No,72,Yes,No,Fiber optic,Yes,No,No,Yes,Yes,No,Month-to-month,Yes,Bank transfer (automatic),102.15,7355.82,No
2757-CFHLM,Male,1,No,No,2,Yes,No,Fiber optic,Yes,Yes,Yes,No,Yes,No,Month-to-month,Yes,Credit card (automatic),95.21,187.9,Yes
9811-AQPKM,Male,1,Yes,Yes,1,Yes,No,Fiber optic,Yes,No,No,Yes,Yes,No,Month-to-month,Yes,Bank transfer (automatic),98.4,94.14,Yes
5958-LFIPD,Male,0,Yes,No,4,Yes,Yes,DSL,No,No,No,No,No,Yes,Month-to-month,No,Electronic check,55.69,225.67,No
3743-ZYLKE,Male,0,Yes,No,11,Yes,No,DSL,No,Yes,No,Yes,No,No,One year,No,Electronic check,55.56,614.1,No
8186-WWFVR,Female,1,Yes,No,4,Yes,Yes,No,No internet service,No internet service,No internet service,No internet service,No internet service,No internet service,Month-to-month,No,Credit card (automatic),21.22,90.65,Yes
1619-SBQKK,Female,0,No,No,14,Yes,Yes,Fiber optic,Yes,No,Yes,No,Yes,Yes,Month-to-month,Yes,Credit card (automatic),95.57,1343.08,No
9436-PBBWH,Female,0,Yes,No,9,Yes,No,No,No internet service,No internet service,No internet service,No internet service,No internet service,No internet service,Month-to-month,Yes,Mailed check,23.64,205.02,No
4212-JHDOA,Female,0,Yes,No,72,Yes,Yes,Fiber optic,Yes,No,No,Yes,Yes,Yes,Two year,No,Electronic check,105.8,7610.55,No
8594-GQTXR,Male,0,No,No,72,No,No phone service,DSL,No,No,No,No,No,Yes,One year,No,Bank transfer (automatic),54.27,3916.56,No
6973-VLIEJ,Male,0,No,No,10,Yes,Yes,Fiber optic,No,No,No,No,No,Yes,One year,No,Mailed check,70.14,708.14,No
4619-EJKUX,Female,0,No,No,37,Yes,Yes,No,No internet service,No internet service,No internet service,No internet service,No internet service,No internet service,Month-to-month,Yes,Credit card (automatic),21.0,792.17,No
3217-HBWHP,Male,0,No,Yes,6,Yes,Yes,Fiber optic,No,No,No,No,No,No,Month-to-month,Yes,Electronic check,71.26,437.38,Yes
6722-VEYCL,Male,0,No,No,1,Yes,No,DSL,Yes,No,Yes,No,No,Yes,Month-to-month,Yes,Mailed check,75.03,81.69,Yes
2676-MJDIV,Female,1,Yes,No,0,Yes,No,DSL,No,No,Yes,No,Yes,Yes,Month-to-month,No,Mailed check,64.87, ,No
8927-WBSAY,Female,0,No,Yes,0,Yes,Yes,Fiber optic,No,No,No,Yes,Yes,No,Month-to-month,Yes,Mailed check,87.05, ,Yes
5422-QCTTU,Female,0,Yes,No,31,Yes,No,No,No internet service,No internet service,No internet service,No internet service,No internet service,No internet service,Month-to-month,Yes,Credit card (automatic),28.82,896.95,No
8778-QGZNQ,Female,0,No,No,10,Yes,No,DSL,No,No,Yes,No,No,No,One year,No,Bank transfer (automatic),50.58,497.87,No
5369-MTTUR,Male,1,Yes,No,41,Yes,Yes,Fiber optic,Yes,Yes,Yes,No,No,Yes,Month-to-month,No,Credit card (automatic),97.17,3991.0,No
4008-RAZZM,Female,0,No,No,49,Yes,No,DSL,No,Yes,Yes,Yes,No,Yes,One year,No,Electronic check,79.18,3888.28,No
4699-WJKII,Male,0,Yes,No,8,Yes,No,Fiber optic,Yes,Yes,Yes,No,No,No,One year,Yes,Mailed check,95.79,766.53,No
2913-AQVBX,Female,0,Yes,No,8,Yes,No,Fiber optic,No,Yes,No,No,No,No,Month-to-month,No,Electronic check,84.03,684.52,Yes
2772-IDEKX,Female,0,No,Yes,8,Yes,No,DSL,No,No,Yes,Yes,No,Yes,Month-to-month,No,Credit card (automatic),69.68,560.12,No
1660-CLZSS,Female,0,No,No,15,Yes,No,Fiber optic,No,Yes,Yes,No,No,No,Month-to-month,Yes,Electronic check,83.07,1254.55,Yes
2132-GOWGZ,Male,0,Yes,Yes,0,Yes,Yes,Fiber optic,No,No,No,Yes,No,No,Two year,No,Electronic check,71.4, ,Yes
8812-UNDWJ,Male,0,No,Yes,0,Yes,No,DSL,Yes,No,No,No,Yes,No,Two year,Yes,Electronic check,71.68, ,No
9275-ORTMH,Male,0,Yes,No,31,Yes,Yes,Fiber optic,Yes,No,Yes,Yes,No,Yes,Two year,No,Bank transfer (automatic),100.52,3138.59,No
7696-PSPGN,Male,0,No,Yes,39,Yes,No,Fiber optic,Yes,No,No,Yes,No,No,Month-to-month,Yes,Electronic check,90.05,3515.18,No
5570-DZOCE,Female,0,No,Yes,5,Yes,Yes,DSL,No,Yes,No,Yes,No,No,One year,No,Electronic check,54.26,282.68,No
4607-XJDCB,Female,0,No,No,21,Yes,No,DSL,No,No,No,No,Yes,Yes,Month-to-month,Yes,Mailed check,58.78,1231.65,No
9120-QWUXT,Female,0,No,No,5,Yes,Yes,DSL,No,Yes,No,Yes,No,Yes,One year,Yes,Bank transfer (automatic),72.07,366.21,No
1278-MEUIY,Female,0,No,No,31,Yes,No,No,No internet service,No internet service,No internet service,No internet service,No internet service,No internet service,Month-to-month,Yes,Bank transfer (automatic),19.54,601.87,No
4832-VFEYJ,Male,0,Yes,No,13,Yes,No,DSL,No,No,No,Yes,Yes,Yes,Month-to-month,Yes,Electronic check,68.49,892.66,No
7534-GFUTC,Female,0,Yes,Yes,41,Yes,No,No,No internet service,No internet service,No internet service,No internet service,No internet service,No internet service,One year,Yes,Bank transfer (automatic),28.85,1203.5,No
9575-SVODL,Female,0,Yes,No,71,Yes,No,Fiber optic,Yes,Yes,No,No,No,No,Two year,Yes,Electronic check,82.68,5870.69,No
4109-SDOIE,Female,0,No,No,19,Yes,Yes,No,No internet service,No internet service,No internet service,No internet service,No internet service,No internet service,Month-to-month,No,Credit card (automatic),21.97,411.62,No
7028-WZREY,Male,1,No,No,55,Yes,No,No,No internet service,No internet service,No internet service,No internet service,No internet service,No internet service,Month-to-month,No,Electronic check,27.81,1524.52,Yes
1205-YPOVD,Male,0,No,No,0,Yes,Yes,No,No internet service,No internet service,No internet service,No internet service,No internet service,No internet service,Month-to-month,Yes,Mailed check,20.26, ,No
6141-UVUHQ,Male,0,Yes,No,14,Yes,No,DSL,No,Yes,Yes,Yes,Yes,No,Month-to-month,No,Electronic check,76.04,1066.72,Yes
9463-WJJBI,Female,0,No,No,16,Yes,No,DSL,Yes,No,No,No,No,Yes,Month-to-month,No,Mailed check,60.16,952.63,No
4722-JVYQD,Male,0,No,No,12,Yes,No,No,No internet service,No internet service,No internet service,No internet service,No internet service,No internet service,Month-to-month,No,Electronic check,24.74,305.38,No
6679-TOYUE,Male,0,No,No,9,Yes,No,Fiber optic,No,Yes,Yes,No,Yes,Yes,Month-to-month,Yes,Bank transfer (automatic),102.38,928.35,No
3800-AYSDQ,Female,0,No,No,30,Yes,No,DSL,No,No,No,No,Yes,No,One year,Yes,Mailed check,49.62,1468.75,No
8361-HOGFA,Male,0,No,Yes,19,Yes,Yes,No,No internet service,No internet service,No internet service,No internet service,No internet service,No internet service,Month-to-month,Yes,Mailed check,29.97,586.53,No
1406-ZGYQB,Female,0,No,No,2,Yes,Yes,Fiber optic,Yes,No,No,No,No,Yes,One year,Yes,Credit card (automatic),82.46,158.8,No
1680-IMFFT,Female,0,No,Yes,72,Yes,No,DSL,Yes,No,No,No,No,No,One year,Yes,Mailed check,58.38,4180.2,No
3292-CQQLP,Male,1,Yes,No,52,No,No phone service,DSL,No,Yes,Yes,No,Yes,No,Two year,No,Electronic check,61.05,3179.81,No
1174-MWAQC,Female,0,No,No,10,Yes,Yes,No,No internet service,No internet service,No internet service,No internet service,No internet service,No internet service,Month-to-month,No,Electronic check,22.27,236.46,Yes
4171-DRQSK,Female,0,Yes,No,6,Yes,No,No,No internet service,No internet service,No internet service,No internet service,No internet service,No internet service,Month-to-month,Yes,Bank transfer (automatic),25.89,163.66,No
2907-CHNZA,Female,0,Yes,Yes,23,Yes,No,No,No internet service,No internet service,No internet service,No internet service,No internet service,No internet service,One year,Yes,Electronic check,24.03,543.52,No
2293-BWDXS,Female,0,No,Yes,1,Yes,Yes,Fiber optic,No,Yes,Yes,Yes,Yes,No,One year,Yes,Bank transfer (automatic),93.02,109.21,No
5997-YAQHS,Male,0,No,No,16,Yes,No,DSL,No,No,Yes,Yes,No,Yes,Two year,Yes,Credit card (automatic),65.58,1062.71,No
3240-EPFHM,Female,1,No,No,26,Yes,No,DSL,No,No,No,Yes,No,Yes,One year,No,Mailed check,58.55,1509.04,No
2855-CSLPK,Male,1,No,Yes,12,Yes,Yes,DSL,No,No,Yes,No,No,No,Month-to-month,No,Electronic check,48.06,589.76,Yes
2481-YTDLW,Female,0,Yes,No,72,No,No phone service,DSL,Yes,No,Yes,No,Yes,Yes,Month-to-month,No,Bank transfer (automatic),69.82,5030.13,No
4093-SYEHG,Female,0,No,No,30,Yes,Yes,Fiber optic,Yes,Yes,No,Yes,No,No,Two year,Yes,Mailed check,78.94,2360.63,No
4277-XWCRP,Female,0,Yes,Yes,65,Yes,Yes,Fiber optic,No,Yes,No,No,Yes,No,Month-to-month,No,Electronic check,90.87,5922.48,Yes
5690-SRTPH,Female,0,Yes,Yes,57,Yes,Yes,No,No internet service,No internet service,No internet service,No internet service,No internet service,No internet service,One year,Yes,Bank transfer (automatic),25.52,1466.31,No
8291-AQLUK,Female,0,No,No,3,Yes,No,Fiber optic,No,Yes,No,No,Yes,No,Month-to-month,No,Bank transfer (automatic),82.16,240.11,No
1139-QFAEY,Female,0,Yes,Yes,26,Yes,Yes,Fiber optic,No,No,No,No,No,Yes,One year,No,Bank transfer (automatic),81.47,2127.17,No
7043-NEVXA,Female,0,No,No,21,Yes,Yes,Fiber optic,No,No,No,Yes,Yes,No,Two year,Yes,Bank transfer (automatic),96.06,2019.49,No
1049-PISVE,Male,0,No,No,1,Yes,No,DSL,No,Yes,Yes,No,Yes,No,Two year,Yes,Bank transfer (automatic),65.19,67.65,No
9058-BOGDA,Male,0,Yes,No,9,Yes,Yes,Fiber optic,No,No,Yes,No,No,Yes,Two year,Yes,Electronic check,92.31,829.44,Yes
4765-GOWNW,Male,0,Yes,No,18,No,No phone service,Fiber optic,Yes,No,Yes,Yes,Yes,Yes,One year,No,Credit card (automatic),99.35,1790.35,Yes
9319-VXTXR,Female,0,Yes,No,19,Yes,No,DSL,Yes,No,Yes,No,Yes,No,Month-to-month,Yes,Credit card (automatic),61.61,1177.64,Yes
3761-IYHZJ,Male,1,Yes,No,40,Yes,No,No,No internet service,No internet service,No internet service,No internet service,No internet service,No internet service,Month-to-month,No,Electronic check,19.29,770.43,No
7160-BFZEI,Female,0,Yes,No,21,Yes,No,Fiber optic,No,No,No,No,Yes,No,One year,Yes,Electronic check,83.2,1759.99,No
2988-RZTIQ,Male,0,No,No,15,Yes,No,Fiber optic,Yes,Yes,Yes,Yes,Yes,No,Two year,Yes,Mailed check,107.76,1629.89,Yes
4802-QLGCJ,Male,0,No,Yes,33,Yes,No,DSL,Yes,No,Yes,No,No,No,Month-to-month,Yes,Credit card (automatic),61.56,2026.65,No
7241-YCPBX,Female,0,Yes,No,20,Yes,No,Fiber optic,No,No,Yes,No,Yes,Yes,Month-to-month,No,Electronic check,102.68,2040.91,No
7309-VZKWG,Female,0,Yes,No,51,Yes,No,DSL,No,No,Yes,No,Yes,Yes,Two year,No,Mailed check,70.05,3579.96,No
2518-FTIVT,Female,0,Yes,No,56,Yes,No,Fiber optic,No,Yes,No,Yes,Yes,No,One year,Yes,Electronic check,96.85,5409.83,No
4554-OBUBV,Female,0,Yes,Yes,22,No,No phone service,DSL,Yes,No,Yes,No,Yes,Yes,One year,Yes,Mailed check,67.75,1507.24,No
2742-JIAPF,Female,0,Yes,No,19,Yes,No,Fiber optic,No,No,No,No,No,No,Month-to-month,No,Mailed check,75.14,1433.76,Yes
5195-BDASZ,Male,0,Yes,No,28,Yes,Yes,Fiber optic,No,Yes,No,No,No,Yes,Two year,Yes,Bank transfer (automatic),83.82,2345.96,No
7409-UOVSP,Female,1,No,No,31,Yes,No,No,No internet service,No internet service,No internet service,No internet service,No internet service,No internet service,Month-to-month,Yes,Electronic check,18.25,561.01,No
2271-VDBYM,Female,0,Yes,Yes,31,Yes,No,Fiber optic,Yes,No,No,No,No,No,Month-to-month,Yes,Credit card (automatic),81.92,2531.0,No
9475-AQMDG,Female,0,Yes,No,23,Yes,Yes,DSL,No,No,No,No,No,Yes,Month-to-month,Yes,Bank transfer (automatic),55.77,1281.9,No
1816-IDSAJ,Male,0,No,Yes,34,Yes,Yes,No,No internet service,No internet service,No internet service,No internet service,No internet service,No internet service,One year,Yes,Credit card (automatic),20.45,698.33,No
3093-JFPFQ,Female,0,No,Yes,3,No,No phone service,Fiber optic,Yes,No,No,No,No,Yes,Month-to-month,No,Electronic check,78.28,236.25,No
5937-RVRCT,Male,0,Yes,No,41,Yes,Yes,Fiber optic,Yes,Yes,No,No,Yes,No,Two year,Yes,Credit card (automatic),79.58,3248.52,No
8674-UYOOD,Male,0,No,No,8,Yes,No,DSL,No,Yes,Yes,No,Yes,Yes,Two year,Yes,Bank transfer (automatic),65.64,525.73,No
4676-IZSXQ,Male,0,No,Yes,52,Yes,No,Fiber optic,No,No,Yes,Yes,No,Yes,Month-to-month,No,Electronic check,86.49,4495.58,Yes
5138-YIJRT,Male,0,No,Yes,3,Yes,Yes,DSL,Yes,No,No,No,No,Yes,One year,No,Electronic check,67.81,202.04,Yes
9560-UWOTO,Female,1,No,No,0,Yes,Yes,DSL,No,No,No,Yes,No,Yes,Two year,Yes,Electronic check,63.56, ,No
6119-AYNEK,Female,0,Yes,No,0,Yes,Yes,Fiber optic,No,No,No,No,No,No,One year,Yes,Mailed check,76.99, ,Yes
6039-BHKRC,Female,0,No,No,5,Yes,Yes,Fiber optic,No,No,Yes,No,Yes,Yes,One year,Yes,Credit card (automatic),96.07,483.5,Yes
4901-ZAKPR,Female,0,No,No,2,Yes,Yes,Fiber optic,No,No,Yes,Yes,Yes,No,Two year,Yes,Electronic check,86.86,175.55,No
2629-PWJRF,Male,0,No,No,19,No,No phone service,No,No internet service,No internet service,No internet service,No internet service,No internet service,No internet service,Two year,Yes,Credit card (automatic),18.25,356.09,No
5370-DMXNC,Male,0,No,No,14,Yes,Yes,DSL,No,Yes,Yes,No,Yes,Yes,Month-to-month,Yes,Mailed check,68.61,958.24,No
2993-FAWXN,Female,0,No,No,22,Yes,Yes,Fiber optic,No,No,No,No,No,No,Month-to-month,Yes,Bank transfer (automatic),79.51,1752.7,No
1690-NJQIF,Female,0,No,No,5,Yes,Yes,Fiber optic,No,No,Yes,No,Yes,Yes,Two year,Yes,Bank transfer (automatic),89.73,451.33,Yes
8786-YGQAV,Female,0,No,No,33,Yes,No,No,No internet service,No internet service,No internet service,No internet service,No internet service,No internet service,One year,Yes,Bank transfer (automatic),24.97,824.81,No
5744-RXUBZ,Male,0,No,Yes,22,Yes,No,DSL,No,No,Yes,No,Yes,No,One year,No,Mailed check,68.1,1500.5,No
5458-FZHDR,Male,0,Yes,No,5,Yes,No,No,No internet service,No internet service,No internet service,No internet service,No internet service,No internet service,Two year,Yes,Mailed check,18.44,103.37,No
6738-EORBV,Male,0,No,No,12,Yes,No,Fiber optic,Yes,No,Yes,Yes,No,Yes,Two year,Yes,Credit card (automatic),92.68,1121.22,No
8352-MDVGK,Female,0,No,No,30,Yes,No,DSL,Yes,No,No,No,No,No,One year,Yes,Bank transfer (automatic),44.84,1356.38,No
9003-OAWCN,Male,0,Yes,No,27,Yes,No,DSL,No,Yes,Yes,No,No,Yes,Month-to-month,No,Bank transfer (automatic),66.69,1813.27,No
9312-AFFUP,Male,1,Yes,No,19,Yes,Yes,No,No internet service,No internet service,No internet service,No internet service,No internet service,No internet service,Two year,Yes,Mailed check,21.42,406.86,No
1644-QJURG,Male,0,No,No,72,Yes,No,DSL,No,Yes,Yes,No,Yes,Yes,Month-to-month,No,Electronic check,75.99,5475.83,No
3668-OTSCD,Female,0,No,No,3,Yes,Yes,DSL,No,Yes,Yes,No,Yes,Yes,Month-to-month,No,Electronic check,77.54,244.36,Yes
1195-LXJWY,Male,1,No,Yes,16,Yes,No,Fiber optic,Yes,Yes,No,No,No,Yes,Month-to-month,No,Credit card (automatic),88.7,1413.68,No
9468-ZTXYM,Female,0,No,No,23,Yes,No,DSL,No,No,Yes,No,No,Yes,Two year,Yes,Bank transfer (automatic),62.71,1436.69,No
3591-WEDNJ,Female,0,Yes,No,72,Yes,No,DSL,Yes,Yes,Yes,Yes,Yes,No,Two year,No,Credit card (automatic),79.9,5751.7,Yes
2200-JZGPA,Female,0,No,Yes,18,Yes,No,Fiber optic,No,No,No,No,Yes,No,Two year,No,Bank transfer (automatic),78.2,1435.74,No
8024-UIFSM,Male,1,No,No,14,Yes,Yes,No,No internet service,No internet service,No internet service,No internet service,No internet service,No internet service,Month-to-month,Yes,Electronic check,27.88,392.55,No
3594-GVIVE,Female,0,No,No,61,Yes,Yes,DSL,Yes,No,No,No,Yes,Yes,One year,Yes,Mailed check,73.61,4489.99,No
1086-QLWPC,Male,0,Yes,Yes,16,Yes,No,DSL,Yes,No,No,No,No,No,Month-to-month,No,Electronic check,57.38,919.95,Yes
7968-VIOEW,Male,0,No,No,67,Yes,No,Fiber optic,No,No,No,Yes,No,No,Two year,Yes,Credit card (automatic),79.09,5309.99,No
3700-NTOPW,Female,0,No,Yes,33,Yes,No,Fiber optic,No,No,No,No,No,No,Month-to-month,No,Electronic check,75.45,2485.87,Yes
6164-QWHUB,Female,0,Yes,No,4,Yes,No,DSL,Yes,Yes,Yes,No,No,No,Two year,Yes,Bank transfer (automatic),64.24,256.9,No
9676-FLRVV,Female,0,Yes,No,4,Yes,Yes,DSL,Yes,Yes,Yes,Yes,No,No,Month-to-month,No,Bank transfer (automatic),69.44,276.41,No
5384-QKJSN,Male,0,No,No,9,Yes,No,No,No internet service,No internet service,No internet service,No internet service,No internet service,No internet service,Two year,Yes,Bank transfer (automatic),23.45,222.37,No
5729-JOSDB,Female,0,No,No,1,Yes,No,DSL,Yes,No,Yes,No,No,No,Month-to-month,Yes,Credit card (automatic),56.99,62.94,No
8178-NGWOV,Male,1,No,No,18,Yes,Yes,Fiber optic,Yes,No,No,No,Yes,Yes,Month-to-month,No,Bank transfer (automatic),95.18,1706.72,No
1146-VOXHK,Female,0,No,No,47,Yes,Yes,Fiber optic,No,Yes,No,No,Yes,Yes,Month-to-month,No,Electronic check,102.87,4817.71,No
6628-IOAAS,Male,0,No,No,12,Yes,No,Fiber optic,Yes,No,No,No,No,Yes,One year,Yes,Electronic check,87.0,1048.61,No
3242-JHOJA,Female,0,No,No,25,Yes,No,No,No internet service,No internet service,No internet service,No internet service,No internet service,No internet service,Month-to-month,No,Electronic check,27.88,705.47,No
2948-RBSMV,Female,1,Yes,No,72,Yes,Yes,Fiber optic,No,Yes,No,No,Yes,Yes,Month-to-month,Yes,Credit card (automatic),100.4,7223.12,Yes
2920-BPOMP,Male,0,Yes,No,5,Yes,No,No,No internet service,No internet service,No internet service,No internet service,No internet service,No internet service,Month-to-month,Yes,Electronic check,28.22,145.71,No
6552-UGXZQ,Female,0,Yes,Yes,10,Yes,Yes,Fiber optic,Yes,No,Yes,No,No,No,Month-to-month,Yes,Mailed check,92.53,920.02,Yes
6388-EZQCG,Female,1,Yes,No,0,Yes,Yes,Fiber optic,Yes,Yes,No,Yes,Yes,No,One year,Yes,Mailed check,99.96, ,No
1816-GUAQQ,Female,0,Yes,No,6,Yes,Yes,DSL,No,No,No,No,Yes,Yes,One year,Yes,Mailed check,69.97,423.6,No
7314-YCOUK,Female,0,No,No,36,Yes,No,Fiber optic,Yes,No,No,Yes,No,Yes,Two year,Yes,Bank transfer (automatic),99.68,3597.24,No
4893-IXXAY,Male,0,No,Yes,25,Yes,No,Fiber optic,No,No,Yes,No,No,Yes,Month-to-month,Yes,Bank transfer (automatic),85.13,2124.74,No
7773-IGNSS,Male,0,No,Yes,36,Yes,Yes,No,No internet service,No internet service,No internet service,No internet service,No internet service,No internet service,Month-to-month,Yes,Electronic check,23.54,849.22,No
6057-IMOCK,Male,0,Yes,Yes,13,Yes,No,Fiber optic,No,Yes,No,No,Yes,Yes,Month-to-month,Yes,Electronic check,98.82,1285.9,Yes
4764-NYHRS,Male,0,Yes,No,31,Yes,No,No,No internet service,No internet service,No internet service,No internet service,No internet service,No internet service,Month-to-month,No,Credit card (automatic),19.1,590.81,No
9575-PBHVF,Male,0,Yes,Yes,21,Yes,No,DSL,No,Yes,No,No,Yes,Yes,Month-to-month,No,Mailed check,75.37,1581.42,No
3763-OYHDO,Female,0,No,No,9,Yes,Yes,Fiber optic,No,No,Yes,No,No,No,Month-to-month,Yes,Electronic check,72.95,654.17,No
9923-TYQMR,Male,1,Yes,No,12,Yes,No,Fiber optic,No,Yes,No,Yes,No,No,Two year,Yes,Bank transfer (automatic),83.21,996.21,No
7476-MVOTJ,Female,0,Yes,No,18,Yes,Yes,No,No internet service,No internet service,No internet service,No internet service,No internet service,No internet service,Month-to-month,No,Electronic check,24.43,429.61,Yes
1002-VNHWD,Male,1,Yes,No,72,Yes,Yes,Fiber optic,Yes,Yes,Yes,No,Yes,Yes,Month-to-month,No,Electronic check,98.06,7046.46,No
6626-TKZKK,Female,1,No,No,64,Yes,No,Fiber optic,Yes,No,Yes,No,Yes,No,One year,No,Electronic check,91.22,5842.3,No
1897-QIBXO,Male,0,No,Yes,72,Yes,Yes,Fiber optic,No,No,No,No,Yes,No,Month-to-month,Yes,Electronic check,76.18,5491.34,Yes
6167-YDHIZ,Female,0,Yes,Yes,0,No,No phone service,DSL,No,No,Yes,Yes,No,No,One year,Yes,Credit card (automatic),48.78, ,No
7457-EPMGZ,Male,0,Yes,No,30,Yes,Yes,Fiber optic,Yes,No,No,No,Yes,No,Month-to-month,Yes,Electronic check,94.26,2824.47,Yes
4792-CESLG,Female,0,Yes,Yes,54,No,No phone service,Fiber optic,Yes,Yes,No,No,Yes,No,Month-to-month,Yes,Bank transfer (automatic),86.06,4644.99,No
4163-IFZQP,Female,0,Yes,Yes,32,Yes,No,Fiber optic,No,No,Yes,No,No,No,One year,Yes,Bank transfer (automatic),85.0,2700.44,Yes
1990-CUZDJ,Female,0,No,Yes,12,Yes,No,DSL,Yes,No,Yes,Yes,No,No,Two year,Yes,Electronic check,65.87,795.72,No
6876-VJLJM,Female,1,Yes,No,30,Yes,No,Fiber optic,No,No,Yes,Yes,No,No,Two year,Yes,Electronic check,86.81,2598.65,No
7410-VPHHY,Female,0,Yes,No,14,Yes,Yes,Fiber optic,No,No,No,No,No,No,Month-to-month,Yes,Electronic check,72.93,1013.87,No
8404-BLJLK,Male,1,Yes,Yes,30,Yes,No,No,No internet service,No internet service,No internet service,No internet service,No internet service,No internet service,Two year,Yes,Mailed check,18.25,545.63,No
4278-PQZBR,Female,0,No,No,36,Yes,Yes,No,No internet service,No internet service,No internet service,No internet service,No internet service,No internet service,Two year,No,Credit card (automatic),33.15,1195.27,No
7539-SZWRQ,Female,1,No,No,44,Yes,No,Fiber optic,No,No,Yes,Yes,No,No,Month-to-month,No,Electronic check,88.23,3887.95,No
1383-FYOCF,Female,0,Yes,No,31,Yes,No,Fiber optic,Yes,Yes,No,No,No,No,Month-to-month,Yes,Mailed check,83.19,2578.09,Yes
7204-AMUZN,Male,0,No,Yes,4,Yes,No,Fiber optic,No,Yes,No,Yes,Yes,No,Two year,Yes,Credit card (automatic),88.95,344.35,No
1922-DGVJG,Female,0,No,Yes,66,Yes,No,DSL,No,No,No,No,No,No,One year,No,Credit card (automatic),39.85,2629.56,No
2230-DWWFX,Female,0,No,No,5,Yes,No,DSL,No,Yes,No,No,Yes,No,Month-to-month,Yes,Bank transfer (automatic),59.75,294.45,No
4940-TLAHA,Male,0,Yes,No,10,Yes,No,DSL,No,No,No,Yes,No,No,Month-to-month,No,Mailed check,60.31,601.12,No
4748-VFUCO,Male,0,Yes,No,13,Yes,Yes,DSL,No,No,Yes,No,Yes,No,Month-to-month,No,Bank transfer (automatic),65.99,856.88,No
3875-XNRPF,Female,0,No,Yes,29,Yes,No,DSL,No,No,No,Yes,Yes,No,Two year,Yes,Mailed check,61.83,1793.49,No
3103-NXHGH,Female,0,No,Yes,28,No,No phone service,Fiber optic,No,No,No,Yes,Yes,Yes,Month-to-month,No,Credit card (automatic),84.13,2357.7,No
5172-FRBHK,Male,1,No,No,72,Yes,Yes,Fiber optic,No,Yes,Yes,Yes,No,No,One year,Yes,Mailed check,91.89,6606.73,No
2205-FPTLK,Female,0,No,No,5,Yes,Yes,No,No internet service,No internet service,No internet service,No internet service,No internet service,No internet service,Two year,Yes,Credit card (automatic),25.24,141.69,No
1956-JCMCO,Female,0,Yes,No,14,Yes,Yes,Fiber optic,No,No,No,Yes,Yes,Yes,Month-to-month,Yes,Bank transfer (automatic),94.55,1325.64,No
7396-MQCTK,Female,0,Yes,No,5,Yes,No,Fiber optic,No,No,No,No,Yes,No,Month-to-month,Yes,Mailed check,83.13,415.41,No
3964-SVKPU,Male,0,No,No,26,No,No phone service,DSL,No,No,No,No,No,No,One year,No,Bank transfer (automatic),42.04,1083.09,No
3850-VFNXR,Female,0,No,No,5,Yes,No,No,No internet service,No internet service,No internet service,No internet service,No internet service,No internet service,Month-to-month,No,Electronic check,21.32,106.68,Yes
4504-DWOKZ,Female,0,No,No,48,Yes,No,DSL,Yes,No,No,No,No,Yes,Two year,Yes,Mailed check,68.27,3287.86,No
9706-PEUJS,Male,0,Yes,No,72,Yes,Yes,No,No internet service,No internet service,No internet service,No internet service,No internet service,No internet service,Month-to-month,No,Credit card (automatic),27.69,1987.44,No
1067-SKBJK,Male,0,Yes,Yes,9,Yes,No,DSL,No,No,Yes,No,Yes,Yes,Two year,Yes,Mailed check,67.08,598.13,No
8832-TPSWX,Male,1,No,No,32,Yes,Yes,Fiber optic,No,No,No,No,No,No,Month-to-month,No,Bank transfer (automatic),63.31,1988.84,Yes
1650-NBWEE,Female,0,Yes,No,18,Yes,Yes,Fiber optic,Yes,Yes,No,No,No,Yes,Month-to-month,No,Bank transfer (automatic),96.16,1721.57,No
6780-LRDVQ,Female,1,Yes,No,10,Yes,Yes,DSL,No,No,Yes,No,No,No,Two year,Yes,Credit card (automatic),57.02,588.06,No
3217-TFYNK,Male,0,No,Yes,5,Yes,Yes,Fiber optic,No,No,Yes,No,Yes,No,Two year,Yes,Mailed check,89.53,445.24,No
5383-KRWVR,Female,0,Yes,No,30,Yes,Yes,DSL,Yes,No,Yes,No,Yes,Yes,Month-to-month,Yes,Credit card (automatic),79.17,2388.83,Yes
8031-WKULE,Male,0,No,Yes,4,Yes,Yes,Fiber optic,No,No,Yes,No,Yes,No,Two year,No,Credit card (automatic),86.02,335.69,No
4414-IYIVJ,Female,0,Yes,Yes,7,Yes,No,Fiber optic,No,Yes,No,Yes,No,Yes,Month-to-month,Yes,Electronic check,87.65,611.67,Yes
1917-SAGDA,Female,0,No,No,60,Yes,Yes,DSL,No,No,No,No,Yes,Yes,Month-to-month,Yes,Bank transfer (automatic),55.68,3334.36,Yes
2678-HLVVR,Female,0,Yes,No,17,Yes,No,DSL,No,Yes,Yes,Yes,Yes,Yes,Two year,No,Bank transfer (automatic),71.06,1221.4,Yes
8086-QNNRT,Female,1,Yes,No,46,Yes,No,No,No internet service,No internet service,No internet service,No internet service,No internet service,No internet service,Month-to-month,Yes,Mailed check,26.63,1235.91,Yes
5529-PAWKO,Female,0,No,No,35,Yes,No,DSL,Yes,No,No,Yes,No,Yes,One year,No,Electronic check,69.5,2429.81,Yes
5875-HVTFC,Female,0,No,No,11,No,No phone service,DSL,Yes,Yes,No,Yes,No,Yes,One year,Yes,Electronic check,74.75,814.7,No
8323-XZMMB,Male,0,Yes,No,5,No,No phone service,DSL,No,No,No,Yes,No,No,Month-to-month,No,Bank transfer (automatic),51.59,254.52,No
9996-QFBDV,Female,0,Yes,Yes,2,Yes,No,DSL,No,No,Yes,Yes,No,Yes,Two year,Yes,Electronic check,62.69,116.53,No
9135-LHKVT,Male,0,No,Yes,72,Yes,No,DSL,No,No,No,No,No,Yes,Month-to-month,Yes,Mailed check,59.81,4319.18,No
8175-HZQTT,Female,0,Yes,No,9,Yes,No,DSL,No,No,No,No,Yes,No,One year,No,Electronic check,62.13,553.87,No
7582-PNKGP,Male,0,Yes,No,26,Yes,No,DSL,No,No,No,No,No,Yes,Month-to-month,Yes,Electronic check,57.73,1498.32,No
8212-OXPUW,Male,0,Yes,No,31,Yes,No,No,No internet service,No internet service,No internet service,No internet service,No internet service,No internet service,Two year,No,Credit card (automatic),28.26,869.33,No
7231-ICSTE,Female,0,No,Yes,5,Yes,No,Fiber optic,No,Yes,Yes,Yes,Yes,No,Month-to-month,Yes,Electronic check,103.49,517.57,No
2257-QOWYH,Female,0,Yes,No,28,Yes,No,DSL,No,Yes,Yes,No,No,No,Month-to-month,No,Electronic check,68.08,1911.78,No
2230-UNTGU,Female,0,Yes,Yes,0,Yes,Yes,No,No internet service,No internet service,No internet service,No internet service,No internet service,No internet service,Month-to-month,Yes,Bank transfer (automatic),25.96, ,Yes
6750-LQQJS,Male,0,Yes,No,12,Yes,No,No,No internet service,No internet service,No internet service,No internet service,No internet service,No internet service,Month-to-month,No,Bank transfer (automatic),18.61,225.99,No
5589-KBRGL,Female,0,No,No,10,Yes,No,DSL,No,Yes,No,Yes,No,No,Month-to-month,Yes,Electronic check,64.56,650.2,No
3617-BTRFX,Female,1,Yes,No,64,Yes,Yes,Fiber optic,No,Yes,Yes,Yes,No,Yes,Month-to-month,Yes,Mailed check,98.57,6281.74,No
7628-TCEYH,Female,0,No,Yes,72,Yes,Yes,No,No internet service,No internet service,No internet service,No internet service,No internet service,No internet service,One year,No,Bank transfer (automatic),31.28,2263.59,No
9775-HLXWH,Female,0,Yes,Yes,8,Yes,Yes,Fiber optic,No,Yes,Yes,Yes,Yes,No,Month-to-month,No,Bank transfer (automatic),99.77,797.7,Yes
7026-NHXJG,Male,0,Yes,No,22,Yes,Yes,Fiber optic,No,No,Yes,No,No,Yes,One year,Yes,Credit card (automatic),87.7,1924.85,No
8587-MDEZV,Female,0,No,No,32,Yes,Yes,Fiber optic,Yes,No,No,Yes,No,No,Month-to-month,No,Electronic check,85.69,2729.28,Yes
6457-FXXWV,Male,0,No,No,5,Yes,No,DSL,No,No,Yes,Yes,Yes,No,Month-to-month,No,Credit card (automatic),68.43,354.2,Yes
8542-KNEFJ,Male,1,Yes,No,27,Yes,Yes,No,No internet service,No internet service,No internet service,No internet service,No internet service,No internet service,One year,Yes,Credit card (automatic),23.16,630.79,No
2447-NXCLP,Female,0,No,Yes,7,Yes,No,DSL,No,No,No,No,No,No,Two year,No,Credit card (automatic),50.81,374.87,No
6462-QAWJY,Female,0,No,No,4,Yes,Yes,DSL,No,No,No,Yes,Yes,Yes,Two year,No,Credit card (automatic),69.94,279.91,No
7324-XBIVM,Male,0,No,No,45,Yes,No,DSL,Yes,No,Yes,No,No,No,Two year,No,Electronic check,50.86,2287.31,No
6208-PRSLH,Female,0,No,No,16,Yes,No,Fiber optic,Yes,No,No,Yes,Yes,No,Month-to-month,Yes,Credit card (automatic),89.95,1433.89,Yes
9080-OJOOW,Male,0,Yes,No,8,Yes,Yes,No,No internet service,No internet service,No internet service,No internet service,No internet service,No internet service,Month-to-month,No,Bank transfer (automatic),23.92,198.81,Yes
5774-MQIHT,Male,0,Yes,No,12,Yes,Yes,Fiber optic,No,Yes,Yes,Yes,No,Yes,Two year,No,Electronic check,100.98,1219.31,No
8124-RMPIL,Female,0,Yes,No,12,Yes,No,Fiber optic,No,No,Yes,Yes,No,Yes,Month-to-month,Yes,Bank transfer (automatic),92.19,1108.21,Yes
4109-SGYCP,Female,0,No,Yes,35,Yes,Yes,Fiber optic,Yes,Yes,No,No,No,No,Month-to-month,No,Bank transfer (automatic),86.75,3036.12,Yes
8185-PWGDY,Female,0,No,Yes,52,No,No phone service,Fiber optic,No,No,No,No,No,Yes,One year,Yes,Bank transfer (automatic),68.06,3537.59,No
3535-MMQQE,Male,1,No,No,15,Yes,Yes,No,No internet service,No internet service,No internet service,No internet service,No internet service,No internet service,Two year,Yes,Credit card (automatic),24.76,374.32,No
6509-SMYZN,Male,0,Yes,No,9,Yes,Yes,DSL,No,Yes,No,Yes,No,No,Month-to-month,No,Bank transfer (automatic),60.71,549.13,No
2630-VDGHY,Female,0,No,No,31,Yes,No,DSL,Yes,Yes,No,Yes,Yes,Yes,Two year,Yes,Electronic check,79.14,2472.68,No
2695-FFXUC,Female,0,No,No,56,Yes,No,Fiber optic,No,Yes,No,No,Yes,No,One year,Yes,Electronic check,79.26,4452.67,No
8579-CMVBP,Male,1,Yes,No,2,Yes,Yes,Fiber optic,No,No,Yes,Yes,No,No,One year,No,Mailed check,86.05,163.27,Yes
9597-FHWHY,Male,0,Yes,No,38,Yes,Yes,Fiber optic,Yes,Yes,No,Yes,Yes,No,One year,Yes,Mailed check,101.94,3871.06,No
5482-LQETY,Female,0,No,Yes,19,Yes,Yes,Fiber optic,Yes,No,Yes,No,No,Yes,Month-to-month,No,Bank transfer (automatic),98.27,1885.76,Yes
5820-ZTGVD,Male,0,No,No,48,Yes,No,DSL,No,Yes,Yes,Yes,No,No,Month-to-month,Yes,Electronic check,61.73,2963.15,No
5620-MJRQT,Female,1,Yes,No,17,Yes,No,Fiber optic,No,No,Yes,Yes,No,Yes,One year,Yes,Mailed check,92.52,1581.12,No
3547-MQVDA,Male,0,Yes,No,47,Yes,Yes,DSL,No,No,No,No,No,Yes,Month-to-month,No,Electronic check,72.51,3419.41,No
4968-OMQXZ,Female,0,No,No,19,Yes,Yes,Fiber optic,No,No,No,No,Yes,No,One year,Yes,Electronic check,83.66,1596.4,No
6447-RMWNH,Female,0,No,Yes,3,Yes,No,DSL,No,No,No,Yes,No,Yes,Two year,No,Bank transfer (automatic),63.08,175.91,No
1314-ZOMGE,Male,0,No,Yes,0,Yes,Yes,DSL,No,Yes,No,Yes,No,Yes,Month-to-month,No,Electronic check,74.4, ,No
9347-YPWBV,Male,0,No,No,23,Yes,No,No,No internet service,No internet service,No internet service,No internet service,No internet service,No internet service,Month-to-month,Yes,Credit card (automatic),26.73,607.83,Yes
1721-QGMRN,Female,0,Yes,No,21,No,No phone service,Fiber optic,Yes,No,No,Yes,No,Yes,Two year,Yes,Bank transfer (automatic),84.89,1772.25,No
2117-RMKUU,Female,0,Yes,Yes,5,Yes,No,Fiber optic,No,Yes,No,No,No,Yes,One year,Yes,Mailed check,86.78,429.7,Yes
2647-WQHST,Female,0,No,No,45,Yes,Yes,Fiber optic,No,No,Yes,No,Yes,Yes,One year,Yes,Mailed check,91.61,4132.53,No
1142-ITJLU,Female,0,No,No,48,Yes,No,Fiber optic,No,No,No,Yes,No,Yes,Month-to-month,Yes,Bank transfer (automatic),92.36,4430.63,No
8069-AYTIV,Male,0,No,No,39,Yes,Yes,Fiber optic,No,No,No,No,Yes,No,Month-to-month,Yes,Bank transfer (automatic),77.77,3029.79,Yes
4072-LCKBP,Female,0,No,No,66,Yes,No,Fiber optic,No,No,Yes,No,Yes,No,Month-to-month,No,Credit card (automatic),91.39,6013.89,No
4871-OLAMN,Male,0,No,Yes,16,Yes,Yes,No,No internet service,No internet service,No internet service,No internet service,No internet service,No internet service,One year,Yes,Electronic check,18.91,312.32,No
6048-HHLAK,Male,0,No,Yes,29,Yes,Yes,Fiber optic,No,Yes,Yes,No,Yes,No,Month-to-month,Yes,Credit card (automatic),90.71,2614.97,Yes
4303-JSKGK,Female,0,Yes,No,56,Yes,No,DSL,No,Yes,No,Yes,No,No,One year,Yes,Credit card (automatic),56.2,3134.64,No
7416-AZUUH,Male,1,No,Yes,14,Yes,Yes,DSL,No,No,Yes,Yes,No,No,Two year,Yes,Credit card (automatic),57.08,826.74,No
5485-VRFEM,Male,1,Yes,Yes,23,Yes,Yes,DSL,No,No,No,No,Yes,Yes,Month-to-month,No,Electronic check,74.04,1692.14,No
1191-SVHIQ,Female,0,Yes,No,17,Yes,No,DSL,No,No,No,No,Yes,No,Two year,No,Electronic check,54.95,952.71,No
5322-SKXQU,Female,0,Yes,No,72,Yes,Yes,Fiber optic,No,No,Yes,Yes,Yes,No,Month-to-month,No,Bank transfer (automatic),89.19,6438.62,No
8282-BHSGQ,Female,1,No,No,13,Yes,Yes,DSL,No,No,No,Yes,No,Yes,Month-to-month,Yes,Credit card (automatic),63.27,824.99,No
2051-BFWES,Female,0,No,No,9,Yes,Yes,DSL,No,No,No,No,No,No,Two year,No,Electronic check,46.12,411.95,No
8411-DVZQK,Female,0,Yes,Yes,23,Yes,Yes,DSL,Yes,Yes,Yes,No,No,Yes,Two year,Yes,Bank transfer (automatic),83.38,1915.18,No
3105-MTZQI,Male,0,No,No,7,Yes,No,Fiber optic,No,Yes,Yes,Yes,No,No,Month-to-month,Yes,Electronic check,90.07,625.25,No
2251-WNSZC,Female,0,No,No,46,Yes,Yes,No,No internet service,No internet service,No internet service,No internet service,No internet service,No internet service,One year,Yes,Credit card (automatic),28.03,1313.45,Yes
6869-HXAJR,Female,0,No,No,53,Yes,Yes,Fiber optic,Yes,Yes,Yes,No,No,No,Month-to-month,Yes,Credit card (automatic),88.81,4698.57,No
3863-HALHX,Male,1,No,Yes,10,Yes,Yes,Fiber optic,Yes,No,No,No,Yes,No,Month-to-month,Yes,Electronic check,94.68,946.82,Yes
7513-DFLIO,Female,0,Yes,No,10,Yes,No,Fiber optic,Yes,Yes,No,No,No,No,Two year,Yes,Electronic check,86.08,863.4,No
1183-LXWNM,Female,0,Yes,No,2,No,No phone service,DSL,Yes,No,Yes,Yes,No,No,Month-to-month,Yes,Mailed check,64.72,114.41,No
9728-BCZXV,Female,0,Yes,No,7,Yes,No,No,No internet service,No internet service,No internet service,No internet service,No internet service,No internet service,Two year,No,Mailed check,28.84,209.7,No
2096-ZTHJS,Male,1,No,No,1,Yes,No,Fiber optic,No,Yes,Yes,No,No,No,One year,Yes,Mailed check,88.74,81.23,No
9002-XECZP,Female,0,No,No,33,Yes,Yes,Fiber optic,Yes,No,No,No,Yes,No,Two year,No,Credit card (automatic),82.8,2732.61,No
1270-CLIUL,Female,1,No,Yes,4,Yes,Yes,DSL,No,Yes,No,No,No,Yes,Month-to-month,No,Credit card (automatic),64.21,261.03,No
7305-WRTLW,Female,0,No,Yes,1,Yes,Yes,DSL,No,Yes,No,No,No,Yes,Month-to-month,Yes,Mailed check,65.07,74.97,No
8299-WPWPA,Female,0,No,Yes,4,Yes,No,Fiber optic,No,Yes,No,No,Yes,No,Month-to-month,No,Electronic check,96.44,375.95,No
4672-BCZUY,Female,0,No,No,11,Yes,Yes,Fiber optic,Yes,Yes,Yes,No,No,Yes,Two year,Yes,Mailed check,104.21,1143.01,No
6552-TVUAT,Male,1,No,No,13,Yes,Yes,No,No internet service,No internet service,No internet service,No internet service,No internet service,No internet service,Month-to-month,Yes,Bank transfer (automatic),26.15,340.7,No
3341-OZZNT,Female,0,No,No,54,Yes,Yes,No,No internet service,No internet service,No internet service,No internet service,No internet service,No internet service,One year,Yes,Bank transfer (automatic),28.25,1536.77,No
1974-NYUXY,Female,1,Yes,No,7,Yes,No,No,No internet service,No internet service,No internet service,No internet service,No internet service,No internet service,Two year,Yes,Electronic check,25.55,187.18,No
3672-KPLOW,Female,0,Yes,No,30,Yes,Yes,Fiber optic,Yes,Yes,Yes,No,No,Yes,Month-to-month,Yes,Electronic check,99.27,2960.75,No
2987-RUCVH,Female,0,Yes,No,54,Yes,No,Fiber optic,Yes,No,No,Yes,Yes,No,Month-to-month,Yes,Bank transfer (automatic),90.11,4864.07,No
9383-CHRJY,Female,0,Yes,No,46,No,No phone service,DSL,No,No,No,No,No,No,Month-to-month,No,Bank transfer (automatic),45.83,2099.69,No
8347-QHWKE,Male,0,Yes,No,5,Yes,No,Fiber optic,No,Yes,No,Yes,Yes,No,One year,No,Bank transfer (automatic),92.37,464.61,No
7009-MUWEX,Male,0,Yes,No,7,Yes,Yes,DSL,No,Yes,Yes,No,Yes,No,One year,No,Electronic check,64.95,455.23,No
5538-MFEIP,Female,0,Yes,Yes,1,No,No phone service,DSL,Yes,No,Yes,Yes,No,No,Month-to-month,No,Electronic check,57.6,46.04,Yes
8616-HSKLL,Female,0,No,Yes,15,Yes,Yes,Fiber optic,No,Yes,No,Yes,No,No,Month-to-month,No,Electronic check,88.69,1327.92,No
5006-ZMHVZ,Male,0,No,No,12,Yes,No,No,No internet service,No internet service,No internet service,No internet service,No internet service,No internet service,Month-to-month,Yes,Credit card (automatic),19.1,208.8,Yes
3504-GZUXO,Male,0,Yes,No,18,Yes,No,No,No internet service,No internet service,No internet service,No internet service,No internet service,No internet service,Month-to-month,No,Mailed check,26.97,492.08,No
7686-TYLAW,Male,0,Yes,Yes,14,Yes,Yes,Fiber optic,No,Yes,Yes,No,Yes,Yes,Month-to-month,Yes,Mailed check,95.8,1354.03,Yes
9469-HEOAA,Female,0,No,No,31,Yes,Yes,Fiber optic,Yes,No,No,Yes,Yes,Yes,Month-to-month,Yes,Electronic check,100.71,3127.44,Yes
7837-JUOQV,Male,0,Yes,No,26,Yes,No,Fiber optic,Yes,No,Yes,No,Yes,Yes,Two year,No,Mailed check,99.68,2593.51,No
9869-CMPHO,Female,1,Yes,No,13,Yes,No,Fiber optic,Yes,Yes,Yes,No,Yes,No,Two year,Yes,Mailed check,94.0,1199.43,No
6904-QVZMQ,Female,0,No,No,0,No,No phone service,Fiber optic,No,No,No,No,No,No,One year,Yes,Credit card (automatic),74.41, ,No
1165-QPNMF,Male,0,No,No,10,Yes,Yes,DSL,No,No,No,Yes,No,No,Two year,Yes,Credit card (automatic),51.29,529.87,No
7509-NOHOV,Female,0,Yes,No,9,Yes,Yes,DSL,No,Yes,No,Yes,Yes,No,Month-to-month,Yes,Credit card (automatic),66.5,620.56,No
4580-MQUXC,Female,0,Yes,No,2,Yes,No,DSL,No,Yes,No,No,No,No,Month-to-month,Yes,Mailed check,49.42,112.16,No
8984-WYBZO,Male,0,Yes,No,8,No,No phone service,No,No internet service,No internet service,No internet service,No internet service,No internet service,No internet service,One year,Yes,Mailed check,26.76,208.2,Yes
1985-TFFRR,Female,0,No,No,72,Yes,Yes,Fiber optic,No,No,Yes,Yes,No,No,Two year,No,Credit card (automatic),83.15,5988.13,No
7928-YNNMG,Male,0,Yes,Yes,41,Yes,No,Fiber optic,No,No,Yes,No,Yes,Yes,Month-to-month,No,Electronic check,108.22,4429.99,Yes
8566-SKOLC,Male,0,No,No,38,Yes,No,Fiber optic,Yes,No,No,No,No,Yes,Two year,Yes,Mailed check,88.46,3365.7,No
8504-CSTDC,Male,0,Yes,No,44,Yes,Yes,No,No internet service,No internet service,No internet service,No internet service,No internet service,No internet service,One year,No,Mailed check,34.26,1511.7,No
9095-ZPLHX,Female,0,No,Yes,48,Yes,No,No,No internet service,No internet service,No internet service,No internet service,No internet service,No internet service,One year,Yes,Mailed check,29.7,1419.21,No
7524-QGKRA,Male,1,No,No,9,Yes,No,DSL,No,No,No,No,No,Yes,One year,No,Mailed check,56.83,502.55,No
3402-DMFZN,Male,0,Yes,Yes,9,Yes,Yes,DSL,Yes,Yes,Yes,No,Yes,No,Month-to-month,Yes,Bank transfer (automatic),79.93,722.19,No
2956-POODH,Female,0,Yes,Yes,9,Yes,Yes,DSL,Yes,Yes,Yes,No,No,Yes,Two year,No,Mailed check,74.16,677.59,No
9378-PPDMZ,Male,0,Yes,No,40,Yes,Yes,No,No internet service,No internet service,No internet service,No internet service,No internet service,No internet service,Two year,Yes,Electronic check,25.29,1041.68,No
3284-BCVHX,Female,0,Yes,Yes,38,Yes,No,Fiber optic,Yes,No,No,Yes,No,Yes,Two year,Yes,Mailed check,98.43,3728.38,No
4854-KIGMB,Female,0,Yes,Yes,0,Yes,No,Fiber optic,Yes,Yes,No,No,No,Yes,Month-to-month,No,Mailed check,88.27, ,Yes
4847-GXLSG,Male,0,No,No,71,Yes,No,Fiber optic,No,No,No,No,No,No,One year,No,Electronic check,72.67,5168.81,No
2001-YPCJF,Male,0,No,No,8,Yes,No,No,No internet service,No internet service,No internet service,No internet service,No internet service,No internet service,One year,Yes,Mailed check,22.47,185.38,No
9849-REUGB,Female,0,Yes,No,23,No,No phone service,DSL,No,Yes,No,Yes,No,No,Two year,Yes,Electronic check,53.33,1245.28,No
5266-MWEFX,Male,1,No,Yes,24,No,No phone service,Fiber optic,No,No,Yes,Yes,Yes,No,Month-to-month,Yes,Electronic check,84.01,2009.45,No
2657-NLDWF,Female,0,No,Yes,2,Yes,No,DSL,Yes,No,Yes,Yes,Yes,No,Two year,Yes,Credit card (automatic),78.52,148.11,No
9479-JROHZ,Male,1,Yes,No,28,Yes,Yes,Fiber optic,Yes,No,No,No,Yes,Yes,Month-to-month,Yes,Bank transfer (automatic),97.8,2720.81,Yes
1607-IEJTF,Female,1,No,No,18,Yes,Yes,Fiber optic,Yes,No,Yes,No,No,Yes,One year,Yes,Mailed check,96.25,1713.89,No
3671-XCJKK,Male,0,No,No,22,Yes,Yes,DSL,No,Yes,No,No,Yes,No,Month-to-month,Yes,Credit card (automatic),56.94,1234.72,No
8263-DDQIS,Male,0,No,No,14,Yes,Yes,No,No internet service,No internet service,No internet service,No internet service,No internet service,No internet service,One year,Yes,Mailed check,29.18,400.99,No
1725-XFCVA,Female,1,Yes,No,39,Yes,No,DSL,No,No,No,No,No,No,Month-to-month,No,Electronic check,50.62,1987.12,Yes
5051-VPWKM,Male,0,Yes,No,24,Yes,No,DSL,No,Yes,No,Yes,Yes,No,One year,No,Mailed check,65.92,1579.82,No
6634-ILWNA,Male,0,No,Yes,5,Yes,No,DSL,No,No,Yes,No,No,No,One year,Yes,Credit card (automatic),55.25,279.65,No
2814-JSOEO,Female,1,Yes,Yes,33,Yes,No,No,No internet service,No internet service,No internet service,No internet service,No internet service,No internet service,One year,No,Bank transfer (automatic),27.66,897.75,No
3931-WYBMX,Female,0,No,No,16,Yes,No,DSL,No,Yes,No,No,No,No,Month-to-month,Yes,Bank transfer (automatic),50.11,803.33,No
3415-OYJNJ,Female,0,Yes,No,0,Yes,No,DSL,No,No,Yes,No,Yes,No,Two year,No,Electronic check,64.71, ,No
7782-IYNCT,Male,1,Yes,Yes,12,Yes,Yes,Fiber optic,No,Yes,No,Yes,No,No,Two year,No,Electronic check,84.81,1008.92,No
8905-JCKKU,Male,0,Yes,No,12,Yes,Yes,No,No internet service,No internet service,No internet service,No internet service,No internet service,No internet service,Two year,No,Mailed check,21.72,260.02,No
7548-VMGWQ,Female,0,Yes,Yes,38,Yes,No,Fiber optic,No,Yes,Yes,Yes,Yes,No,Month-to-month,Yes,Electronic check,103.32,3919.77,Yes
3941-BLYJR,Female,0,Yes,No,6,Yes,No,Fiber optic,No,No,Yes,No,No,No,Two year,Yes,Electronic check,85.35,523.28,No
7197-KPQSR,Male,0,No,Yes,14,Yes,Yes,Fiber optic,Yes,Yes,Yes,Yes,Yes,No,Month-to-month,Yes,Credit card (automatic),104.96,1450.2,No
2012-ZPFYL,Female,1,Yes,No,1,No,No phone service,Fiber optic,Yes,No,Yes,No,No,No,Two year,Yes,Electronic check,84.23,89.66,Yes
5586-OOPJL,Female,0,Yes,Yes,51,Yes,Yes,Fiber optic,Yes,No,No,No,Yes,Yes,Month-to-month,No,Electronic check,94.04,4793.83,No
6877-BZOHG,Female,0,No,No,14,Yes,Yes,Fiber optic,No,No,Yes,Yes,Yes,No,Month-to-month,Yes,Electronic check,89.29,1247.67,No
2902-WNHLM,Male,0,Yes,No,46,Yes,No,Fiber optic,No,No,No,No,No,No,Month-to-month,No,Mailed check,75.34,3487.49,No
2789-KQQXD,Male,1,Yes,No,27,Yes,Yes,Fiber optic,No,Yes,Yes,No,No,No,Month-to-month,Yes,Mailed check,92.66,2497.73,No
9711-EZPDV,Female,0,No,No,9,Yes,Yes,Fiber optic,No,No,No,Yes,Yes,No,One year,No,Mailed check,82.58,736.78,No
7543-NJGMT,Male,0,Yes,Yes,29,Yes,No,DSL,Yes,No,Yes,Yes,Yes,Yes,One year,Yes,Credit card (automatic),77.99,2265.6,No
4195-ECODO,Male,1,Yes,Yes,15,Yes,Yes,No,No internet service,No internet service,No internet service,No internet service,No internet service,No internet service,Month-to-month,No,Electronic check,23.05,341.77,No
6555-SMJUE,Female,0,No,No,10,Yes,No,No,No internet service,No internet service,No internet service,No internet service,No internet service,No internet service,One year,No,Bank transfer (automatic),26.76,284.27,No
8478-TTYFD,Male,1,Yes,Yes,26,Yes,Yes,Fiber optic,Yes,Yes,Yes,No,Yes,Yes,Two year,Yes,Mailed check,104.06,2699.88,No
4969-VPREV,Female,1,No,No,35,Yes,No,DSL,Yes,Yes,No,No,No,No,Month-to-month,Yes,Mailed check,59.75,2098.63,No
4939-MSWBM,Male,1,Yes,Yes,28,Yes,Yes,DSL,No,No,Yes,Yes,Yes,No,Month-to-month,No,Credit card (automatic),65.95,1844.57,No
2909-DVTTO,Female,0,No,No,14,Yes,Yes,Fiber optic,No,No,Yes,Yes,Yes,No,Month-to-month,Yes,Bank transfer (automatic),93.34,1298.56,No
1931-IGSSF,Female,0,No,Yes,7,Yes,No,DSL,No,No,Yes,Yes,No,Yes,Month-to-month,Yes,Mailed check,71.78,495.27,No
7382-OYTID,Female,0,Yes,No,39,Yes,Yes,Fiber optic,No,Yes,No,No,No,No,Month-to-month,No,Electronic check,73.06,2842.94,Yes
4121-RETWK,Male,0,Yes,No,10,Yes,Yes,DSL,No,No,No,Yes,No,Yes,Month-to-month,No,Electronic check,61.68,623.01,No
4748-VZDLB,Female,0,No,No,22,Yes,No,No,No internet service,No internet service,No internet service,No internet service,No internet service,No internet service,Month-to-month,Yes,Electronic check,34.6,749.19,Yes
6929-IJGDS,Male,1,No,No,2,Yes,No,No,No internet service,No internet service,No internet service,No internet service,No internet service,No internet service,Month-to-month,No,Bank transfer (automatic),30.48,63.67,Yes
9681-CYUSU,Female,0,Yes,No,32,Yes,Yes,No,No internet service,No internet service,No internet service,No internet service,No internet service,No internet service,Month-to-month,Yes,Electronic check,20.65,658.93,Yes
1287-BTJBB,Male,0,Yes,Yes,72,No,No phone service,Fiber optic,No,No,Yes,Yes,No,Yes,Month-to-month,Yes,Mailed check,92.71,6679.26,No
3363-XQPPN,Female,0,No,No,14,Yes,No,DSL,Yes,No,No,No,No,Yes,Month-to-month,No,Mailed check,66.92,923.66,No
1244-KXAKW,Female,0,Yes,Yes,19,Yes,No,DSL,No,Yes,No,No,Yes,Yes,Month-to-month,Yes,Credit card (automatic),66.26,1260.86,No
9532-DGZOR,Male,1,Yes,Yes,55,Yes,No,Fiber optic,No,Yes,Yes,No,Yes,Yes,Month-to-month,Yes,Mailed check,106.54,5851.14,Yes
3654-QAKAO,Female,0,No,Yes,38,Yes,No,Fiber optic,Yes,No,Yes,No,No,No,One year,Yes,Credit card (automatic),87.57,3338.73,No
6300-JGBJX,Female,0,Yes,No,72,Yes,No,Fiber optic,Yes,No,No,Yes,Yes,No,One year,Yes,Bank transfer (automatic),91.6,6596.19,No
7553-KHRKK,Male,0,Yes,No,7,Yes,Yes,Fiber optic,Yes,No,No,No,Yes,Yes,Month-to-month,No,Mailed check,94.7,662.43,Yes
7636-CLCJQ,Male,0,No,No,15,Yes,No,Fiber optic,No,No,No,Yes,Yes,Yes,Month-to-month,Yes,Mailed check,90.47,1362.39,No
3229-BQPBV,Female,0,No,No,14,Yes,No,DSL,No,Yes,No,No,No,Yes,Month-to-month,No,Electronic check,65.95,938.65,No
3077-TFYJJ,Female,0,Yes,No,15,Yes,No,No,No internet service,No internet service,No internet service,No internet service,No internet service,No internet service,Two year,Yes,Credit card (automatic),28.99,423.3,No
6856-MXIVJ,Male,0,No,No,58,Yes,No,DSL,Yes,Yes,No,No,No,No,Month-to-month,No,Bank transfer (automatic),64.86,3761.49,No
3350-EVPMV,Female,0,No,Yes,5,Yes,Yes,DSL,Yes,No,Yes,Yes,Yes,No,Month-to-month,Yes,Mailed check,70.56,353.87,Yes
9376-TRKIP,Female,0,Yes,No,54,Yes,No,Fiber optic,Yes,Yes,No,No,No,No,One year,No,Bank transfer (automatic),85.2,4596.79,No
6593-YBLHI,Male,0,No,No,20,No,No phone service,DSL,Yes,No,Yes,No,Yes,No,Month-to-month,No,Mailed check,62.72,1256.24,No
5683-ZIJYB,Female,1,No,No,18,Yes,No,No,No internet service,No internet service,No internet service,No internet service,No internet service,No internet service,Month-to-month,No,Mailed check,19.57,336.34,No
6807-TGBAS,Female,1,No,Yes,12,Yes,No,Fiber optic,No,Yes,Yes,No,No,Yes,Two year,No,Mailed check,97.28,1182.82,No
2409-YNBOL,Male,0,No,No,18,No,No phone service,DSL,No,Yes,No,No,Yes,Yes,Two year,Yes,Credit card (automatic),64.03,1149.03,No
3172-GXUJN,Female,0,No,No,39,Yes,Yes,DSL,No,No,No,No,No,Yes,One year,Yes,Bank transfer (automatic),61.03,2374.08,No
8825-XNBZL,Female,1,No,No,16,Yes,Yes,Fiber optic,Yes,No,Yes,No,No,No,One year,Yes,Credit card (automatic),85.29,1360.88,No
7135-FDMDV,Female,1,No,No,35,Yes,No,Fiber optic,No,Yes,Yes,No,Yes,Yes,Month-to-month,Yes,Mailed check,93.2,3273.14,No
5535-YAMDT,Female,0,No,No,12,Yes,Yes,DSL,No,Yes,No,No,No,Yes,Month-to-month,No,Mailed check,64.71,780.09,No
8697-FCWMP,Female,0,Yes,No,4,Yes,Yes,DSL,Yes,Yes,No,No,Yes,Yes,Month-to-month,Yes,Electronic check,75.25,309.38,No
6060-DUHSN,Male,0,No,Yes,12,Yes,Yes,DSL,No,Yes,Yes,Yes,No,No,One year,No,Electronic check,55.7,678.66,No
3014-NFLPQ,Female,0,Yes,No,30,Yes,No,No,No internet service,No internet service,No internet service,No internet service,No internet service,No internet service,One year,No,Electronic check,30.97,910.71,No
8148-WNGNO,Female,0,Yes,No,45,Yes,Yes,No,No internet service,No internet service,No internet service,No internet service,No internet service,No internet service,Month-to-month,No,Credit card (automatic),18.25,832.64,No
6675-QIVOL,Male,0,Yes,Yes,35,Yes,No,Fiber optic,No,Yes,No,No,No,Yes,Month-to-month,No,Mailed check,88.66,3097.43,No
1609-EMTWH,Female,0,No,No,11,Yes,Yes,Fiber optic,No,No,Yes,No,Yes,No,Month-to-month,Yes,Electronic check,90.53,993.15,Yes
7911-NOKAU,Female,0,Yes,No,20,Yes,No,Fiber optic,No,No,No,No,Yes,Yes,Month-to-month,No,Mailed check,92.25,1831.31,No
8454-CQSNV,Female,1,No,No,10,Yes,Yes,DSL,No,No,Yes,No,No,Yes,Two year,No,Credit card (automatic),61.76,621.72,No
3237-WHMTC,Male,1,No,No,29,No,No phone service,No,No internet service,No internet service,No internet service,No internet service,No internet service,No internet service,Two year,Yes,Mailed check,20.97,605.64,Yes
1325-YVBME,Female,1,Yes,Yes,13,Yes,Yes,Fiber optic,No,Yes,Yes,No,No,No,Two year,Yes,Credit card (automatic),79.42,1035.97,No
5603-YHWAT,Male,0,Yes,No,34,Yes,No,Fiber optic,No,Yes,Yes,Yes,No,Yes,Two year,Yes,Credit card (automatic),102.94,3493.13,No
8754-GOVXK,Male,0,Yes,Yes,0,Yes,No,No,No internet service,No internet service,No internet service,No internet service,No internet service,No internet service,Two year,No,Mailed check,24.47, ,No
3575-CTNCA,Female,0,No,Yes,9,Yes,No,No,No internet service,No internet service,No internet service,No internet service,No internet service,No internet service,Month-to-month,Yes,Electronic check,22.79,210.82,Yes
4966-ZUOAQ,Male,0,No,No,50,Yes,No,No,No internet service,No internet service,No internet service,No internet service,No internet service,No internet service,Two year,No,Bank transfer (automatic),23.04,1159.63,No
8493-HPSAC,Male,0,Yes,No,9,Yes,No,Fiber optic,No,Yes,Yes,Yes,No,No,Month-to-month,No,Mailed check,89.81,808.43,No
6594-LLTMT,Male,0,No,Yes,12,Yes,Yes,Fiber optic,No,No,No,Yes,Yes,Yes,Month-to-month,Yes,Bank transfer (automatic),92.15,1105.34,No
4144-GDSVS,Male,1,Yes,No,37,Yes,Yes,DSL,No,Yes,No,No,Yes,No,Month-to-month,Yes,Electronic check,62.74,2334.15,No
8269-MKMMY,Female,0,No,No,2,Yes,Yes,DSL,No,No,No,No,No,No,One year,Yes,Electronic check,46.64,95.7,No
2499-TOUMV,Female,0,No,Yes,8,Yes,No,Fiber optic,No,Yes,Yes,Yes,Yes,No,Month-to-month,No,Mailed check,99.26,801.81,No
6162-SHTHJ,Female,0,Yes,Yes,35,Yes,No,DSL,Yes,Yes,No,No,No,Yes,One year,Yes,Electronic check,69.7,2430.53,No
1857-PSZWK,Female,1,Yes,No,72,Yes,No,Fiber optic,Yes,Yes,Yes,Yes,Yes,Yes,One year,No,Electronic check,105.2,7576.85,No
8244-ITXSP,Male,0,No,No,36,Yes,Yes,DSL,No,Yes,Yes,Yes,Yes,No,Month-to-month,Yes,Credit card (automatic),70.06,2525.51,Yes
7578-LOWNK,Female,0,Yes,Yes,4,Yes,No,Fiber optic,Yes,Yes,No,No,Yes,Yes,One year,No,Credit card (automatic),93.84,373.06,Yes
3657-KSFNT,Female,0,No,No,43,Yes,No,Fiber optic,No,No,No,No,No,No,Month-to-month,No,Electronic check,78.29,3371.48,No
5837-QJACH,Male,0,No,No,15,Yes,Yes,Fiber optic,No,Yes,No,No,No,No,Month-to-month,Yes,Bank transfer (automatic),66.25,975.27,Yes
2466-TVOXG,Female,0,Yes,No,36,Yes,No,Fiber optic,Yes,Yes,No,Yes,Yes,No,Month-to-month,Yes,Electronic check,93.52,3353.11,No
5362-GDYLZ,Male,0,No,Yes,6,Yes,Yes,Fiber optic,No,Yes,Yes,Yes,Yes,No,Month-to-month,No,Mailed check,102.75,607.21,No
2893-NLKSU,Female,1,Yes,No,10,Yes,No,Fiber optic,No,No,No,Yes,No,No,Month-to-month,No,Mailed check,84.96,845.3,No
6540-NUXPY,Female,0,Yes,No,55,Yes,No,Fiber optic,No,Yes,No,No,No,No,One year,No,Mailed check,84.37,4636.22,No
9792-VVYTV,Female,0,No,No,58,Yes,Yes,DSL,No,No,No,No,No,No,Two year,Yes,Mailed check,56.22,3264.33,No
6599-QGNZK,Male,0,No,No,8,Yes,Yes,DSL,No,Yes,Yes,No,Yes,Yes,Month-to-month,Yes,Credit card (automatic),66.26,520.12,Yes
8382-MWRKO,Female,0,No,Yes,2,Yes,No,Fiber optic,No,Yes,No,No,No,Yes,One year,Yes,Electronic check,91.52,184.54,Yes
9504-ZYVSA,Female,1,Yes,Yes,63,Yes,Yes,No,No internet service,No internet service,No internet service,No internet service,No internet service,No internet service,Month-to-month,Yes,Mailed check,24.93,1563.03,No
3381-CQCPN,Male,0,No,No,8,Yes,No,Fiber optic,No,Yes,No,Yes,Yes,Yes,Month-to-month,No,Electronic check,97.01,779.3,Yes
3547-MONXY,Female,0,Yes,No,3,Yes,No,No,No internet service,No internet service,No internet service,No internet service,No internet service,No internet service,One year,No,Bank transfer (automatic),25.65,69.75,No
1946-FJOUV,Female,0,Yes,No,10,Yes,Yes,DSL,No,No,Yes,No,Yes,Yes,Month-to-month,Yes,Electronic check,63.46,630.58,No
9435-ZFWYJ,Male,0,No,No,7,Yes,No,Fiber optic,No,No,No,Yes,Yes,No,Month-to-month,No,Electronic check,90.75,621.45,No
4590-VQRQI,Male,0,Yes,Yes,2,Yes,Yes,Fiber optic,No,Yes,No,Yes,No,No,Month-to-month,No,Mailed check,81.5,152.32,No
2464-GPRFT,Female,0,No,No,72,Yes,No,DSL,No,Yes,No,No,Yes,Yes,Month-to-month,Yes,Electronic check,62.17,4469.2,Yes
9864-ALUBD,Male,0,No,No,8,Yes,No,DSL,No,Yes,No,No,Yes,Yes,Month-to-month,No,Electronic check,68.71,545.1,No
1643-KVZDA,Male,1,Yes,No,7,Yes,No,Fiber optic,Yes,No,Yes,Yes,No,Yes,One year,Yes,Credit card (automatic),92.67,634.39,Yes
8345-ICHXS,Male,1,No,No,13,Yes,Yes,DSL,No,No,Yes,No,No,No,Two year,Yes,Credit card (automatic),47.92,623.92,Yes
3339-RTKNY,Female,0,Yes,No,12,Yes,No,Fiber optic,No,No,No,Yes,Yes,Yes,One year,Yes,Credit card (automatic),99.4,1197.45,No
6275-PCODE,Female,0,No,Yes,13,No,No phone service,Fiber optic,Yes,No,No,No,No,No,One year,Yes,Credit card (automatic),76.18,1000.26,No
4622-PNZPG,Male,0,No,No,56,Yes,Yes,Fiber optic,No,Yes,No,Yes,No,Yes,Month-to-month,Yes,Electronic check,98.98,5537.27,Yes
4715-VKBLL,Male,0,Yes,No,1,Yes,Yes,Fiber optic,No,No,No,No,Yes,No,Month-to-month,No,Electronic check,84.95,82.77,Yes
7365-DRZUG,Female,0,Yes,No,68,Yes,Yes,Fiber optic,No,No,No,No,No,No,Month-to-month,No,Bank transfer (automatic),82.35,5595.92,No
7396-AZZWZ,Male,0,No,No,26,Yes,Yes,No,No internet service,No internet service,No internet service,No internet service,No internet service,No internet service,Two year,No,Credit card (automatic),19.64,494.59,Yes
7533-FLHXV,Male,1,No,No,28,Yes,No,Fiber optic,Yes,No,Yes,No,Yes,No,Month-to-month,No,Electronic check,87.29,2443.39,Yes
9210-EREYJ,Female,0,No,No,4,Yes,Yes,DSL,No,Yes,Yes,No,No,Yes,Month-to-month,No,Mailed check,67.93,278.55,Yes
3080-JELVG,Female,0,Yes,No,9,Yes,No,DSL,No,No,No,Yes,No,No,One year,No,Credit card (automatic),51.69,476.21,Yes
1904-VULWA,Female,0,No,Yes,1,Yes,No,Fiber optic,Yes,No,No,No,Yes,Yes,Two year,Yes,Electronic check,99.12,98.24,No
9938-UOBTG,Male,0,Yes,Yes,25,Yes,No,DSL,Yes,No,Yes,No,Yes,Yes,Month-to-month,Yes,Mailed check,77.79,1943.33,No
4956-LVRCG,Male,0,No,Yes,9,Yes,No,DSL,No,Yes,Yes,No,Yes,No,Month-to-month,No,Bank transfer (automatic),70.46,642.99,No
1421-EZALZ,Male,1,Yes,Yes,19,Yes,No,DSL,No,No,Yes,No,No,No,Month-to-month,Yes,Mailed check,62.95,1198.9,No
5675-RDQBX,Female,0,No,Yes,33,No,No phone service,Fiber optic,No,No,No,No,No,No,Two year,Yes,Bank transfer (automatic),74.43,2458.63,No
2473-LFJYW,Male,1,Yes,No,19,Yes,No,No,No internet service,No internet service,No internet service,No internet service,No internet service,No internet service,One year,Yes,Electronic check,18.25,336.69,No
6882-PNGSW,Female,0,No,Yes,1,Yes,No,Fiber optic,Yes,Yes,No,Yes,Yes,Yes,Month-to-month,No,Electronic check,104.95,79.28,Yes
9456-ZMVEW,Female,0,No,No,1,No,No phone service,DSL,Yes,No,Yes,Yes,No,Yes,One year,Yes,Mailed check,56.15,52.67,No
6673-UJGZO,Male,0,No,No,48,Yes,No,No,No internet service,No internet service,No internet service,No internet service,No internet service,No internet service,One year,No,Credit card (automatic),28.14,1333.86,No
9134-OCSJO,Female,0,No,No,7,Yes,Yes,Fiber optic,No,No,No,No,No,Yes,Two year,No,Mailed check,77.96,567.96,No
9226-FLOFM,Male,0,No,No,10,Yes,No,Fiber optic,No,No,No,No,No,Yes,Two year,Yes,Credit card (automatic),81.25,810.76,No
4138-HHWZT,Male,0,No,No,5,Yes,No,No,No internet service,No internet service,No internet service,No internet service,No internet service,No internet service,Month-to-month,Yes,Credit card (automatic),29.64,157.11,No
5270-DSUCM,Female,1,Yes,No,28,No,No phone service,No,No internet service,No internet service,No internet service,No internet service,No internet service,No internet service,Two year,Yes,Bank transfer (automatic),26.51,744.34,No
9022-PMCPI,Male,0,No,No,11,Yes,No,No,No internet service,No internet service,No internet service,No internet service,No internet service,No internet service,Two year,Yes,Mailed check,26.99,287.75,No
4899-NMUYG,Female,0,No,No,14,Yes,Yes,DSL,No,No,Yes,No,Yes,No,Month-to-month,Yes,Electronic check,66.83,939.37,No
3062-GFBIV,Female,1,Yes,No,26,Yes,No,Fiber optic,No,No,No,No,No,Yes,Month-to-month,No,Bank transfer (automatic),86.36,2247.59,Yes
7256-ELAJK,Female,0,Yes,No,23,Yes,Yes,No,No internet service,No internet service,No internet service,No internet service,No internet service,No internet service,Month-to-month,Yes,Electronic check,27.39,628.57,No
2231-NHXQY,Male,0,No,No,35,Yes,Yes,DSL,Yes,No,No,Yes,Yes,Yes,Month-to-month,Yes,Mailed check,84.24,2950.0,No
1305-LYQZN,Male,1,Yes,No,33,Yes,No,DSL,Yes,No,Yes,No,No,No,One year,No,Credit card (automatic),60.69,1999.21,No
4917-IDYWK,Male,1,No,No,13,Yes,Yes,DSL,No,No,No,Yes,No,No,One year,Yes,Electronic check,58.46,754.73,No
6649-MKNRY,Female,0,No,No,5,Yes,Yes,No,No internet service,No internet service,No internet service,No internet service,No internet service,No internet service,Two year,Yes,Credit card (automatic),21.46,118.7,No
3226-XOIHT,Female,0,Yes,No,6,Yes,Yes,Fiber optic,No,No,No,No,No,No,Two year,Yes,Mailed check,80.9,500.42,No
8235-NYBPC,Male,1,Yes,No,29,Yes,No,DSL,No,Yes,No,No,No,Yes,Two year,Yes,Mailed check,60.62,1756.91,No
6911-PGMME,Female,0,Yes,No,7,Yes,No,Fiber optic,No,Yes,Yes,No,Yes,Yes,Month-to-month,Yes,Bank transfer (automatic),94.75,647.1,Yes
2141-RORBJ,Male,0,Yes,No,13,Yes,Yes,Fiber optic,No,No,Yes,No,No,Yes,Month-to-month,No,Bank transfer (automatic),93.14,1216.75,No
3038-MROLO,Male,0,Yes,No,2,No,No phone service,No,No internet service,No internet service,No internet service,No internet service,No internet service,No internet service,Two year,Yes,Mailed check,26.08,51.34,No
8116-ROYWK,Male,0,No,No,3,Yes,No,Fiber optic,No,Yes,No,Yes,Yes,No,Month-to-month,Yes,Bank transfer (automatic),91.56,280.8,Yes
6266-CGUZN,Male,0,Yes,Yes,6,Yes,No,No,No internet service,No internet service,No internet service,No internet service,No internet service,No internet service,One year,Yes,Mailed check,23.67,142.15,No
5658-KWVWX,Female,0,Yes,No,2,Yes,No,DSL,No,Yes,No,No,No,Yes,Two year,No,Credit card (automatic),66.7,146.98,Yes
8669-SRLWA,Male,0,Yes,No,7,Yes,No,Fiber optic,Yes,No,Yes,Yes,No,No,Month-to-month,Yes,Electronic check,90.94,618.16,No
3962-TQEZC,Female,1,No,No,20,Yes,Yes,No,No internet service,No internet service,No internet service,No internet service,No internet service,No internet service,One year,Yes,Bank transfer (automatic),22.76,457.74,No
1126-CHPFM,Female,0,No,No,32,Yes,No,Fiber optic,No,No,No,No,Yes,No,Two year,No,Mailed check,80.51,2579.65,No
2366-VVPPC,Male,0,Yes,No,0,Yes,Yes,DSL,No,No,No,Yes,Yes,No,Month-to-month,Yes,Bank transfer (automatic),59.69, ,No
5539-MNHLW,Male,0,Yes,No,22,Yes,Yes,No,No internet service,No internet service,No internet service,No internet service,No internet service,No internet service,Month-to-month,Yes,Electronic check,35.05,784.84,No
5086-VUZHU,Female,0,No,No,10,Yes,Yes,No,No internet service,No internet service,No internet service,No internet service,No internet service,No internet service,Month-to-month,No,Mailed check,20.58,207.74,No
7040-IAFWS,Male,0,Yes,Yes,6,Yes,No,DSL,No,No,No,No,No,No,Month-to-month,Yes,Credit card (automatic),53.88,315.9,No
6014-MKRWO,Female,0,No,Yes,0,Yes,No,Fiber optic,No,No,No,No,No,Yes,Month-to-month,No,Bank transfer (automatic),79.74, ,Yes
4296-UYGWM,Female,1,Yes,No,9,Yes,Yes,DSL,Yes,Yes,Yes,No,No,Yes,One year,Yes,Mailed check,79.05,710.44,No
3987-RXSOH,Female,1,No,No,37,Yes,No,No,No internet service,No internet service,No internet service,No internet service,No internet service,No internet service,Month-to-month,Yes,Electronic check,24.6,911.56,No
5530-JGRPT,Female,0,No,No,18,Yes,Yes,DSL,Yes,Yes,No,No,No,No,Month-to-month,No,Mailed check,55.01,996.75,No
3693-IUMYU,Male,0,No,Yes,35,Yes,No,Fiber optic,No,No,Yes,No,No,Yes,Month-to-month,No,Credit card (automatic),84.22,2949.56,Yes
8257-HPMMQ,Male,0,No,No,12,Yes,No,Fiber optic,Yes,Yes,Yes,No,No,No,Month-to-month,Yes,Electronic check,86.14,1035.72,No
7772-QIBYZ,Male,0,Yes,No,44,Yes,No,No,No internet service,No internet service,No internet service,No internet service,No internet service,No internet service,Month-to-month,Yes,Mailed check,21.0,907.17,No
9488-FKYFF,Female,1,Yes,No,3,Yes,No,No,No internet service,No internet service,No internet service,No internet service,No internet service,No internet service,One year,Yes,Bank transfer (automatic),27.54,89.68,No
7060-KNBHC,Male,0,Yes,No,41,Yes,No,Fiber optic,No,No,No,Yes,No,No,Two year,No,Mailed check,82.34,3380.98,No
6622-UCAXS,Female,0,No,No,15,Yes,,No,No internet service,No internet service,No internet service,No internet service,No internet service,No internet service,Month-to-month,No,Electronic check,31.79,477.23,Yes
7079-QTXMC,Female,0,Yes,Yes,32,Yes,Yes,DSL,Yes,No,No,No,No,Yes,Month-to-month,Yes,Electronic check,59.44,1909.42,No
3048-DYMQK,Female,0,Yes,No,6,Yes,Yes,No,No internet service,No internet service,No internet service,No internet service,No internet service,No internet service,Month-to-month,No,Electronic check,23.36,129.78,No
4553-YPBSW,Male,0,No,Yes,15,Yes,Yes,Fiber optic,Yes,Yes,Yes,No,No,Yes,Month-to-month,Yes,Electronic check,103.76,1567.53,No
5818-YPVSI,Male,1,No,No,31,Yes,No,Fiber optic,Yes,No,No,No,Yes,Yes,Month-to-month,No,Electronic check,93.9,2920.12,Yes
8209-SABPL,Female,0,Yes,No,15,No,No phone service,DSL,No,No,Yes,No,No,No,Month-to-month,No,Bank transfer (automatic),50.78,747.46,No
2462-RBYMF,Male,0,No,Yes,14,Yes,No,Fiber optic,No,Yes,No,No,Yes,Yes,Month-to-month,No,Electronic check,96.07,1351.61,Yes
3068-ZFIPK,Female,0,No,Yes,39,Yes,No,No,No internet service,No internet service,No internet service,No internet service,No internet service,No internet service,Month-to-month,Yes,Credit card (automatic),29.94,1158.51,No
3598-JJYTR,Male,0,No,Yes,4,No,No phone service,Fiber optic,No,Yes,Yes,No,No,No,One year,Yes,Mailed check,88.75,358.31,No
6051-XTIOD,Male,0,Yes,No,15,Yes,No,No,No internet service,No internet service,No internet service,No internet service,No internet service,No internet service,Two year,Yes,Mailed check,23.62,361.9,No
2191-IMIZD,Male,1,Yes,Yes,41,Yes,No,Fiber optic,Yes,Yes,Yes,No,No,No,Month-to-month,Yes,Electronic check,85.87,3526.07,No
1271-OCYTE,Female,0,Yes,No,44,Yes,Yes,DSL,No,Yes,No,No,No,No,Two year,No,Electronic check,59.55,2633.31,No
4332-TOROB,Male,0,No,Yes,3,Yes,Yes,Fiber optic,No,Yes,No,Yes,No,No,One year,Yes,Credit card (automatic),91.36,266.87,No
4676-MDJMJ,Male,0,Yes,No,45,Yes,Yes,DSL,No,Yes,Yes,Yes,Yes,No,One year,Yes,Bank transfer (automatic),75.28,3392.85,No
6214-IHCPN,Female,0,No,No,0,Yes,Yes,Fiber optic,Yes,Yes,Yes,No,Yes,Yes,Month-to-month,Yes,Electronic check,107.61, ,Yes
5616-UKCEJ,Male,0,No,No,46,Yes,No,No,No internet service,No internet service,No internet service,No internet service,No internet service,No internet service,Month-to-month,Yes,Bank transfer (automatic),27.0,1255.91,No
5471-MLEJX,Female,0,Yes,No,7,Yes,Yes,DSL,Yes,Yes,Yes,No,No,Yes,Month-to-month,Yes,Electronic check,72.05,511.16,No
9264-TGBVX,Male,0,No,No,20,Yes,Yes,DSL,No,No,No,Yes,Yes,No,Month-to-month,Yes,Bank transfer (automatic),75.39,1505.15,Yes
1571-WGHGU,Female,0,Yes,Yes,0,Yes,Yes,Fiber optic,Yes,No,Yes,No,No,Yes,Month-to-month,Yes,Credit card (automatic),88.32, ,No
2174-NZSEW,Female,0,No,Yes,31,Yes,No,Fiber optic,Yes,Yes,No,Yes,Yes,No,Two year,Yes,Bank transfer (automatic),97.33,3010.56,No
1734-YRTLW,Male,0,Yes,No,13,Yes,Yes,Fiber optic,Yes,Yes,No,No,Yes,Yes,Month-to-month,No,Credit card (automatic),104.76,1366.45,No
5588-BYMZG,Female,0,Yes,Yes,44,Yes,Yes,No,No internet service,No internet service,No internet service,No internet service,No internet service,No internet service,Month-to-month,Yes,Bank transfer (automatic),24.0,1055.9,No
1731-JWFCZ,Female,0,Yes,No,19,Yes,Yes,DSL,Yes,No,No,No,Yes,No,Month-to-month,No,Electronic check,65.95,1238.55,Yes
3933-TESVS,Male,0,No,No,43,Yes,No,DSL,Yes,Yes,No,No,Yes,Yes,Two year,Yes,Bank transfer (automatic),84.01,3610.92,No
1893-OPXID,Male,0,Yes,No,22,Yes,Yes,Fiber optic,No,Yes,Yes,Yes,Yes,No,Two year,No,Mailed check,94.3,2087.28,No
5312-LWCWN,Male,1,Yes,No,32,No,No phone service,DSL,No,No,No,No,Yes,No,Month-to-month,Yes,Credit card (automatic),54.16,1736.32,No
8088-SFDGS,Male,0,Yes,Yes,33,Yes,Yes,Fiber optic,No,Yes,No,No,Yes,Yes,Month-to-month,No,Bank transfer (automatic),87.82,2889.65,Yes
2167-OVHSH,Female,0,Yes,Yes,6,Yes,No,Fiber optic,Yes,No,Yes,No,Yes,No,Two year,Yes,Electronic check,99.19,599.34,No
4793-PTSJQ,Female,0,No,No,20,Yes,Yes,DSL,No,Yes,No,No,No,No,Month-to-month,Yes,Electronic check,52.82,1047.51,No
3220-MGJBD,Male,0,Yes,No,49,Yes,No,Fiber optic,No,No,Yes,Yes,No,Yes,Month-to-month,Yes,Mailed check,99.26,4863.57,No
4992-FXRWF,Male,0,No,No,50,Yes,Yes,No,No internet service,No internet service,No internet service,No internet service,No internet service,No internet service,Month-to-month,Yes,Mailed check,29.53,1476.44,No
4197-YWQNX,Male,0,No,Yes,11,Yes,Yes,DSL,Yes,No,No,No,No,No,One year,Yes,Credit card (automatic),56.99,624.43,No
8037-BCKFN,Male,0,Yes,No,9,Yes,Yes,DSL,No,No,Yes,No,No,No,Month-to-month,Yes,Electronic check,42.49,378.12,Yes
8090-ZPUVX,Female,0,No,No,25,Yes,Yes,Fiber optic,Yes,No,No,No,No,Yes,Month-to-month,No,Credit card (automatic),85.43,2130.02,No
2894-HSTPV,Female,1,Yes,No,36,Yes,No,DSL,No,Yes,No,Yes,Yes,No,Month-to-month,Yes,Mailed check,64.99,2332.75,No
6178-GIMAH,Female,0,Yes,No,0,Yes,Yes,Fiber optic,No,No,No,No,No,No,One year,No,Mailed check,69.03, ,No
2335-VDCCV,Female,0,Yes,Yes,2,Yes,Yes,Fiber optic,No,No,Yes,No,Yes,No,Month-to-month,No,Mailed check,99.67,215.64,No
7380-HGAPF,Female,1,No,Yes,36,No,No phone service,Fiber optic,Yes,No,No,Yes,No,No,Two year,No,Mailed check,84.12,3027.16,No
5267-WIKJU,Male,0,No,No,13,No,No phone service,No,No internet service,No internet service,No internet service,No internet service,No internet service,No internet service,Month-to-month,No,Electronic check,21.57,299.9,Yes
9881-DEIQC,Male,1,No,Yes,26,Yes,No,No,No internet service,No internet service,No internet service,No internet service,No internet service,No internet service,One year,No,Electronic check,28.56,757.3,No
2412-PCTOC,Female,0,No,No,41,Yes,Yes,No,No internet service,No internet service,No internet service,No internet service,No internet service,No internet service,Month-to-month,Yes,Electronic check,27.64,1128.59,No
9307-NPQXT,Female,0,No,Yes,33,No,No phone service,Fiber optic,No,Yes,Yes,Yes,No,Yes,Month-to-month,No,Bank transfer (automatic),94.37,3118.11,No
6969-RVNRO,Male,0,Yes,No,39,Yes,No,Fiber optic,Yes,Yes,No,No,Yes,No,Month-to-month,No,Bank transfer (automatic),97.75,3814.0,No
4150-FORDW,Female,0,Yes,No,17,Yes,No,No,No internet service,No internet service,No internet service,No internet service,No internet service,No internet service,Month-to-month,Yes,Bank transfer (automatic),20.9,356.33,No
8943-OCOMI,Female,0,Yes,Yes,4,Yes,Yes,No,No internet service,No internet service,No internet service,No internet service,No internet service,No internet service,One year,Yes,Credit card (automatic),25.45,107.94,No
9033-XHTQM,Female,0,No,No,15,No,No phone service,Fiber optic,Yes,No,Yes,No,No,No,Month-to-month,Yes,Mailed check,84.97,1264.96,Yes
9737-OLNYB,Female,0,Yes,No,72,Yes,No,DSL,No,Yes,No,No,No,Yes,Month-to-month,No,Bank transfer (automatic),68.45,4931.45,Yes
2990-WYFNH,Male,0,No,No,8,Yes,No,Fiber optic,Yes,Yes,No,No,No,Yes,Month-to-month,No,Bank transfer (automatic),87.02,688.97,No
5435-UUVCE,Female,1,No,No,13,Yes,No,DSL,No,No,No,Yes,No,Yes,Two year,Yes,Credit card (automatic),56.41,722.81,No
8951-RZQKQ,Female,0,No,No,34,Yes,No,DSL,Yes,Yes,No,No,Yes,Yes,One year,No,Bank transfer (automatic),81.25,2778.97,No
9633-WBDUG,Female,0,No,No,1,Yes,Yes,DSL,Yes,No,Yes,No,No,No,One year,Yes,Electronic check,64.64,80.46,Yes
2505-FQGYE,Female,0,No,No,33,Yes,Yes,Fiber optic,No,Yes,No,No,Yes,No,One year,Yes,Bank transfer (automatic),81.23,2695.35,No
8236-TPSIE,Female,0,No,No,7,Yes,Yes,No,No internet service,No internet service,No internet service,No internet service,No internet service,No internet service,One year,No,Mailed check,27.84,201.18,No
7852-JYBIK,Male,1,No,No,7,Yes,No,Fiber optic,No,No,No,No,No,Yes,Month-to-month,No,Electronic check,85.29,585.47,Yes
3659-VVVBW,Male,0,No,No,20,Yes,No,No,No internet service,No internet service,No internet service,No internet service,No internet service,No internet service,Two year,Yes,Electronic check,24.05,468.66,No
3925-ARGAA,Male,0,Yes,Yes,7,Yes,No,Fiber optic,Yes,Yes,No,No,No,No,One year,No,Credit card (automatic),80.58,581.66,No
1512-XDDRK,Female,0,Yes,Yes,24,Yes,No,DSL,No,Yes,Yes,Yes,No,Yes,Two year,Yes,Mailed check,70.13,1692.55,No
2567-AJIWD,Female,0,No,No,57,Yes,Yes,Fiber optic,No,Yes,Yes,No,Yes,Yes,Month-to-month,Yes,Mailed check,92.89,5284.33,No
8867-FPBWR,Male,0,Yes,No,12,Yes,Yes,Fiber optic,No,Yes,No,Yes,No,Yes,Month-to-month,Yes,Electronic check,83.4,1017.02,Yes
5567-XQMXR,Male,0,No,No,68,Yes,No,Fiber optic,Yes,No,No,No,No,No,Month-to-month,No,Electronic check,81.46,5530.59,No
3741-MQEKG,Female,0,Yes,No,68,Yes,Yes,Fiber optic,No,No,Yes,No,No,Yes,Month-to-month,Yes,Credit card (automatic),93.17,6322.44,No
5284-JQORW,Female,0,No,Yes,5,Yes,No,No,No internet service,No internet service,No internet service,No internet service,No internet service,No internet service,Month-to-month,No,Mailed check,24.34,125.5,No
1498-ZBZDC,Male,1,No,No,13,Yes,No,DSL,Yes,No,No,No,Yes,Yes,One year,No,Mailed check,69.0,897.82,No
3118-XRJGH,Female,0,No,No,72,Yes,No,Fiber optic,No,No,No,No,No,Yes,One year,Yes,Electronic check,77.58,5593.17,No
5565-ZADNQ,Female,0,Yes,No,3,Yes,Yes,DSL,Yes,Yes,No,No,No,No,Month-to-month,No,Electronic check,62.95,187.05,Yes
9243-RKUZN,Male,1,Yes,No,15,Yes,Yes,DSL,No,Yes,No,No,No,No,Month-to-month,Yes,Electronic check,44.03,649.28,No
3568-OLJSX,Female,1,No,No,13,Yes,No,DSL,No,No,Yes,Yes,No,Yes,One year,No,Electronic check,71.96,933.11,No
4199-TXFHA,Female,0,No,No,39,Yes,Yes,No,No internet service,No internet service,No internet service,No internet service,No internet service,No internet service,Month-to-month,Yes,Electronic check,28.34,1104.05,No
1240-QXOGS,Female,0,No,No,4,Yes,Yes,DSL,No,Yes,No,No,Yes,Yes,Two year,No,Electronic check,69.91,278.55,Yes
6077-YWCVK,Male,0,No,No,6,Yes,No,No,No internet service,No internet service,No internet service,No internet service,No internet service,No internet service,Month-to-month,Yes,Bank transfer (automatic),28.49,174.58,No
3173-SIJBA,Female,0,Yes,No,4,Yes,No,Fiber optic,Yes,No,No,Yes,No,Yes,Two year,Yes,Bank transfer (automatic),92.36,364.41,No
8325-PRWZQ,Female,0,Yes,No,4,Yes,No,DSL,No,No,No,No,No,No,Two year,No,Credit card (automatic),54.94,214.55,No
2317-NWYON,Male,0,Yes,No,7,Yes,No,DSL,No,No,No,No,Yes,No,Two year,No,Mailed check,72.25,509.85,No
8607-VCXWS,Female,0,No,No,18,Yes,No,Fiber optic,No,No,Yes,No,No,Yes,Month-to-month,No,Electronic check,93.12,1655.21,No
9107-BCRAT,Female,0,Yes,Yes,29,Yes,Yes,Fiber optic,Yes,No,Yes,No,No,Yes,Month-to-month,Yes,Bank transfer (automatic),91.44,2657.29,No
7996-FEASA,Female,0,Yes,No,11,Yes,No,Fiber optic,No,No,No,Yes,No,Yes,Month-to-month,No,Electronic check,85.64,936.92,No
7362-UUPLV,Male,0,Yes,Yes,14,Yes,No,Fiber optic,No,Yes,No,Yes,No,No,Two year,Yes,Electronic check,85.69,1209.1,No
7681-PADJK,Male,0,No,Yes,37,Yes,No,Fiber optic,Yes,No,No,Yes,No,Yes,Two year,No,Bank transfer (automatic),91.67,3399.13,No
1534-GLUGL,Female,0,No,No,17,Yes,No,No,No internet service,No internet service,No internet service,No internet service,No internet service,No internet service,Month-to-month,No,Credit card (automatic),31.31,512.74,No
6966-BNMDN,Male,0,Yes,No,21,Yes,No,Fiber optic,No,No,No,No,No,Yes,Month-to-month,No,Electronic check,80.42,1687.47,No
9518-SBJRQ,Male,0,Yes,No,17,Yes,No,Fiber optic,Yes,Yes,No,Yes,Yes,Yes,Month-to-month,No,Credit card (automatic),114.74,1940.64,Yes
2861-VITAV,Male,0,Yes,No,37,Yes,No,Fiber optic,Yes,No,No,No,Yes,Yes,Month-to-month,No,Mailed check,98.78,3652.93,No
5846-UZFSR,Male,0,No,Yes,4,Yes,Yes,Fiber optic,No,Yes,No,No,Yes,No,Month-to-month,No,Mailed check,88.73,366.59,Yes
1901-MAWWZ,Male,1,Yes,No,72,Yes,No,Fiber optic,No,No,No,No,Yes,No,Two year,Yes,Credit card (automatic),79.06,5697.65,No
7604-GOLZA,Male,0,Yes,No,50,Yes,No,Fiber optic,Yes,Yes,Yes,Yes,Yes,No,Month-to-month,Yes,Bank transfer (automatic),103.36,5142.69,No
8118-DMWYE,Male,0,No,No,12,No,No phone service,DSL,Yes,No,Yes,No,No,Yes,One year,Yes,Credit card (automatic),59.32,721.67,No
8996-BWZAP,Male,0,No,Yes,12,Yes,Yes,Fiber optic,Yes,No,No,Yes,Yes,No,Month-to-month,No,Bank transfer (automatic),99.09,1188.14,Yes
9997-WPNZC,Male,0,Yes,No,45,Yes,Yes,Fiber optic,No,Yes,No,Yes,No,Yes,Month-to-month,Yes,Bank transfer (automatic),88.56,3972.31,No
3460-BAIIW,Female,0,Yes,Yes,14,Yes,No,DSL,Yes,Yes,No,No,No,No,One year,No,Bank transfer (automatic),62.29,881.15,No
7726-CZRKG,Male,0,Yes,No,17,Yes,No,Fiber optic,No,Yes,Yes,No,Yes,No,Two year,Yes,Bank transfer (automatic),83.34,1414.73,No
1616-ANTFG,Male,0,Yes,No,32,Yes,Yes,No,No internet service,No internet service,No internet service,No internet service,No internet service,No internet service,Month-to-month,Yes,Mailed check,29.25,940.64,Yes
4081-GZBDU,Female,1,No,No,11,Yes,No,Fiber optic,No,Yes,No,No,Yes,Yes,Month-to-month,Yes,Electronic check,90.35,985.74,Yes
7269-QAJSO,Female,0,No,No,14,Yes,No,DSL,Yes,No,Yes,Yes,No,No,Month-to-month,Yes,Electronic check,58.69,811.79,No
6801-SLXPI,Female,0,No,No,0,Yes,Yes,DSL,No,No,Yes,Yes,No,Yes,One year,Yes,Mailed check,72.06, ,No
7175-OQNRZ,Female,0,No,No,3,Yes,Yes,No,No internet service,No internet service,No internet service,No internet service,No internet service,No internet service,Month-to-month,Yes,Bank transfer (automatic),29.27,96.89,No
9321-DRGMO,Male,1,Yes,No,14,No,No phone service,DSL,No,No,No,No,No,No,Month-to-month,No,Electronic check,40.12,570.51,Yes
4672-WVZAK,Male,0,No,No,1,Yes,Yes,DSL,No,No,No,No,Yes,No,Month-to-month,Yes,Electronic check,55.2,44.55,No
3121-YEPKU,Male,0,Yes,Yes,8,Yes,Yes,Fiber optic,Yes,Yes,No,No,No,Yes,Month-to-month,Yes,Electronic check,92.26,739.26,No
4237-IMXHN,Female,0,No,No,13,Yes,No,Fiber optic,Yes,Yes,No,No,Yes,No,Month-to-month,Yes,Electronic check,86.49,1129.64,No
5704-QXEYB,Male,0,No,Yes,2,Yes,Yes,No,No internet service,No internet service,No internet service,No internet service,No internet service,No internet service,Month-to-month,No,Mailed check,18.25,12.58,No
6471-YXIDQ,Male,0,No,No,1,Yes,No,Fiber optic,No,No,Yes,No,No,No,Month-to-month,Yes,Electronic check,86.65,106.7,Yes
5212-RPHZK,Female,0,No,No,0,Yes,No,No,No internet service,No internet service,No internet service,No internet service,No internet service,No internet service,Month-to-month,Yes,Electronic check,24.72, ,Yes
2364-URWXJ,Female,0,No,No,15,Yes,Yes,No,No internet service,No internet service,No internet service,No internet service,No internet service,No internet service,Month-to-month,Yes,Electronic check,21.88,332.06,No
9044-QRJPT,Female,0,Yes,No,3,Yes,Yes,DSL,No,Yes,No,No,No,Yes,Month-to-month,No,Credit card (automatic),67.36,203.87,Yes
3148-MRQIN,Female,0,No,No,27,No,No phone service,Fiber optic,Yes,No,No,Yes,No,Yes,Month-to-month,No,Electronic check,97.22,2626.32,Yes
4504-DRTXX,Female,1,Yes,No,16,Yes,Yes,No,No internet service,No internet service,No internet service,No internet service,No internet service,No internet service,Two year,No,Mailed check,25.34,392.18,No
5654-KLIMO,Male,0,No,No,0,Yes,No,Fiber optic,Yes,Yes,No,Yes,No,No,Month-to-month,Yes,Bank transfer (automatic),80.1, ,No
1154-OEWSZ,Female,0,No,No,1,Yes,No,DSL,No,No,Yes,No,Yes,No,One year,Yes,Electronic check,61.57,79.65,Yes
1153-NQRUC,Female,0,No,No,59,Yes,No,Fiber optic,No,No,No,No,No,No,Two year,Yes,Credit card (automatic),70.21,4152.71,Yes
1786-QLALQ,Male,0,Yes,Yes,3,Yes,Yes,Fiber optic,No,Yes,No,No,No,Yes,Two year,Yes,Electronic check,90.12,288.87,Yes
4767-CKQWZ,Male,0,No,Yes,33,Yes,No,Fiber optic,No,No,No,No,Yes,No,Two year,Yes,Credit card (automatic),80.98,2677.02,No
4426-HTDUV,Male,0,No,No,6,Yes,Yes,No,No internet service,No internet service,No internet service,No internet service,No internet service,No internet service,Month-to-month,No,Mailed check,22.52,141.66,No
3349-DPXVA,Female,0,No,No,9,Yes,No,No,No internet service,No internet service,No internet service,No internet service,No internet service,No internet service,One year,No,Mailed check,18.25,152.52,Yes
7704-YJVPP,Female,0,No,Yes,0,Yes,Yes,Fiber optic,No,No,No,Yes,No,Yes,Month-to-month,Yes,Mailed check,92.04, ,No
8367-GFPTP,Male,0,No,No,19,Yes,Yes,Fiber optic,No,No,No,No,Yes,No,Two year,Yes,Credit card (automatic),78.08,1488.88,No
3713-ZNGAZ,Male,0,Yes,No,15,Yes,Yes,DSL,Yes,Yes,No,Yes,No,Yes,Month-to-month,Yes,Bank transfer (automatic),67.73,1019.83,No
4192-MTCTD,Female,0,No,No,32,Yes,No,No,No internet service,No internet service,No internet service,No internet service,No internet service,No internet service,Two year,Yes,Credit card (automatic),27.88,885.79,No
3506-BNLQL,Male,0,Yes,No,56,Yes,No,Fiber optic,No,Yes,No,Yes,No,No,Month-to-month,Yes,Electronic check,87.22,4868.14,No
5825-LAMNX,Male,0,No,No,19,Yes,No,No,No internet service,No internet service,No internet service,No internet service,No internet service,No internet service,Month-to-month,Yes,Credit card (automatic),24.89,481.76,No
3941-BLZUP,Male,0,No,No,72,Yes,No,No,No internet service,No internet service,No internet service,No internet service,No internet service,No internet service,Month-to-month,Yes,Electronic check,24.48,1738.68,No
6091-HBJIW,Male,0,No,No,3,Yes,Yes,Fiber optic,No,No,Yes,No,No,Yes,One year,No,Electronic check,94.03,288.72,Yes
4276-WQPBT,Female,0,Yes,No,10,Yes,No,No,No internet service,No internet service,No internet service,No internet service,No internet service,No internet service,Two year,No,Electronic check,21.52,231.98,Yes
2299-NCWLH,Female,0,Yes,No,42,Yes,Yes,Fiber optic,No,Yes,No,Yes,No,Yes,Month-to-month,Yes,Credit card (automatic),102.36,4300.49,Yes
8489-DNPSB,Female,0,No,No,19,Yes,No,Fiber optic,Yes,No,No,Yes,Yes,No,Two year,Yes,Mailed check,92.96,1763.06,No
2532-NFMDV,Male,0,No,No,19,Yes,No,DSL,No,Yes,No,No,No,No,Two year,Yes,Electronic check,55.19,1063.04,No
4089-LTVUS,Female,0,No,No,14,Yes,No,Fiber optic,No,Yes,Yes,No,Yes,No,One year,No,Mailed check,98.61,1396.82,No
9167-GPSFT,Female,0,No,No,0,Yes,Yes,No,No internet service,No internet service,No internet service,No internet service,No internet service,No internet service,Month-to-month,No,Mailed check,23.33, ,Yes
8322-UKEPG,Male,0,No,No,2,Yes,Yes,Fiber optic,Yes,No,Yes,No,No,Yes,Two year,Yes,Electronic check,101.02,209.12,Yes
9634-EKOCZ,Male,0,No,No,2,Yes,Yes,Fiber optic,No,Yes,No,Yes,No,No,One year,No,Mailed check,89.8,168.92,No
1534-UEIOC,Female,0,Yes,No,5,No,No phone service,Fiber optic,Yes,Yes,No,Yes,No,Yes,Month-to-month,Yes,Electronic check,94.84,469.26,Yes
7085-QZUHU,Male,0,Yes,Yes,2,Yes,No,Fiber optic,No,No,Yes,Yes,No,No,Two year,Yes,Credit card (automatic),82.93,176.66,No
5517-HJXCW,Male,0,Yes,No,2,Yes,No,DSL,Yes,No,Yes,No,No,No,One year,No,Credit card (automatic),54.65,94.73,No
8670-NJLFL,Female,0,Yes,No,24,Yes,Yes,DSL,Yes,No,No,No,No,Yes,Month-to-month,Yes,Electronic check,60.19,1444.32,No
4309-BIJZQ,Female,0,No,No,3,Yes,Yes,Fiber optic,No,Yes,No,No,Yes,Yes,Month-to-month,Yes,Credit card (automatic),97.84,253.93,Yes
1882-ALGDJ,Female,0,No,No,15,No,No phone service,DSL,No,No,No,No,Yes,No,One year,Yes,Bank transfer (automatic),54.68,818.71,Yes
6204-VYDRE,Male,0,No,No,1,Yes,No,Fiber optic,No,Yes,No,No,Yes,No,Month-to-month,No,Mailed check,85.2,75.48,Yes
1018-BLQJB,Male,0,Yes,Yes,7,Yes,No,Fiber optic,No,No,No,No,Yes,No,Month-to-month,Yes,Mailed check,86.99,622.64,Yes
1773-HSKYL,Male,1,Yes,No,61,Yes,No,No,No internet service,No internet service,No internet service,No internet service,No internet service,No internet service,Month-to-month,Yes,Credit card (automatic),18.71,1132.01,No
7984-BHZKU,Male,0,No,No,0,Yes,Yes,Fiber optic,Yes,Yes,Yes,No,No,Yes,One year,No,Electronic check,108.36, ,No
1739-JUTPH,Male,0,No,Yes,50,Yes,No,Fiber optic,No,Yes,No,No,Yes,No,Two year,Yes,Mailed check,97.01,4847.01,No
7947-JLNPV,Male,1,No,Yes,34,Yes,No,Fiber optic,No,No,No,Yes,Yes,No,Month-to-month,No,Bank transfer (automatic),82.62,2830.18,No
8124-VULRG,Female,0,Yes,No,60,Yes,No,Fiber optic,No,No,No,No,No,No,Two year,Yes,Bank transfer (automatic),79.12,4746.63,No
7998-GIAZF,Female,1,Yes,No,37,Yes,Yes,No,No internet service,No internet service,No internet service,No internet service,No internet service,No internet service,One year,Yes,Electronic check,30.92,1120.39,No
6413-VLVLJ,Male,0,No,No,41,Yes,No,No,No internet service,No internet service,No internet service,No internet service,No internet service,No internet service,Two year,Yes,Credit card (automatic),28.28,1158.1,No
9569-FQSRF,Female,0,No,No,2,Yes,No,Fiber optic,No,No,Yes,Yes,Yes,No,Two year,Yes,Electronic check,91.95,190.0,No
6682-JXHUX,Female,0,No,No,43,Yes,No,Fiber optic,No,No,No,No,No,Yes,Month-to-month,Yes,Mailed check,90.01,3866.54,Yes
1069-UYGXA,Female,0,Yes,No,15,Yes,Yes,No,No internet service,No internet service,No internet service,No internet service,No internet service,No internet service,One year,Yes,Electronic check,28.8,424.56,No
9119-YTLPJ,Male,1,No,No,10,Yes,Yes,DSL,Yes,Yes,No,Yes,No,No,Two year,No,Mailed check,66.04,654.77,No
3330-JNYTJ,Female,0,Yes,No,4,Yes,Yes,Fiber optic,No,Yes,No,Yes,No,No,One year,Yes,Credit card (automatic),87.97,349.34,No
9216-KWBYT,Female,0,Yes,No,0,Yes,No,Fiber optic,No,No,No,Yes,No,Yes,Month-to-month,Yes,Bank transfer (automatic),85.52, ,No
1231-WGHAU,Male,0,No,No,24,Yes,Yes,Fiber optic,No,Yes,Yes,Yes,No,Yes,Month-to-month,Yes,Mailed check,92.93,2226.84,Yes
7401-ROAEB,Male,1,No,Yes,31,Yes,Yes,No,No internet service,No internet service,No internet service,No internet service,No internet service,No internet service,Month-to-month,No,Credit card (automatic),21.36,669.15,No
9787-CSRVR,Male,0,Yes,No,11,Yes,No,DSL,No,No,No,No,Yes,Yes,Two year,Yes,Electronic check,61.51,659.54,No
8933-XHLUJ,Female,0,No,Yes,4,Yes,No,Fiber optic,Yes,No,Yes,No,No,No,One year,No,Electronic check,86.06,351.57,Yes
9534-TQKBZ,Female,0,No,No,3,Yes,No,DSL,No,Yes,Yes,No,No,No,Month-to-month,Yes,Credit card (automatic),64.5,188.56,No
4235-AOMHY,Female,1,No,Yes,4,Yes,Yes,DSL,Yes,No,No,Yes,No,Yes,Month-to-month,Yes,Mailed check,73.02,301.4,Yes
7353-ESZWV,Male,0,Yes,Yes,1,Yes,No,Fiber optic,No,Yes,Yes,No,No,No,One year,Yes,Electronic check,92.02,96.35,No
6839-ALXBU,Male,0,Yes,No,10,Yes,Yes,No,No internet service,No internet service,No internet service,No internet service,No internet service,No internet service,Two year,No,Mailed check,25.13,232.31,No
2927-RYPEZ,Male,1,No,Yes,22,Yes,No,No,No internet service,No internet service,No internet service,No internet service,No internet service,No internet service,Month-to-month,No,Electronic check,21.59,461.44,No
6533-VMSCZ,Female,0,No,No,14,Yes,No,DSL,Yes,Yes,Yes,No,No,Yes,Two year,Yes,Bank transfer (automatic),77.72,1093.6,No
3663-ZZLBK,Female,0,No,Yes,3,Yes,Yes,DSL,Yes,No,No,Yes,No,No,Month-to-month,No,Bank transfer (automatic),61.92,173.97,Yes
2131-RMEVL,Female,0,Yes,No,40,Yes,No,Fiber optic,No,No,No,No,No,Yes,One year,No,Electronic check,82.39,3304.29,No
6092-GZZXL,Male,1,Yes,Yes,8,Yes,Yes,Fiber optic,No,No,No,No,No,Yes,Month-to-month,No,Credit card (automatic),83.89,666.18,No
7159-WHIOE,Male,0,Yes,Yes,22,Yes,No,DSL,Yes,No,Yes,Yes,Yes,No,Month-to-month,No,Credit card (automatic),72.43,1588.58,No
6636-KJTMI,Female,0,Yes,No,6,Yes,No,No,No internet service,No internet service,No internet service,No internet service,No internet service,No internet service,One year,Yes,Mailed check,18.25,109.88,No
6812-NROJX,Female,0,Yes,No,21,Yes,No,Fiber optic,Yes,No,No,No,Yes,No,Month-to-month,Yes,Electronic check,95.38,2012.12,Yes
7782-GHCOP,Female,0,Yes,Yes,3,No,No phone service,Fiber optic,Yes,No,Yes,Yes,No,No,Month-to-month,Yes,Electronic check,82.54,229.14,Yes
2876-FADKL,Male,1,No,No,25,No,No phone service,Fiber optic,Yes,No,No,No,Yes,Yes,Month-to-month,Yes,Bank transfer (automatic),91.8,2320.47,No
5516-WUPMM,Female,1,No,Yes,20,Yes,No,Fiber optic,No,No,Yes,No,Yes,Yes,Month-to-month,No,Electronic check,95.77,1919.84,Yes
2008-GHMWP,Male,0,No,No,17,Yes,No,No,No internet service,No internet service,No internet service,No internet service,No internet service,No internet service,Two year,No,Mailed check,18.8,338.77,Yes
1989-DHPUJ,Female,0,No,No,5,Yes,No,No,No internet service,No internet service,No internet service,No internet service,No internet service,No internet service,Two year,No,Mailed check,28.17,147.0,Yes
9075-ZEPAI,Female,0,No,Yes,18,Yes,No,Fiber optic,No,No,No,Yes,No,Yes,Month-to-month,No,Credit card (automatic),95.55,1721.91,No
4908-VTVXC,Female,0,Yes,No,54,Yes,No,Fiber optic,No,No,No,Yes,Yes,No,Month-to-month,No,Credit card (automatic),82.32,4437.12,No
9388-BNBMG,Female,0,Yes,No,3,Yes,Yes,DSL,Yes,Yes,Yes,No,No,No,Month-to-month,Yes,Bank transfer (automatic),72.35,225.05,No
3665-MPZNK,Female,0,Yes,No,29,Yes,No,DSL,Yes,Yes,Yes,No,Yes,Yes,Two year,Yes,Bank transfer (automatic),84.49,2459.29,No
9613-DUAGX,Female,0,No,Yes,2,Yes,No,DSL,No,No,Yes,No,No,No,Month-to-month,No,Mailed check,62.59,118.88,No
2223-ESJKY,Female,0,Yes,Yes,9,Yes,No,DSL,No,No,Yes,No,Yes,No,Two year,Yes,Credit card (automatic),60.71,535.34,No
1654-FOESV,Female,0,Yes,No,27,Yes,No,DSL,No,Yes,No,No,No,No,Month-to-month,Yes,Credit card (automatic),49.52,1337.47,No
5402-JLVDR,Female,0,Yes,No,19,Yes,No,Fiber optic,No,No,No,No,No,No,Month-to-month,Yes,Mailed check,73.58,1392.31,Yes
9167-DYWLB,Female,0,No,Yes,27,Yes,No,Fiber optic,No,No,Yes,No,No,Yes,Month-to-month,Yes,Credit card (automatic),88.67,2393.39,No
5196-CIURK,Male,0,No,No,72,Yes,No,Fiber optic,Yes,Yes,No,No,Yes,No,Month-to-month,Yes,Credit card (automatic),91.32,6577.55,No
5002-YWBIN,Male,0,Yes,No,72,Yes,No,DSL,Yes,Yes,Yes,No,Yes,Yes,One year,No,Electronic check,80.59,5798.11,No
9963-IMROJ,Female,0,Yes,No,59,Yes,Yes,DSL,Yes,No,No,No,Yes,No,Month-to-month,No,Credit card (automatic),65.52,3863.0,No
4407-LTEBJ,Female,1,Yes,No,16,Yes,No,Fiber optic,Yes,No,Yes,No,Yes,Yes,Month-to-month,No,Electronic check,99.7,1593.11,Yes
8334-ZQPXC,Male,0,Yes,No,10,Yes,No,DSL,No,Yes,No,No,No,Yes,Month-to-month,Yes,Credit card (automatic),71.8,731.6,No
6289-VGZQF,Male,0,Yes,Yes,7,Yes,No,Fiber optic,Yes,No,Yes,No,No,No,Month-to-month,Yes,Credit card (automatic),84.36,593.86,No
2173-DQIDG,Male,0,Yes,No,20,Yes,Yes,Fiber optic,Yes,Yes,No,Yes,No,Yes,One year,Yes,Credit card (automatic),101.48,2024.78,No
3262-BQXHW,Female,0,No,No,14,Yes,No,No,No internet service,No internet service,No internet service,No internet service,No internet service,No internet service,Month-to-month,Yes,Mailed check,22.91,320.09,No
3429-OOHPS,Female,0,Yes,Yes,72,Yes,Yes,No,No internet service,No internet service,No internet service,No internet service,No internet service,No internet service,Two year,No,Electronic check,19.94,1424.7,No
6930-BWXQZ,Female,0,No,Yes,18,Yes,No,Fiber optic,No,No,Yes,No,No,Yes,Month-to-month,Yes,Electronic check,88.8,1594.33,No
4151-YOMOD,Female,0,Yes,No,9,Yes,No,No,No internet service,No internet service,No internet service,No internet service,No internet service,No internet service,Two year,No,Electronic check,28.79,253.37,No
5573-LDCVQ,Male,0,No,No,24,Yes,Yes,No,No internet service,No internet service,No internet service,No internet service,No internet service,No internet service,One year,Yes,Electronic check,23.54,561.64,No
7997-RYRWQ,Male,0,No,No,1,Yes,No,DSL,No,No,No,No,No,No,Month-to-month,Yes,Credit card (automatic),41.29,49.35,No
9779-WUXDL,Male,1,No,No,2,Yes,Yes,No,No internet service,No internet service,No internet service,No internet service,No internet service,No internet service,Month-to-month,Yes,Electronic check,22.45,24.3,Yes
8865-WVUTO,Male,0,No,No,26,Yes,Yes,No,No internet service,No internet service,No internet service,No internet service,No internet service,No internet service,Month-to-month,No,Bank transfer (automatic),25.31,652.67,No
7811-PEUOQ,Female,0,No,Yes,3,Yes,No,DSL,Yes,No,Yes,No,Yes,Yes,Month-to-month,Yes,Mailed check,73.54,233.46,Yes
4057-EMSMR,Male,0,No,No,33,Yes,Yes,DSL,No,No,Yes,No,No,Yes,Two year,Yes,Electronic check,64.57,2123.26,No
7349-DDTTS,Male,0,Yes,No,1,Yes,No,DSL,No,No,No,No,No,No,Two year,No,Electronic check,50.38,54.32,No
1364-LGYLU,Female,0,Yes,No,21,Yes,No,Fiber optic,Yes,No,No,No,No,No,Two year,Yes,Credit card (automatic),83.41,1745.09,No
1579-BBEWJ,Female,1,Yes,No,27,No,No phone service,No,No internet service,No internet service,No internet service,No internet service,No internet service,No internet service,Month-to-month,No,Credit card (automatic),20.55,554.64,No
4039-JIMGE,Female,0,Yes,No,36,Yes,No,Fiber optic,No,Yes,No,Yes,Yes,No,Month-to-month,Yes,Bank transfer (automatic),90.26,3257.55,No
7537-JFSUH,Male,1,Yes,No,52,Yes,Yes,DSL,No,No,Yes,No,No,No,One year,Yes,Electronic check,57.42,2988.32,No
7747-QGNUU,Male,0,Yes,No,8,Yes,No,DSL,No,No,Yes,No,Yes,No,Two year,No,Electronic check,61.94,487.52,Yes
5144-IQEZY,Female,0,No,No,30,No,No phone service,Fiber optic,No,No,No,No,Yes,No,Month-to-month,Yes,Bank transfer (automatic),69.26,2053.19,No
4645-THFKS,Female,0,No,Yes,2,Yes,No,DSL,Yes,Yes,No,Yes,No,No,Month-to-month,Yes,Bank transfer (automatic),58.65,97.8,Yes
4555-RAMNX,Female,0,No,No,42,Yes,No,DSL,No,No,No,Yes,No,No,Two year,No,Credit card (automatic),54.64,2291.79,No
7752-KQDZL,Female,1,Yes,Yes,53,Yes,No,No,No internet service,No internet service,No internet service,No internet service,No internet service,No internet service,Month-to-month,Yes,Electronic check,29.54,1577.09,Yes
7238-FYAGZ,Male,0,Yes,Yes,33,Yes,No,Fiber optic,Yes,No,Yes,No,No,No,Two year,No,Bank transfer (automatic),86.78,2868.06,Yes
9283-PXNWT,Female,0,Yes,No,7,Yes,Yes,No,No internet service,No internet service,No internet service,No internet service,No internet service,No internet service,Month-to-month,No,Mailed check,32.41,231.09,No
6011-FVYEX,Male,1,No,No,1,Yes,Yes,No,No internet service,No internet service,No internet service,No internet service,No internet service,No internet service,Two year,Yes,Electronic check,23.63,17.06,No
2812-ROFYS,Female,0,No,No,13,Yes,Yes,No,No internet service,No internet service,No internet service,No internet service,No internet service,No internet service,Month-to-month,Yes,Electronic check,25.22,318.76,No
2407-AAMCJ,Female,0,Yes,No,7,Yes,No,DSL,Yes,No,Yes,No,No,Yes,One year,Yes,Mailed check,66.48,466.85,No
5372-CIHCY,Male,1,No,No,18,Yes,No,Fiber optic,No,No,Yes,No,Yes,Yes,Month-to-month,Yes,Mailed check,87.89,1584.87,No
5332-FMWTT,Female,0,No,No,12,Yes,No,Fiber optic,No,Yes,Yes,Yes,Yes,Yes,One year,Yes,Electronic check,106.57,1293.75,No
5052-XWPWF,Female,0,Yes,No,3,Yes,No,No,No internet service,No internet service,No internet service,No internet service,No internet service,No internet service,One year,No,Mailed check,18.25,47.09,No
6490-UMQWI,Female,0,No,No,43,Yes,No,No,No internet service,No internet service,No internet service,No internet service,No internet service,No internet service,Month-to-month,Yes,Bank transfer (automatic),26.2,1122.75,No
1848-BSSXG,Male,0,Yes,Yes,48,Yes,Yes,Fiber optic,No,No,No,No,Yes,No,Two year,Yes,Mailed check,85.76,4119.57,Yes
9894-JJTIQ,Male,0,No,No,40,Yes,Yes,DSL,No,Yes,Yes,Yes,No,Yes,Month-to-month,Yes,Mailed check,73.46,2922.77,Yes
5378-OBDSQ,Female,0,No,No,5,Yes,No,DSL,Yes,Yes,No,No,No,Yes,One year,Yes,Bank transfer (automatic),70.81,361.59,No
6585-UVGQG,Female,0,Yes,Yes,13,Yes,Yes,Fiber optic,Yes,No,Yes,Yes,Yes,No,Two year,Yes,Electronic check,106.74,1388.38,No
8715-HMDFY,Male,0,Yes,No,4,Yes,No,DSL,No,Yes,Yes,No,Yes,Yes,Two year,No,Credit card (automatic),74.25,290.89,No
8837-LDXID,Male,0,Yes,No,26,Yes,No,Fiber optic,Yes,No,No,Yes,No,Yes,One year,Yes,Credit card (automatic),91.66,2377.5,No
9498-XNERJ,Male,1,Yes,No,39,No,No phone service,Fiber optic,No,Yes,No,No,No,No,Two year,Yes,Electronic check,77.77,3028.84,No
6176-SLRQX,Female,0,No,No,20,Yes,Yes,DSL,No,Yes,No,No,Yes,No,Month-to-month,No,Bank transfer (automatic),61.16,1233.1,Yes
6398-QAOIO,Female,0,No,No,18,Yes,No,Fiber optic,No,No,Yes,No,No,No,Month-to-month,Yes,Electronic check,80.37,1435.23,No
1919-CVSML,Female,0,No,No,30,Yes,Yes,DSL,No,Yes,No,No,No,No,Two year,No,Mailed check,48.58,1453.25,No
4392-UQMAJ,Female,0,No,Yes,2,No,No phone service,No,No internet service,No internet service,No internet service,No internet service,No internet service,No internet service,Two year,Yes,Electronic check,18.25,42.56,No
2070-GVRPN,Male,0,Yes,No,6,Yes,Yes,Fiber optic,Yes,Yes,No,No,Yes,No,One year,No,Electronic check,96.76,576.64,Yes
8194-RGQRL,Male,0,Yes,No,9,Yes,No,Fiber optic,No,Yes,No,Yes,No,No,Month-to-month,Yes,Mailed check,80.59,726.34,No
2502-BGDRF,Male,0,Yes,No,18,No,No phone service,DSL,No,No,No,Yes,No,Yes,Month-to-month,Yes,Mailed check,58.08,1040.04,No
7654-IINHS,Female,0,Yes,No,72,Yes,No,Fiber optic,Yes,No,Yes,Yes,No,Yes,Two year,No,Mailed check,101.66,7311.93,No
3594-RENDG,Male,0,Yes,Yes,47,No,No phone service,DSL,No,No,Yes,Yes,No,No,Two year,Yes,Credit card (automatic),55.18,2596.23,No
4539-YLBKN,Female,0,No,No,6,Yes,No,Fiber optic,Yes,No,Yes,Yes,No,No,Month-to-month,Yes,Credit card (automatic),93.31,583.03,No
5911-TFWDO,Male,0,Yes,Yes,6,Yes,Yes,No,No internet service,No internet service,No internet service,No internet service,No internet service,No internet service,Two year,Yes,Electronic check,19.66,126.41,Yes
1087-YAGYL,Female,0,No,No,13,Yes,Yes,DSL,No,Yes,Yes,No,No,No,Month-to-month,No,Bank transfer (automatic),60.76,801.54,No
7276-LRJFL,Female,0,Yes,Yes,72,Yes,No,Fiber optic,Yes,No,Yes,No,Yes,No,Month-to-month,Yes,Mailed check,98.1,7057.3,No
9038-RBJOL,Male,0,Yes,No,3,Yes,No,Fiber optic,Yes,Yes,No,Yes,No,No,One year,No,Mailed check,89.98,264.72,No
3064-DGISW,Male,0,No,Yes,72,Yes,No,Fiber optic,No,No,No,Yes,Yes,Yes,Month-to-month,Yes,Bank transfer (automatic),103.45,7448.64,No
1118-BFRFM,Male,0,No,No,5,Yes,No,DSL,Yes,No,No,No,No,No,Two year,Yes,Credit card (automatic),61.18,307.86,No
4250-BLONF,Male,0,No,No,52,Yes,Yes,No,No internet service,No internet service,No internet service,No internet service,No internet service,No internet service,Month-to-month,Yes,Bank transfer (automatic),20.78,1085.77,No
8857-ERCCV,Male,0,No,No,42,Yes,Yes,DSL,No,No,No,No,Yes,No,Month-to-month,Yes,Bank transfer (automatic),52.38,2201.34,No
9021-JSCLP,Male,0,Yes,No,51,Yes,Yes,DSL,No,Yes,No,No,No,Yes,Month-to-month,Yes,Electronic check,67.56,3451.07,Yes
5752-GMXBD,Female,0,No,No,53,Yes,Yes,Fiber optic,No,Yes,Yes,No,No,No,Two year,No,Bank transfer (automatic),86.73,4588.07,No
4209-GXQTF,Male,0,No,No,5,Yes,Yes,Fiber optic,Yes,Yes,No,Yes,No,No,Month-to-month,Yes,Credit card (automatic),81.72,412.8,No
8890-EJIMS,Female,0,No,No,36,Yes,No,Fiber optic,Yes,No,No,No,No,No,One year,No,Credit card (automatic),77.41,2789.33,No
4557-DXCCD,Female,0,No,No,27,Yes,Yes,Fiber optic,No,No,No,Yes,No,No,Month-to-month,Yes,Mailed check,83.89,2250.86,No
8160-EHPVC,Female,0,Yes,No,50,Yes,No,DSL,No,Yes,Yes,No,No,Yes,Month-to-month,Yes,Credit card (automatic),68.21,3409.01,No
4127-LYHMD,Male,0,No,No,16,Yes,Yes,No,No internet service,No internet service,No internet service,No internet service,No internet service,No internet service,Month-to-month,Yes,Bank transfer (automatic),25.38,389.73,Yes
1845-MFQDH,Male,0,No,No,12,Yes,No,Fiber optic,Yes,Yes,No,No,Yes,Yes,Month-to-month,Yes,Electronic check,101.33,1218.77,Yes
6360-CQIBY,Male,0,No,No,31,Yes,No,No,No internet service,No internet service,No internet service,No internet service,No internet service,No internet service,Month-to-month,No,Credit card (automatic),22.19,700.31,No
9257-TKZVO,Male,0,No,Yes,7,Yes,Yes,Fiber optic,No,Yes,No,No,No,Yes,Month-to-month,Yes,Bank transfer (automatic),96.71,683.2,Yes
3486-CCZLX,Male,0,No,No,41,Yes,Yes,Fiber optic,Yes,No,Yes,Yes,Yes,No,Month-to-month,Yes,Electronic check,96.09,3940.53,Yes
2036-IYUML,Male,1,Yes,No,8,Yes,No,No,No internet service,No internet service,No internet service,No internet service,No internet service,No internet service,Month-to-month,No,Bank transfer (automatic),26.21,220.38,Yes
2548-XJAYH,Female,1,No,No,1,Yes,Yes,No,No internet service,No internet service,No internet service,No internet service,No internet service,No internet service,Month-to-month,Yes,Bank transfer (automatic),24.48,17.47,No
4957-PMCCX,Female,0,No,No,19,Yes,No,No,No internet service,No internet service,No internet service,No internet service,No internet service,No internet service,Month-to-month,No,Electronic check,29.35,575.76,Yes
9708-ZKGUX,Female,0,No,No,43,Yes,No,DSL,Yes,No,No,No,Yes,Yes,Two year,Yes,Bank transfer (automatic),60.77,2594.16,No
4945-TBCHK,Female,1,No,No,28,Yes,No,No,No internet service,No internet service,No internet service,No internet service,No internet service,No internet service,One year,Yes,Credit card (automatic),19.14,528.35,No
5934-MBFIT,Female,0,No,Yes,72,Yes,No,DSL,No,Yes,No,Yes,Yes,No,Month-to-month,Yes,Electronic check,68.44,4926.39,Yes
3785-RPYLG,Male,0,Yes,Yes,3,No,No phone service,Fiber optic,Yes,No,No,No,No,No,Month-to-month,Yes,Mailed check,75.05,227.23,No
2574-QMKFW,Male,0,No,No,10,Yes,No,No,No internet service,No internet service,No internet service,No internet service,No internet service,No internet service,Two year,Yes,Electronic check,20.11,204.95,No
6210-NFFBV,Female,1,No,No,11,Yes,No,DSL,Yes,Yes,No,No,No,No,Two year,Yes,Mailed check,57.49,626.46,No
2875-YOQHE,Female,1,Yes,No,1,Yes,Yes,Fiber optic,Yes,Yes,No,No,Yes,Yes,One year,Yes,Credit card (automatic),104.18,110.98,Yes
9240-TAVRO,Female,0,No,No,1,Yes,Yes,No,No internet service,No internet service,No internet service,No internet service,No internet service,No internet service,Two year,Yes,Credit card (automatic),30.34,19.24,No
3833-FVUES,Male,1,No,No,0,Yes,Yes,Fiber optic,No,Yes,Yes,Yes,No,No,One year,Yes,Electronic check,87.51, ,No
5777-PLRWA,Male,0,Yes,No,12,Yes,No,No,No internet service,No internet service,No internet service,No internet service,No internet service,No internet service,Month-to-month,No,Electronic check,27.35,320.87,No
1821-FCBBM,Male,0,No,No,44,Yes,No,DSL,Yes,Yes,No,No,Yes,Yes,Month-to-month,No,Mailed check,66.45,2930.57,Yes
4535-EWUGM,Male,1,Yes,No,29,Yes,Yes,Fiber optic,Yes,No,No,Yes,Yes,Yes,Month-to-month,Yes,Electronic check,102.32,2944.92,Yes
3707-XZMZG,Male,1,No,No,14,Yes,No,Fiber optic,Yes,Yes,Yes,No,Yes,No,Month-to-month,Yes,Electronic check,93.65,1319.53,No
1564-FEWBU,Male,0,Yes,No,7,Yes,Yes,Fiber optic,Yes,No,Yes,No,Yes,No,Two year,No,Bank transfer (automatic),94.91,663.43,No
7030-ZPSIV,Male,1,Yes,No,0,No,No phone service,No,No internet service,No internet service,No internet service,No internet service,No internet service,No internet service,One year,No,Bank transfer (automatic),19.63, ,No
5732-ZSGDC,Female,0,Yes,Yes,4,Yes,Yes,No,No internet service,No internet service,No internet service,No internet service,No internet service,No internet service,Two year,Yes,Electronic check,33.09,133.24,No
7207-TKAFZ,Female,0,Yes,Yes,11,Yes,No,Fiber optic,No,No,No,No,No,Yes,Month-to-month,No,Mailed check,84.15,949.03,No
6322-AUGFN,Male,1,Yes,No,11,Yes,Yes,DSL,Yes,Yes,No,No,No,No,Two year,Yes,Mailed check,72.22,802.71,No
5161-DKORA,Female,1,No,Yes,7,Yes,No,DSL,Yes,Yes,Yes,Yes,No,No,Two year,No,Electronic check,72.49,525.24,No
9638-CCGAY,Male,0,Yes,Yes,72,Yes,No,DSL,Yes,No,No,No,No,Yes,Two year,Yes,Electronic check,57.71,4150.7,No
8210-FTCSB,Female,0,Yes,Yes,14,Yes,Yes,Fiber optic,Yes,No,No,No,No,Yes,One year,Yes,Bank transfer (automatic),92.8,1302.16,No
5305-LJEIB,Male,0,Yes,No,7,Yes,Yes,Fiber optic,Yes,No,Yes,Yes,No,No,Month-to-month,Yes,Mailed check,91.92,636.41,No
2211-FJRLD,Male,0,Yes,No,12,Yes,Yes,Fiber optic,No,Yes,Yes,Yes,Yes,Yes,Month-to-month,No,Bank transfer (automatic),99.07,1176.57,Yes
1501-UQOFP,Female,0,Yes,No,7,Yes,No,No,No internet service,No internet service,No internet service,No internet service,No internet service,No internet service,Month-to-month,No,Credit card (automatic),20.0,126.66,No
9880-CJENZ,Male,1,Yes,Yes,10,Yes,No,Fiber optic,No,No,Yes,Yes,Yes,No,One year,Yes,Bank transfer (automatic),85.1,857.29,No
6820-UMZFL,Female,0,No,Yes,3,Yes,No,Fiber optic,Yes,Yes,No,No,Yes,No,Two year,Yes,Credit card (automatic),94.87,288.89,No
5366-PAPEC,Male,0,No,No,0,Yes,No,Fiber optic,No,No,No,No,Yes,Yes,Month-to-month,No,Bank transfer (automatic),85.62, ,Yes
5958-MXPWK,Female,1,No,No,16,Yes,No,Fiber optic,No,Yes,Yes,No,No,Yes,One year,No,Electronic check,89.89,1440.12,No
1148-BVFZZ,Male,0,No,No,16,Yes,No,No,No internet service,No internet service,No internet service,No internet service,No internet service,No internet service,One year,No,Electronic check,27.85,433.13,No
9186-FNYKH,Female,0,No,Yes,4,No,No phone service,Fiber optic,No,No,Yes,Yes,No,No,Two year,Yes,Bank transfer (automatic),82.41,344.95,No
3823-AUGFU,Male,0,No,Yes,42,Yes,No,Fiber optic,No,No,No,Yes,No,No,One year,Yes,Electronic check,88.65,3720.78,No
9391-SVUXT,Female,0,Yes,No,5,Yes,No,DSL,No,Yes,No,No,Yes,No,One year,Yes,Mailed check,65.34,335.98,No
3311-ZNRYP,Female,0,No,No,35,Yes,No,Fiber optic,Yes,No,No,Yes,No,No,Two year,Yes,Bank transfer (automatic),88.65,3113.76,No
6785-JVPDT,Female,0,Yes,Yes,5,Yes,No,DSL,Yes,Yes,No,No,No,No,Two year,Yes,Electronic check,62.87,320.47,Yes
8532-VEVGW,Female,0,No,No,7,Yes,Yes,Fiber optic,Yes,Yes,No,No,No,No,One year,No,Credit card (automatic),89.15,627.25,No
4815-PFPFN,Male,0,Yes,No,7,Yes,Yes,Fiber optic,No,No,No,Yes,No,No,Two year,Yes,Mailed check,82.06,577.62,No
5468-AYIYX,Female,0,Yes,Yes,6,Yes,Yes,DSL,No,No,No,Yes,Yes,Yes,Two year,No,Electronic check,72.78,451.67,No
4673-SQKHW,Male,0,No,No,72,Yes,Yes,No,No internet service,No internet service,No internet service,No internet service,No internet service,No internet service,Month-to-month,No,Credit card (automatic),28.56,2053.16,No
7697-GJDIZ,Male,0,Yes,Yes,7,Yes,No,Fiber optic,No,Yes,Yes,Yes,Yes,Yes,One year,No,Mailed check,114.74,811.4,No
4885-BYIUA,Male,0,Yes,Yes,15,Yes,No,No,No internet service,No internet service,No internet service,No internet service,No internet service,No internet service,Two year,No,Mailed check,22.44,339.42,No
7985-JTYVC,Male,0,Yes,No,31,Yes,No,No,No internet service,No internet service,No internet service,No internet service,No internet service,No internet service,Month-to-month,Yes,Credit card (automatic),20.8,654.35,No
9828-ZFUBZ,Male,0,No,No,9,Yes,No,Fiber optic,Yes,Yes,No,No,Yes,Yes,Two year,Yes,Credit card (automatic),108.05,978.18,No
4670-BLVET,Male,0,Yes,No,0,Yes,No,Fiber optic,Yes,Yes,No,No,No,No,Month-to-month,Yes,Electronic check,87.71, ,Yes
5631-PTAAQ,Male,0,No,No,34,Yes,Yes,No,No internet service,No internet service,No internet service,No internet service,No internet service,No internet service,Month-to-month,No,Credit card (automatic),27.63,943.05,No
7906-AUTMI,Male,0,No,No,8,Yes,No,Fiber optic,Yes,Yes,No,Yes,No,No,One year,No,Mailed check,90.63,707.37,No
8938-NWKXV,Female,0,Yes,No,49,Yes,Yes,DSL,No,Yes,Yes,No,No,No,Month-to-month,No,Bank transfer (automatic),59.5,2912.42,No
6611-MZMAX,Female,0,No,No,16,Yes,No,DSL,No,Yes,No,No,No,Yes,Month-to-month,Yes,Electronic check,64.14,1008.56,No
6577-CXDPH,Male,1,No,Yes,23,Yes,Yes,Fiber optic,Yes,No,Yes,No,Yes,No,Two year,No,Bank transfer (automatic),86.61,1978.95,No
3063-QSVOP,Female,0,No,Yes,72,No,No phone service,DSL,No,Yes,Yes,Yes,Yes,No,Month-to-month,Yes,Electronic check,68.6,4944.51,No
2294-YBKAO,Female,0,Yes,No,48,Yes,Yes,Fiber optic,Yes,Yes,No,No,No,Yes,Month-to-month,Yes,Electronic check,92.42,4448.96,Yes
2603-KECMJ,Male,0,No,No,37,Yes,No,DSL,Yes,No,No,Yes,Yes,Yes,Month-to-month,Yes,Electronic check,77.58,2871.58,No
2098-RBGIJ,Female,0,No,No,18,Yes,Yes,No,No internet service,No internet service,No internet service,No internet service,No internet service,No internet service,Two year,Yes,Electronic check,18.37,327.12,No
4787-GQZAE,Female,0,No,No,4,Yes,No,No,No internet service,No internet service,No internet service,No internet service,No internet service,No internet service,Month-to-month,No,Credit card (automatic),26.06,110.67,No
1175-OBIGD,Female,0,Yes,No,44,Yes,Yes,DSL,No,No,Yes,No,No,Yes,Month-to-month,No,Electronic check,55.24,2425.92,No
9867-MAXCP,Male,1,Yes,No,2,Yes,No,DSL,Yes,Yes,No,No,No,Yes,Month-to-month,Yes,Electronic check,57.11,105.13,Yes
8965-VDYWY,Male,0,Yes,No,52,Yes,Yes,Fiber optic,No,No,No,Yes,Yes,Yes,Month-to-month,No,Mailed check,97.61,5082.3,Yes
2849-SAESV,Female,0,Yes,No,34,No,No phone service,DSL,No,Yes,No,No,No,Yes,Two year,Yes,Electronic check,59.17,2003.25,Yes
4799-KMTEU,Male,0,Yes,No,39,Yes,Yes,DSL,No,Yes,No,No,No,Yes,Two year,No,Credit card (automatic),56.95,2220.3,No
6795-DDTUR,Male,1,No,Yes,11,Yes,Yes,Fiber optic,Yes,No,No,No,No,No,One year,No,Mailed check,76.78,846.49,No
2487-IRVBU,Female,0,Yes,No,2,Yes,No,DSL,No,No,No,Yes,No,Yes,Two year,No,Bank transfer (automatic),65.62,142.67,No
3431-LGOGV,Female,0,No,Yes,31,Yes,No,Fiber optic,Yes,Yes,Yes,Yes,No,No,One year,No,Mailed check,93.92,2901.28,No
9793-UQPSI,Female,0,Yes,Yes,72,Yes,Yes,DSL,No,No,No,No,Yes,No,Month-to-month,No,Electronic check,60.09,4320.15,No
7622-NQEBT,Female,0,No,No,46,Yes,Yes,DSL,Yes,No,Yes,No,No,No,Month-to-month,Yes,Electronic check,61.91,2866.2,No
5271-NNACZ,Male,0,Yes,Yes,44,Yes,No,Fiber optic,No,No,Yes,No,Yes,No,Month-to-month,Yes,Electronic check,90.21,3967.18,No
7073-OSTBS,Male,0,No,Yes,24,Yes,Yes,DSL,No,No,No,No,Yes,No,One year,No,Credit card (automatic),61.75,1462.26,No
8396-RPDLG,Male,0,No,Yes,2,Yes,No,DSL,No,No,No,No,Yes,Yes,Two year,Yes,Electronic check,74.19,141.34,No
9461-WLCEQ,Male,0,No,No,47,Yes,No,Fiber optic,Yes,No,No,Yes,No,Yes,Month-to-month,No,Credit card (automatic),84.36,3981.62,Yes
9697-JJKQE,Male,0,Yes,Yes,6,Yes,No,Fiber optic,Yes,No,No,Yes,Yes,No,Two year,Yes,Mailed check,94.34,569.86,No
9553-IQADD,Male,1,Yes,Yes,7,Yes,No,Fiber optic,Yes,Yes,No,No,No,Yes,Two year,Yes,Bank transfer (automatic),93.17,660.46,No
8281-NYOFX,Male,0,No,No,33,Yes,Yes,DSL,No,No,No,Yes,Yes,Yes,Two year,Yes,Credit card (automatic),73.14,2426.67,No
1681-ODRRY,Male,0,Yes,No,30,Yes,No,Fiber optic,Yes,No,Yes,No,Yes,Yes,Month-to-month,Yes,Mailed check,90.6,2728.09,Yes
5016-LGPKN,Male,0,Yes,No,1,No,No phone service,DSL,No,No,No,Yes,Yes,No,One year,No,Electronic check,70.58,68.45,No
5157-JFMJR,Female,0,Yes,No,6,Yes,Yes,No,No internet service,No internet service,No internet service,No internet service,No internet service,No internet service,Month-to-month,Yes,Mailed check,28.41,177.44,Yes
7713-PYYFM,Male,0,No,No,40,Yes,No,DSL,No,No,Yes,No,Yes,No,Month-to-month,Yes,Electronic check,52.34,2085.34,No
4936-TEHLB,Male,0,No,No,71,Yes,Yes,DSL,Yes,No,Yes,No,Yes,Yes,Month-to-month,Yes,Credit card (automatic),77.13,5475.61,Yes
7379-EVEMI,Male,0,Yes,No,7,Yes,No,DSL,No,No,Yes,No,No,No,Month-to-month,No,Bank transfer (automatic),49.17,334.61,No
8456-CRLCZ,Female,0,Yes,No,34,Yes,No,Fiber optic,Yes,Yes,No,No,No,Yes,Month-to-month,Yes,Bank transfer (automatic),94.9,3215.31,No
3744-IZBCN,Female,1,Yes,Yes,16,Yes,Yes,No,No internet service,No internet service,No internet service,No internet service,No internet service,No internet service,One year,Yes,Electronic check,23.85,381.46,No
5675-YSMGL,Male,0,Yes,No,11,Yes,No,Fiber optic,No,Yes,Yes,No,No,Yes,Two year,Yes,Credit card (automatic),91.14,1003.32,Yes
3722-WWIBV,Male,0,No,No,54,Yes,No,Fiber optic,No,Yes,Yes,Yes,No,No,Month-to-month,Yes,Electronic check,84.84,4564.82,No
1808-LLOBR,Female,0,No,No,19,Yes,No,No,No internet service,No internet service,No internet service,No internet service,No internet service,No internet service,Month-to-month,No,Electronic check,24.52,461.68,No
9012-NEZJL,Male,0,Yes,Yes,28,Yes,Yes,DSL,No,Yes,No,No,Yes,No,Month-to-month,No,Credit card (automatic),64.14,1798.13,No
2353-XKYBE,Female,0,No,Yes,21,Yes,Yes,DSL,No,Yes,Yes,No,No,No,Month-to-month,No,Electronic check,64.59,1366.56,No
2790-FVWCM,Male,1,No,No,24,Yes,Yes,Fiber optic,No,No,No,Yes,Yes,Yes,Two year,Yes,Bank transfer (automatic),96.23,2295.57,No
3073-YXUFK,Female,0,Yes,Yes,17,Yes,No,Fiber optic,No,Yes,No,No,Yes,Yes,Month-to-month,Yes,Electronic check,102.17,1745.63,No
7841-QJLQD,Female,0,Yes,No,18,Yes,No,DSL,Yes,Yes,No,Yes,No,Yes,Two year,Yes,Bank transfer (automatic),71.38,1294.02,No
8129-RUDHT,Male,0,Yes,Yes,45,Yes,No,Fiber optic,Yes,No,Yes,Yes,No,Yes,Two year,Yes,Credit card (automatic),97.82,4406.55,No
6677-LVURK,Female,0,Yes,Yes,8,Yes,No,No,No internet service,No internet service,No internet service,No internet service,No internet service,No internet service,Month-to-month,Yes,Mailed check,21.18,183.16,No
5350-HBYOI,Female,0,No,No,31,Yes,Yes,No,No internet service,No internet service,No internet service,No internet service,No internet service,No internet service,Month-to-month,Yes,Electronic check,23.45,734.42,No
8282-THYSE,Female,0,Yes,No,7,Yes,Yes,No,No internet service,No internet service,No internet service,No internet service,No internet service,No internet service,Month-to-month,Yes,Credit card (automatic),35.2,246.92,Yes
7986-OHSWH,Male,0,No,No,1,Yes,Yes,DSL,No,No,No,Yes,Yes,No,Month-to-month,Yes,Electronic check,60.59,60.36,Yes
9159-ZSRJG,Male,0,No,Yes,56,Yes,Yes,Fiber optic,Yes,Yes,No,No,Yes,No,Month-to-month,Yes,Mailed check,88.52,4948.24,No
8867-IASES,Female,1,Yes,No,12,Yes,No,Fiber optic,No,No,Yes,No,Yes,Yes,Two year,Yes,Bank transfer (automatic),100.1,1208.6,No
8776-OPWGZ,Female,0,Yes,No,27,Yes,No,Fiber optic,No,No,No,No,No,No,Month-to-month,No,Bank transfer (automatic),70.94,1896.02,No
4935-LHEJU,Male,0,No,No,34,Yes,Yes,Fiber optic,Yes,No,No,Yes,Yes,Yes,Month-to-month,Yes,Mailed check,110.1,3737.23,No
8856-ZEVOM,Male,0,No,No,38,Yes,No,No,No internet service,No internet service,No internet service,No internet service,No internet service,No internet service,Month-to-month,No,Credit card (automatic),33.64,1255.04,No
6738-WAKRR,Male,1,No,No,6,Yes,No,DSL,No,No,Yes,No,No,Yes,Month-to-month,No,Credit card (automatic),59.15,348.28,Yes
9989-ZPMGA,Female,0,Yes,No,25,Yes,No,DSL,No,Yes,No,Yes,Yes,Yes,Two year,Yes,Credit card (automatic),70.22,1746.8,No
4737-PAQFB,Male,0,Yes,No,34,Yes,No,DSL,Yes,Yes,Yes,No,Yes,No,Two year,No,Electronic check,66.92,2289.38,No
2392-FNRFJ,Male,0,No,No,3,No,No phone service,Fiber optic,No,No,No,Yes,Yes,No,Month-to-month,Yes,Bank transfer (automatic),86.59,267.25,No
5753-IHJQW,Male,0,No,No,3,Yes,No,No,No internet service,No internet service,No internet service,No internet service,No internet service,No internet service,Two year,Yes,Credit card (automatic),26.04,66.54,No
5541-ZFNVV,Male,0,Yes,Yes,10,Yes,No,Fiber optic,No,No,Yes,No,No,No,Month-to-month,Yes,Electronic check,81.63,819.59,Yes
5869-ZGLCN,Female,0,No,Yes,8,Yes,No,Fiber optic,No,No,Yes,No,Yes,Yes,Month-to-month,No,Electronic check,93.39,752.67,No
6682-WPGHR,Female,0,Yes,No,38,Yes,No,Fiber optic,No,Yes,No,Yes,No,Yes,Month-to-month,Yes,Credit card (automatic),101.14,3852.92,No
1600-MUIJU,Male,0,No,No,24,Yes,No,No,No internet service,No internet service,No internet service,No internet service,No internet service,No internet service,Month-to-month,No,Mailed check,18.25,450.34,No
4766-IOTBY,Female,0,Yes,Yes,16,No,No phone service,No,No internet service,No internet service,No internet service,No internet service,No internet service,No internet service,One year,Yes,Mailed check,25.69,410.25,No
9417-SZBCF,Male,0,No,Yes,2,Yes,No,No,No internet service,No internet service,No internet service,No internet service,No internet service,No internet service,Month-to-month,No,Mailed check,18.25,51.99,Yes
3178-JXFWP,Female,0,Yes,No,2,Yes,No,DSL,No,Yes,Yes,Yes,Yes,No,Month-to-month,No,Mailed check,69.65,133.83,No
9895-QSCRG,Male,0,Yes,Yes,17,Yes,No,Fiber optic,No,Yes,No,Yes,No,No,Month-to-month,No,Credit card (automatic),82.09,1387.9,No
1328-TLECK,Male,0,No,No,51,Yes,No,Fiber optic,Yes,Yes,No,Yes,Yes,No,One year,Yes,Electronic check,108.47,5521.75,No
1120-DEARL,Female,0,No,No,35,Yes,Yes,DSL,No,No,Yes,No,Yes,No,Month-to-month,Yes,Electronic check,57.64,2022.51,No
9524-IBEMP,Male,0,Yes,Yes,51,Yes,Yes,DSL,No,No,No,Yes,Yes,No,One year,Yes,Mailed check,63.43,3241.65,No
4170-VDKWZ,Male,1,Yes,No,19,Yes,Yes,Fiber optic,No,Yes,No,Yes,Yes,Yes,Month-to-month,Yes,Electronic check,101.88,1929.35,No
1028-CPVOJ,Female,0,Yes,No,6,Yes,No,Fiber optic,No,No,Yes,No,Yes,Yes,Month-to-month,Yes,Credit card (automatic),95.09,564.31,No
3024-KPJQS,Male,0,No,No,0,Yes,No,No,No internet service,No internet service,No internet service,No internet service,No internet service,No internet service,Two year,Yes,Bank transfer (automatic),24.0, ,No
9961-XWBFS,Female,0,Yes,No,67,Yes,No,DSL,No,No,No,No,Yes,Yes,Month-to-month,No,Mailed check,64.38,4296.15,Yes
8399-ZCZNY,Male,0,Yes,Yes,15,Yes,No,Fiber optic,No,No,Yes,No,Yes,Yes,Two year,Yes,Bank transfer (automatic),98.72,1485.38,No
2460-CVZRI,Male,0,Yes,Yes,47,Yes,No,Fiber optic,Yes,Yes,Yes,Yes,No,Yes,Month-to-month,Yes,Electronic check,104.72,4912.71,No
8766-UYAUJ,Female,0,No,No,31,Yes,No,DSL,No,Yes,No,No,No,Yes,Month-to-month,Yes,Bank transfer (automatic),57.74,1784.77,No
5474-FWLDM,Female,0,No,No,42,Yes,No,Fiber optic,No,No,Yes,Yes,Yes,Yes,Month-to-month,No,Electronic check,104.21,4377.65,Yes
2040-HZTCL,Male,0,Yes,Yes,5,Yes,No,DSL,Yes,Yes,No,No,Yes,Yes,One year,Yes,Bank transfer (automatic),79.18,382.57,Yes
5326-LBXNV,Male,0,Yes,No,27,Yes,No,DSL,Yes,No,Yes,No,No,No,Two year,Yes,Credit card (automatic),56.16,1504.84,No
3262-EIUKE,Female,0,Yes,No,30,Yes,Yes,No,No internet service,No internet service,No internet service,No internet service,No internet service,No internet service,Two year,No,Mailed check,18.25,512.71,No
9802-QBXAG,Female,0,Yes,No,19,No,No phone service,Fiber optic,No,No,No,No,No,No,Two year,No,Electronic check,68.55,1307.75,No
4677-NESKW,Male,0,No,Yes,43,Yes,No,Fiber optic,No,No,No,Yes,No,No,Month-to-month,Yes,Electronic check,81.61,3495.13,Yes
2400-BHICB,Male,0,No,Yes,72,Yes,Yes,DSL,Yes,Yes,Yes,No,No,Yes,One year,Yes,Credit card (automatic),75.36,5428.58,Yes
1870-EUZET,Male,1,No,No,0,Yes,No,DSL,Yes,No,Yes,No,No,No,One year,No,Mailed check,59.66, ,No
1940-UTFTR,Female,1,No,No,14,Yes,No,DSL,Yes,Yes,No,No,No,No,Month-to-month,No,Bank transfer (automatic),54.44,764.48,Yes
4457-YZFIY,Male,0,No,No,33,Yes,No,DSL,No,No,Yes,No,No,Yes,Month-to-month,Yes,Bank transfer (automatic),57.82,1906.16,No
6442-AASEM,Female,1,Yes,No,31,Yes,Yes,DSL,Yes,Yes,Yes,No,Yes,No,Month-to-month,Yes,Electronic check,73.01,2253.36,No
8727-YYSCL,Male,0,No,No,15,Yes,Yes,Fiber optic,No,No,Yes,Yes,Yes,No,One year,Yes,Electronic check,88.82,1321.94,No
3017-VGMYO,Female,1,Yes,No,44,Yes,No,Fiber optic,Yes,No,No,No,No,No,Month-to-month,No,Electronic check,88.55,3895.94,No
3434-UTEXH,Male,0,No,Yes,26,Yes,No,Fiber optic,No,No,No,No,Yes,No,Two year,Yes,Credit card (automatic),81.16,2130.33,No
2781-AHXRT,Female,0,Yes,No,19,Yes,No,DSL,No,No,No,No,Yes,Yes,One year,No,Mailed check,65.51,1259.93,No
9699-PRTLM,Female,1,Yes,No,7,Yes,Yes,Fiber optic,No,Yes,No,Yes,Yes,No,Month-to-month,Yes,Credit card (automatic),87.74,619.27,No
9044-JGYNX,Male,1,Yes,No,10,Yes,No,Fiber optic,No,No,No,No,No,Yes,Month-to-month,Yes,Electronic check,84.7,850.58,No
5975-OLIHR,Female,0,Yes,Yes,72,Yes,No,Fiber optic,Yes,No,No,No,No,No,Month-to-month,Yes,Bank transfer (automatic),75.39,5433.82,No
7614-RMROD,Female,0,No,No,56,Yes,No,DSL,No,No,Yes,No,No,No,Two year,Yes,Electronic check,57.87,3241.3,No
8492-VPIJX,Female,1,No,No,28,Yes,No,No,No internet service,No internet service,No internet service,No internet service,No internet service,No internet service,Month-to-month,Yes,Electronic check,27.43,775.32,No
6424-RGDZE,Male,0,Yes,No,47,Yes,No,DSL,No,No,Yes,Yes,No,Yes,Two year,Yes,Mailed check,62.62,2946.01,No
5155-WPCZR,Male,1,Yes,No,3,No,No phone service,Fiber optic,No,Yes,Yes,No,Yes,Yes,One year,No,Bank transfer (automatic),95.79,285.7,No
6660-WUNOQ,Male,0,Yes,Yes,7,Yes,Yes,Fiber optic,No,Yes,No,No,No,Yes,One year,No,Credit card (automatic),88.9,620.54,No
2176-UQWYK,Male,0,Yes,No,51,Yes,No,DSL,No,Yes,Yes,No,No,No,Two year,No,Electronic check,64.88,3324.34,No
3233-NTSUG,Female,0,Yes,No,15,Yes,No,DSL,No,Yes,No,No,Yes,Yes,Month-to-month,No,Credit card (automatic),71.27,1088.65,No
6559-MRWNA,Female,0,Yes,No,21,Yes,No,No,No internet service,No internet service,No internet service,No internet service,No internet service,No internet service,One year,Yes,Mailed check,28.86,610.6,No
8910-HRIAV,Male,0,Yes,No,51,No,No phone service,No,No internet service,No internet service,No internet service,No internet service,No internet service,No internet service,Two year,Yes,Bank transfer (automatic),18.25,915.35,No
8799-EBTYD,Female,1,No,Yes,12,Yes,No,DSL,Yes,No,Yes,Yes,No,Yes,Two year,No,Bank transfer (automatic),72.01,853.42,No
5439-UKPZQ,Female,0,No,Yes,15,Yes,Yes,Fiber optic,Yes,No,Yes,No,Yes,Yes,One year,No,Electronic check,101.98,1519.43,No
2030-PCZPH,Male,0,Yes,Yes,2,Yes,No,DSL,No,No,No,No,No,No,Two year,No,Electronic check,45.88,91.79,No
3850-QURKD,Male,0,No,No,72,Yes,No,DSL,No,Yes,No,No,No,Yes,Two year,Yes,Bank transfer (automatic),59.95,4314.6,No
8151-QIFXT,Female,0,Yes,No,72,Yes,No,No,No internet service,No internet service,No internet service,No internet service,No internet service,No internet service,Two year,No,Electronic check,26.25,1885.52,No
2672-UFCTF,Male,1,No,Yes,8,Yes,No,Fiber optic,Yes,Yes,Yes,No,No,No,Two year,Yes,Bank transfer (automatic),91.29,708.69,No
8734-AEFMB,Female,0,No,No,45,Yes,Yes,No,No internet service,No internet service,No internet service,No internet service,No internet service,No internet service,Month-to-month,No,Credit card (automatic),31.43,1431.31,No
9428-ZYNZV,Female,0,Yes,Yes,32,Yes,Yes,Fiber optic,No,No,No,Yes,No,No,One year,No,Credit card (automatic),78.85,2523.75,No
4782-NZXJQ,Male,0,Yes,No,3,Yes,Yes,No,No internet service,No internet service,No internet service,No internet service,No internet service,No internet service,Month-to-month,Yes,Credit card (automatic),25.4,89.95,No
4513-PXMVY,Male,0,No,No,0,Yes,No,Fiber optic,No,No,No,No,No,Yes,Month-to-month,Yes,Bank transfer (automatic),83.72, ,No
8795-RNREZ,Female,1,Yes,Yes,0,Yes,No,Fiber optic,No,No,No,No,No,No,Two year,Yes,Bank transfer (automatic),76.23, ,No
9328-CHTVJ,Male,0,Yes,No,1,Yes,No,Fiber optic,No,Yes,No,Yes,No,No,Two year,Yes,Bank transfer (automatic),83.6,96.18,No
6021-UCKKQ,Female,1,No,No,23,Yes,Yes,No,No internet service,No internet service,No internet service,No internet service,No internet service,No internet service,Month-to-month,Yes,Electronic check,22.89,536.44,Yes
6085-WSLOK,Female,1,Yes,No,16,Yes,Yes,DSL,No,No,No,Yes,Yes,No,One year,Yes,Electronic check,62.39,999.07,No
3510-RKZLB,Male,0,Yes,No,72,Yes,No,Fiber optic,No,Yes,Yes,No,Yes,Yes,One year,Yes,Electronic check,100.23,7211.78,No
5179-OTDVR,Male,1,No,No,8,Yes,No,DSL,No,Yes,Yes,No,Yes,No,Month-to-month,Yes,Electronic check,68.56,571.18,Yes
4237-WZSKX,Male,0,No,Yes,31,No,No phone service,Fiber optic,No,No,Yes,No,No,No,Month-to-month,No,Bank transfer (automatic),83.02,2571.92,No
9314-HKERW,Male,0,No,No,11,Yes,No,Fiber optic,No,Yes,No,No,Yes,Yes,Month-to-month,No,Credit card (automatic),94.89,1050.83,Yes
1561-NVJCI,Female,0,No,No,2,No,No phone service,No,No internet service,No internet service,No internet service,No internet service,No internet service,No internet service,Two year,No,Credit card (automatic),20.92,45.0,No
4554-KLLCU,Male,1,Yes,No,50,Yes,No,No,No internet service,No internet service,No internet service,No internet service,No internet service,No internet service,Month-to-month,Yes,Credit card (automatic),26.61,1333.46,No
8095-KGYUJ,Male,0,No,Yes,12,Yes,Yes,DSL,No,No,Yes,Yes,Yes,No,Month-to-month,Yes,Electronic check,60.53,735.77,No
6330-PVUTL,Male,1,No,Yes,59,Yes,No,DSL,Yes,No,Yes,No,No,Yes,One year,Yes,Electronic check,71.22,4205.59,No
8647-RWMED,Female,0,No,No,66,Yes,No,Fiber optic,No,No,No,No,No,No,Month-to-month,No,Bank transfer (automatic),73.16,4819.33,No
9712-YSCEU,Male,0,No,Yes,41,No,No phone service,DSL,Yes,Yes,Yes,Yes,Yes,No,Month-to-month,No,Electronic check,74.62,3040.64,No
8111-SQQKB,Male,0,No,No,0,Yes,No,Fiber optic,No,No,No,Yes,No,Yes,Month-to-month,No,Credit card (automatic),93.6, ,Yes
2541-VNCLD,Male,0,No,No,72,Yes,No,DSL,No,No,No,No,Yes,Yes,Two year,Yes,Mailed check,67.53,4862.38,No
4083-MBBOW,Male,0,Yes,No,3,Yes,Yes,No,No internet service,No internet service,No internet service,No internet service,No internet service,No internet service,Month-to-month,Yes,Credit card (automatic),25.44,72.02,No
3972-QGNLQ,Male,1,Yes,No,64,Yes,Yes,Fiber optic,No,No,No,Yes,Yes,No,Month-to-month,Yes,Electronic check,93.08,5954.71,Yes
6463-FRXEX,Female,0,Yes,No,22,Yes,Yes,Fiber optic,No,No,No,No,No,Yes,One year,Yes,Bank transfer (automatic),89.76,1974.4,No
2313-HOOKV,Female,1,Yes,No,11,No,No phone service,DSL,No,No,No,No,No,No,One year,No,Bank transfer (automatic),40.8,428.17,Yes
9949-XARLL,Female,1,Yes,No,30,Yes,Yes,Fiber optic,Yes,No,Yes,No,No,No,Month-to-month,No,Electronic check,76.48,2294.77,No
6432-KHGWU,Male,0,No,No,16,Yes,No,Fiber optic,No,No,No,No,Yes,No,Month-to-month,Yes,Mailed check,77.83,1236.49,No
8637-JCTJR,Male,0,No,Yes,37,Yes,No,Fiber optic,No,No,No,Yes,No,Yes,Month-to-month,No,Mailed check,76.28,2819.47,No
8373-RXHJV,Female,1,No,Yes,17,Yes,Yes,Fiber optic,Yes,No,Yes,No,No,Yes,Two year,Yes,Mailed check,98.14,1673.9,No
4308-UHDDE,Male,0,Yes,No,11,Yes,No,DSL,No,Yes,No,No,Yes,No,Month-to-month,No,Mailed check,64.77,718.43,Yes
1992-QBHGO,Female,0,Yes,No,10,Yes,No,DSL,No,Yes,No,No,No,No,Month-to-month,Yes,Mailed check,60.72,587.74,No
6560-EBGHG,Male,0,Yes,Yes,10,No,No phone service,Fiber optic,Yes,Yes,No,No,Yes,No,Two year,Yes,Bank transfer (automatic),86.41,866.66,No
3523-NURFD,Female,1,No,No,15,Yes,Yes,DSL,No,No,No,Yes,No,No,One year,No,Electronic check,45.49,678.4,No
6609-RLPYG,Female,0,No,No,2,Yes,Yes,DSL,No,No,No,No,No,Yes,Month-to-month,Yes,Credit card (automatic),63.85,125.54,No
2220-CLOJZ,Male,0,No,No,26,Yes,No,DSL,Yes,Yes,Yes,No,No,Yes,One year,Yes,Electronic check,76.61,1997.66,No
7035-SPKHC,Male,0,Yes,Yes,10,Yes,Yes,Fiber optic,No,No,Yes,Yes,Yes,Yes,Month-to-month,No,Electronic check,95.3,950.91,Yes
2724-GNBJS,Male,0,Yes,No,19,Yes,Yes,No,No internet service,No internet service,No internet service,No internet service,No internet service,No internet service,Month-to-month,No,Electronic check,18.37,346.44,No
3105-IPSRI,Male,0,No,No,17,Yes,Yes,No,No internet service,No internet service,No internet service,No internet service,No internet service,No internet service,Month-to-month,Yes,Credit card (automatic),24.71,407.01,No
5911-MJYTN,Male,1,Yes,No,46,Yes,No,No,No internet service,No internet service,No internet service,No internet service,No internet service,No internet service,Two year,Yes,Electronic check,25.46,1171.24,Yes
4110-WOPHJ,Female,0,No,Yes,47,Yes,No,Fiber optic,No,No,Yes,Yes,Yes,No,Month-to-month,Yes,Electronic check,95.89,4520.47,Yes
2214-DSSUO,Male,0,Yes,No,72,Yes,Yes,No,No internet service,No internet service,No internet service,No internet service,No internet service,No internet service,Month-to-month,Yes,Mailed check,26.06,1876.5,No
6024-PJSVC,Female,0,Yes,No,6,No,No phone service,DSL,No,Yes,No,No,No,No,Month-to-month,Yes,Credit card (automatic),43.43,255.23,No
6988-IRKPB,Male,0,Yes,No,0,Yes,Yes,Fiber optic,No,Yes,No,No,No,Yes,Two year,No,Bank transfer (automatic),92.97, ,No
4845-KHLBI,Female,0,No,Yes,13,Yes,No,Fiber optic,No,No,Yes,No,No,Yes,Two year,Yes,Electronic check,92.81,1231.93,No
8937-AJBLW,Female,0,Yes,No,54,Yes,No,No,No internet service,No internet service,No internet service,No internet service,No internet service,No internet service,One year,No,Mailed check,18.37,989.79,No
1711-EVAOF,Female,0,No,Yes,22,Yes,Yes,DSL,No,Yes,Yes,Yes,No,Yes,Two year,Yes,Electronic check,78.55,1737.35,No
2259-HMSAK,Male,0,No,No,11,No,No phone service,Fiber optic,No,Yes,No,Yes,No,Yes,Month-to-month,Yes,Credit card (automatic),83.94,923.44,Yes
7643-AHEQH,Female,0,No,No,35,Yes,Yes,Fiber optic,No,No,No,No,No,Yes,Month-to-month,Yes,Credit card (automatic),79.04,2756.4,Yes
8777-IXWCR,Male,0,Yes,Yes,29,Yes,No,Fiber optic,No,Yes,Yes,Yes,No,Yes,Two year,No,Electronic check,102.4,2965.89,No
2222-OUVTR,Female,0,No,No,30,Yes,Yes,Fiber optic,No,No,Yes,No,Yes,Yes,Month-to-month,No,Mailed check,101.14,3054.32,No
8490-WNXBN,Male,0,No,No,17,Yes,No,No,No internet service,No internet service,No internet service,No internet service,No internet service,No internet service,Month-to-month,Yes,Mailed check,29.26,485.28,Yes
6127-GKCQN,Female,0,Yes,No,18,Yes,No,No,No internet service,No internet service,No internet service,No internet service,No internet service,No internet service,Month-to-month,Yes,Credit card (automatic),27.12,486.51,No
5133-HVEHB,Male,0,No,No,19,Yes,No,Fiber optic,Yes,No,No,Yes,No,No,One year,Yes,Credit card (automatic),87.68,1671.3,No
8246-LQAON,Male,0,Yes,No,19,Yes,No,DSL,No,No,No,Yes,No,No,One year,Yes,Credit card (automatic),49.41,939.19,No
3355-VPIAQ,Female,0,Yes,No,5,Yes,No,No,No internet service,No internet service,No internet service,No internet service,No internet service,No internet service,Month-to-month,Yes,Mailed check,18.25,76.5,Yes
5060-MUZUE,Female,0,No,Yes,6,No,No phone service,No,No internet service,No internet service,No internet service,No internet service,No internet service,No internet service,Two year,Yes,Bank transfer (automatic),19.19,126.68,No
4845-XSYMA,Male,0,No,No,11,Yes,No,DSL,Yes,Yes,Yes,Yes,No,Yes,One year,Yes,Electronic check,81.2,886.46,Yes
7382-NHJIQ,Female,0,No,No,46,Yes,Yes,Fiber optic,No,Yes,No,No,No,No,Month-to-month,Yes,Credit card (automatic),76.64,3513.72,No
9424-CKLJY,Male,0,Yes,No,14,Yes,Yes,Fiber optic,No,No,No,Yes,No,Yes,Month-to-month,Yes,Credit card (automatic),87.59,1219.36,No
9880-QYKVD,Male,0,No,No,62,Yes,No,No,No internet service,No internet service,No internet service,No internet service,No internet service,No internet service,Two year,Yes,Bank transfer (automatic),20.88,1296.82,No
4622-UZNGX,Female,0,No,No,37,Yes,No,Fiber optic,No,No,Yes,No,Yes,No,Month-to-month,Yes,Mailed check,94.13,3482.01,No
4431-AXVDL,Male,1,Yes,No,47,Yes,No,Fiber optic,Yes,Yes,Yes,Yes,No,No,One year,Yes,Credit card (automatic),86.57,4056.68,No
3892-TFKWD,Female,0,No,No,3,Yes,Yes,No,No internet service,No internet service,No internet service,No internet service,No internet service,No internet service,Month-to-month,Yes,Credit card (automatic),24.0,82.38,No
4718-VKXAZ,Male,0,Yes,No,3,Yes,Yes,Fiber optic,Yes,No,No,No,Yes,No,Month-to-month,Yes,Electronic check,90.48,282.52,Yes
6212-GLGWG,Male,0,Yes,No,6,Yes,No,No,No internet service,No internet service,No internet service,No internet service,No internet service,No internet service,Month-to-month,No,Bank transfer (automatic),23.77,170.18,No
5335-ZHIIB,Male,1,No,Yes,26,Yes,Yes,DSL,Yes,Yes,No,No,Yes,Yes,One year,Yes,Bank transfer (automatic),85.72,2224.07,No
6494-DYXLQ,Male,0,No,No,15,Yes,Yes,Fiber optic,No,No,No,No,Yes,No,Two year,Yes,Electronic check,92.34,1387.48,Yes
7273-MROHO,Female,0,Yes,Yes,4,Yes,Yes,No,No internet service,No internet service,No internet service,No internet service,No internet service,No internet service,Two year,Yes,Electronic check,23.57,78.76,No
2568-TJLEI,Male,0,No,No,32,Yes,Yes,Fiber optic,No,Yes,Yes,No,No,No,Two year,No,Electronic check,81.96,2622.21,No
8903-PNYMW,Female,0,No,No,17,Yes,No,Fiber optic,Yes,Yes,No,No,Yes,No,Two year,Yes,Electronic check,87.83,1490.98,No
2054-EPZKV,Male,1,No,No,31,Yes,No,DSL,No,No,No,No,Yes,No,Month-to-month,Yes,Electronic check,59.52,1849.72,Yes
1667-KYSCO,Male,0,Yes,No,57,Yes,Yes,DSL,Yes,No,No,No,No,No,Month-to-month,No,Credit card (automatic),49.33,2799.26,No
5070-GFCMG,Female,0,Yes,No,59,Yes,Yes,Fiber optic,Yes,No,Yes,Yes,No,No,Two year,Yes,Credit card (automatic),91.38,5385.42,No
4620-WRVHQ,Male,0,Yes,Yes,8,Yes,No,No,No internet service,No internet service,No internet service,No internet service,No internet service,No internet service,Two year,Yes,Electronic check,18.25,136.86,No
2075-ANQJL,Male,1,No,Yes,4,Yes,No,No,No internet service,No internet service,No internet service,No internet service,No internet service,No internet service,Month-to-month,No,Electronic check,25.45,106.0,Yes
9047-NPHWJ,Female,0,No,No,13,Yes,Yes,No,No internet service,No internet service,No internet service,No internet service,No internet service,No internet service,Month-to-month,No,Mailed check,22.11,292.02,No
8548-QRTPQ,Male,0,Yes,No,2,Yes,No,DSL,Yes,Yes,No,No,Yes,No,Month-to-month,No,Bank transfer (automatic),60.38,112.91,No
2231-SXXHF,Male,1,No,No,1,Yes,No,Fiber optic,No,Yes,Yes,No,No,Yes,One year,No,Electronic check,88.64,83.87,Yes
3908-IDZLL,Male,0,No,No,72,Yes,No,No,No internet service,No internet service,No internet service,No internet service,No internet service,No internet service,Two year,Yes,Credit card (automatic),30.53,2189.09,No
5598-QOIGJ,Female,0,Yes,No,72,Yes,No,DSL,No,No,No,No,No,Yes,Month-to-month,Yes,Electronic check,66.23,4766.47,No
3735-LYGRO,Female,0,No,No,10,Yes,Yes,No,No internet service,No internet service,No internet service,No internet service,No internet service,No internet service,Two year,No,Electronic check,18.25,180.61,No
1223-FZLKT,Female,1,No,Yes,41,Yes,Yes,DSL,Yes,Yes,Yes,No,Yes,No,One year,No,Bank transfer (automatic),70.17,2878.22,Yes
1225-FXVYE,Female,0,No,No,6,Yes,Yes,Fiber optic,No,No,No,Yes,No,No,Month-to-month,Yes,Electronic check,85.08,517.37,Yes
9401-PHYZT,Female,0,No,Yes,12,Yes,No,DSL,Yes,No,Yes,Yes,No,Yes,Two year,Yes,Electronic check,73.26,875.58,No
7558-KJXYL,Female,0,No,No,31,Yes,No,No,No internet service,No internet service,No internet service,No internet service,No internet service,No internet service,Two year,Yes,Credit card (automatic),23.72,729.62,No
9795-FTEWI,Female,0,No,No,19,Yes,No,Fiber optic,Yes,Yes,Yes,Yes,No,Yes,Month-to-month,Yes,Mailed check,114.55,2164.24,Yes
4385-PVNVH,Female,0,No,Yes,41,Yes,Yes,Fiber optic,Yes,No,No,No,No,Yes,Month-to-month,No,Credit card (automatic),84.84,3468.8,No
3835-SNGER,Male,0,Yes,No,72,Yes,No,No,No internet service,No internet service,No internet service,No internet service,No internet service,No internet service,Two year,No,Electronic check,22.22,1602.87,Yes
9353-KVHAV,Female,0,Yes,No,0,Yes,Yes,DSL,No,No,No,No,Yes,Yes,Month-to-month,No,Credit card (automatic),71.23, ,No
2963-BRGZQ,Male,0,Yes,No,62,Yes,Yes,DSL,No,No,No,No,No,No,Two year,Yes,Credit card (automatic),57.29,3564.78,No
4061-WNXGV,Male,0,Yes,Yes,12,Yes,Yes,Fiber optic,No,Yes,No,Yes,Yes,Yes,Month-to-month,No,Mailed check,104.2,1254.89,No
9101-TBQLL,Male,0,Yes,No,12,Yes,No,DSL,Yes,No,No,No,No,Yes,Month-to-month,No,Bank transfer (automatic),73.27,881.22,No
5607-RMLQD,Male,0,No,No,0,No,No phone service,No,No internet service,No internet service,No internet service,No internet service,No internet service,No internet service,Month-to-month,Yes,Mailed check,18.45, ,Yes
2726-WJKFF,Male,0,No,No,43,No,No phone service,Fiber optic,No,No,Yes,Yes,Yes,Yes,Month-to-month,Yes,Bank transfer (automatic),84.74,3650.76,Yes
5584-OBDEQ,Female,0,No,Yes,34,Yes,No,DSL,No,No,No,No,No,No,Month-to-month,Yes,Electronic check,54.08,1832.0,No
5647-SCRUS,Female,0,No,No,53,Yes,No,DSL,No,No,No,No,Yes,Yes,Month-to-month,No,Credit card (automatic),57.21,3023.27,No
4391-SOFPH,Male,0,Yes,No,4,Yes,No,Fiber optic,No,No,No,Yes,No,Yes,Month-to-month,Yes,Bank transfer (automatic),95.19,382.27,Yes
3739-PKGQQ,Female,0,Yes,No,5,Yes,Yes,Fiber optic,No,Yes,No,Yes,Yes,Yes,Two year,Yes,Bank transfer (automatic),98.03,493.48,No
1877-WAQDU,Female,0,Yes,No,8,No,No phone service,DSL,No,No,No,No,No,Yes,Two year,No,Credit card (automatic),52.37,426.44,No
1292-TXWYG,Female,0,Yes,No,18,No,No phone service,DSL,Yes,Yes,No,No,No,No,Two year,No,Mailed check,59.92,1074.52,No
3686-JQGAG,Female,0,No,No,10,Yes,No,Fiber optic,Yes,No,Yes,No,No,No,One year,No,Electronic check,80.72,817.89,No
1889-XKILC,Female,1,No,No,8,No,No phone service,DSL,Yes,No,No,No,Yes,No,Month-to-month,No,Mailed check,59.31,469.48,No
5542-DDYMW,Male,1,Yes,Yes,4,Yes,No,Fiber optic,No,No,No,No,No,Yes,Two year,No,Electronic check,91.2,366.94,No
5690-JEGXP,Male,0,Yes,No,4,Yes,No,Fiber optic,No,No,No,No,No,No,Two year,No,Electronic check,70.3,289.02,No
8520-LBGKM,Male,0,Yes,No,15,Yes,Yes,Fiber optic,Yes,No,Yes,No,No,Yes,Month-to-month,No,Bank transfer (automatic),97.43,1444.72,Yes
8710-BGOYK,Male,0,Yes,Yes,14,Yes,No,Fiber optic,Yes,No,No,Yes,Yes,Yes,Month-to-month,Yes,Credit card (automatic),106.6,1500.96,No
1028-BPGME,Male,0,Yes,Yes,36,Yes,Yes,DSL,Yes,No,Yes,No,Yes,No,Month-to-month,Yes,Credit card (automatic),75.43,2717.95,No
6755-SGFHM,Female,0,No,Yes,41,Yes,Yes,DSL,Yes,No,Yes,No,No,No,Month-to-month,No,Bank transfer (automatic),70.98,2905.61,Yes
7372-BIKXF,Female,0,No,No,28,Yes,No,Fiber optic,No,Yes,No,No,Yes,Yes,Month-to-month,Yes,Credit card (automatic),102.49,2867.76,No
1572-ZGYGS,Male,0,No,No,42,Yes,No,DSL,No,No,No,Yes,Yes,No,Two year,Yes,Electronic check,73.66,3076.72,No
1325-KKGBS,Male,0,No,No,2,No,No phone service,Fiber optic,No,No,Yes,No,Yes,No,Month-to-month,No,Bank transfer (automatic),78.83,156.01,No
2721-FQYEG,Female,0,Yes,Yes,14,Yes,No,Fiber optic,No,Yes,No,Yes,Yes,No,Month-to-month,No,Credit card (automatic),96.38,1332.37,No
4808-ASFRJ,Female,0,No,No,8,Yes,No,Fiber optic,Yes,No,Yes,No,No,No,One year,Yes,Bank transfer (automatic),83.32,682.29,No
1091-KAAME,Male,0,No,Yes,6,Yes,Yes,DSL,No,No,No,No,No,No,One year,Yes,Mailed check,54.86,310.27,No
9128-TCRIN,Male,0,No,Yes,29,Yes,No,No,No internet service,No internet service,No internet service,No internet service,No internet service,No internet service,Month-to-month,Yes,Electronic check,19.29,544.3,Yes
9990-QWNDE,Female,1,No,No,42,Yes,No,No,No internet service,No internet service,No internet service,No internet service,No internet service,No internet service,Month-to-month,Yes,Electronic check,23.0,979.73,No
8065-UQVYB,Female,0,Yes,No,2,Yes,Yes,No,No internet service,No internet service,No internet service,No internet service,No internet service,No internet service,Month-to-month,Yes,Electronic check,23.96,51.8,Yes
6622-VEDDF,Male,0,Yes,No,3,Yes,No,Fiber optic,No,No,No,No,Yes,No,Two year,No,Bank transfer (automatic),80.32,259.93,No
6780-MVEWY,Female,1,No,Yes,24,Yes,No,DSL,Yes,No,No,No,No,No,Month-to-month,Yes,Bank transfer (automatic),54.49,1302.78,No
1665-WGTAN,Female,0,No,No,3,Yes,Yes,Fiber optic,No,No,Yes,No,No,No,Month-to-month,No,Bank transfer (automatic),81.1,239.74,No
2079-DQUNP,Male,1,No,No,35,Yes,Yes,Fiber optic,No,No,Yes,No,No,Yes,Month-to-month,Yes,Mailed check,89.44,3137.16,Yes
8951-XTHXC,Female,1,Yes,No,42,Yes,No,Fiber optic,Yes,No,No,Yes,Yes,No,Month-to-month,No,Electronic check,84.44,3543.83,No
8233-OVJRV,Male,0,Yes,Yes,17,Yes,No,Fiber optic,No,Yes,Yes,Yes,Yes,No,Month-to-month,Yes,Mailed check,104.41,1791.6,Yes
7256-MAEZM,Female,0,Yes,No,57,Yes,No,Fiber optic,No,Yes,No,No,No,Yes,One year,No,Bank transfer (automatic),92.6,5275.1,No
7554-YNXCO,Male,0,Yes,Yes,0,Yes,Yes,No,No internet service,No internet service,No internet service,No internet service,No internet service,No internet service,Month-to-month,Yes,Credit card (automatic),25.8, ,No
5798-NLLKQ,Female,0,Yes,No,6,Yes,Yes,DSL,No,No,Yes,No,No,No,One year,No,Electronic check,55.62,334.15,No
3855-QUYWT,Female,1,Yes,Yes,35,Yes,No,No,No internet service,No internet service,No internet service,No internet service,No internet service,No internet service,Month-to-month,No,Electronic check,24.59,863.07,No
5543-KYYBJ,Male,0,No,No,72,Yes,Yes,Fiber optic,No,Yes,No,No,No,Yes,Month-to-month,No,Credit card (automatic),74.77,5378.79,Yes
2353-KFDXL,Male,1,No,Yes,72,Yes,Yes,Fiber optic,Yes,Yes,Yes,No,Yes,Yes,Month-to-month,No,Mailed check,101.96,7344.48,No
3934-WZYME,Female,0,No,No,0,Yes,No,Fiber optic,No,No,No,No,Yes,No,Month-to-month,No,Electronic check,86.12, ,No
9325-AFRVI,Male,1,Yes,Yes,23,Yes,No,Fiber optic,Yes,No,No,No,Yes,Yes,Month-to-month,No,Electronic check,96.91,2218.29,Yes
4671-YOZHS,Male,0,No,No,0,No,No phone service,DSL,No,No,No,No,Yes,No,One year,No,Credit card (automatic),53.48, ,No
9444-FVCJA,Female,0,No,No,28,Yes,No,Fiber optic,No,Yes,No,No,No,No,Two year,Yes,Bank transfer (automatic),79.97,2250.52,No
6435-NDZLF,Female,0,No,No,35,Yes,Yes,Fiber optic,No,No,Yes,No,Yes,No,Month-to-month,No,Electronic check,88.93,3102.17,No
4241-RGGKD,Female,0,Yes,Yes,46,Yes,Yes,Fiber optic,No,No,Yes,No,No,No,One year,No,Electronic check,76.4,3526.96,No
2587-AMRIZ,Male,0,Yes,No,18,Yes,No,DSL,No,Yes,No,No,Yes,Yes,Month-to-month,Yes,Electronic check,68.89,1246.38,No
6783-IWIJB,Female,0,No,Yes,45,Yes,No,Fiber optic,No,No,Yes,No,Yes,Yes,Month-to-month,Yes,Mailed check,88.06,3974.57,Yes
4301-OCKFC,Female,0,Yes,No,61,Yes,Yes,Fiber optic,No,No,No,No,No,No,Two year,No,Bank transfer (automatic),73.28,4467.17,No
2079-KOMTJ,Male,0,Yes,No,18,Yes,No,Fiber optic,No,Yes,Yes,Yes,Yes,Yes,Two year,Yes,Electronic check,116.76,2083.52,No
8982-YRRGO,Male,0,Yes,No,17,Yes,Yes,Fiber optic,No,No,No,No,Yes,No,Month-to-month,Yes,Electronic check,83.44,1428.39,Yes
4985-RTIXB,Male,0,Yes,Yes,16,Yes,No,Fiber optic,Yes,No,No,No,No,Yes,Two year,No,Mailed check,86.75,1370.37,No
6991-TBKZG,Female,0,No,Yes,16,Yes,No,Fiber optic,No,No,Yes,No,No,No,Month-to-month,Yes,Electronic check,74.18,1178.3,No
3653-JEKAB,Male,0,No,No,35,No,No phone service,No,No internet service,No internet service,No internet service,No internet service,No internet service,No internet service,Two year,No,Electronic check,25.66,889.99,No
5864-SBUTW,Female,1,No,Yes,1,Yes,Yes,Fiber optic,Yes,Yes,No,Yes,Yes,Yes,Two year,Yes,Bank transfer (automatic),110.2,104.22,No
3196-XDLVT,Female,0,No,No,14,No,No phone service,No,No internet service,No internet service,No internet service,No internet service,No internet service,No internet service,Month-to-month,Yes,Bank transfer (automatic),27.01,376.64,No
2309-AXNDE,Female,0,No,No,17,Yes,No,DSL,Yes,Yes,No,No,No,No,Month-to-month,Yes,Electronic check,58.39,1010.99,Yes
9215-WMPXM,Female,0,Yes,No,5,Yes,Yes,No,No internet service,No internet service,No internet service,No internet service,No internet service,No internet service,Two year,Yes,Mailed check,20.33,106.09,No
3711-VZBPF,Male,0,Yes,No,18,Yes,No,No,No internet service,No internet service,No internet service,No internet service,No internet service,No internet service,Month-to-month,No,Electronic check,28.81,536.76,No
1946-CKEQZ,Male,0,Yes,No,14,Yes,No,Fiber optic,No,No,No,Yes,No,Yes,Month-to-month,Yes,Mailed check,85.64,1203.86,No
2308-KCTJJ,Male,0,Yes,Yes,32,Yes,No,No,No internet service,No internet service,No internet service,No internet service,No internet service,No internet service,Month-to-month,No,Bank transfer (automatic),20.66,657.77,No
5811-OJJZS,Male,0,No,No,10,Yes,No,No,No internet service,No internet service,No internet service,No internet service,No internet service,No internet service,One year,Yes,Mailed check,26.2,255.67,No
5480-XZJBQ,Female,0,Yes,No,71,Yes,Yes,DSL,Yes,No,Yes,Yes,Yes,Yes,Month-to-month,No,Mailed check,76.03,5394.3,No
1669-XGGTI,Male,0,Yes,No,12,Yes,No,Fiber optic,No,Yes,No,No,Yes,No,Month-to-month,Yes,Electronic check,74.57,908.51,No
1109-QAITU,Female,0,Yes,Yes,23,Yes,No,No,No internet service,No internet service,No internet service,No internet service,No internet service,No internet service,Two year,Yes,Electronic check,26.65,627.75,No
7499-HMDII,Male,0,No,Yes,6,Yes,Yes,DSL,No,No,No,No,No,No,Two year,No,Mailed check,49.17,292.69,Yes
3047-VRLJK,Male,0,No,No,28,Yes,No,No,No internet service,No internet service,No internet service,No internet service,No internet service,No internet service,Month-to-month,No,Electronic check,18.25,523.42,No
4238-IFSPO,Female,0,No,No,17,No,No phone service,DSL,Yes,Yes,Yes,No,Yes,Yes,Month-to-month,No,Electronic check,81.0,1393.76,No
3511-EPASE,Female,0,Yes,No,10,Yes,Yes,Fiber optic,No,Yes,Yes,No,No,No,Two year,Yes,Electronic check,86.42,878.19,Yes
1486-SVEQZ,Female,0,No,No,10,Yes,No,Fiber optic,Yes,Yes,Yes,No,No,No,Month-to-month,Yes,Credit card (automatic),91.95,912.15,No
3261-HABOT,Male,0,Yes,Yes,11,Yes,No,Fiber optic,No,Yes,No,No,No,No,Two year,No,Mailed check,75.95,832.14,No
7843-RKYJX,Female,0,Yes,No,13,Yes,No,DSL,No,No,Yes,Yes,No,No,One year,No,Credit card (automatic),59.3,775.74,Yes
2667-EDMYM,Male,0,Yes,Yes,6,Yes,No,Fiber optic,Yes,Yes,Yes,Yes,No,No,One year,Yes,Bank transfer (automatic),85.11,510.36,No
2425-XBPAZ,Female,0,Yes,No,7,Yes,No,Fiber optic,Yes,Yes,Yes,No,Yes,No,Two year,Yes,Mailed check,99.39,703.97,No
2490-ICYGJ,Male,0,No,No,72,Yes,Yes,Fiber optic,No,No,Yes,No,No,Yes,Month-to-month,Yes,Mailed check,87.77,6319.5,Yes
1832-JUIOO,Female,0,Yes,No,8,Yes,No,No,No internet service,No internet service,No internet service,No internet service,No internet service,No internet service,Month-to-month,Yes,Bank transfer (automatic),24.48,192.18,No
1440-EIZVI,Female,0,Yes,No,23,No,No phone service,No,No internet service,No internet service,No internet service,No internet service,No internet service,No internet service,Two year,Yes,Bank transfer (automatic),18.25,414.44,No
6190-XWLYI,Female,0,Yes,No,10,Yes,Yes,DSL,No,No,Yes,Yes,Yes,No,Month-to-month,Yes,Bank transfer (automatic),68.28,712.67,Yes
4262-IQASF,Female,0,No,No,39,Yes,Yes,No,No internet service,No internet service,No internet service,No internet service,No internet service,No internet service,Month-to-month,No,Credit card (automatic),23.95,917.56,No
8972-BIZND,Male,0,No,No,28,Yes,No,Fiber optic,No,No,Yes,Yes,No,Yes,Month-to-month,Yes,Electronic check,86.35,2405.23,Yes
6539-UOHZD,Male,0,No,No,9,Yes,No,Fiber optic,No,Yes,Yes,Yes,Yes,Yes,One year,No,Electronic check,94.6,857.27,Yes
8727-UDPVL,Male,1,No,No,30,No,No phone service,DSL,No,No,No,Yes,No,Yes,One year,No,Bank transfer (automatic),56.83,1712.04,No
1818-HFJER,Male,0,No,Yes,33,No,No phone service,DSL,No,Yes,Yes,No,Yes,No,Month-to-month,Yes,Credit card (automatic),72.04,2367.7,No
6641-JGRAG,Female,0,Yes,Yes,3,Yes,Yes,DSL,Yes,Yes,Yes,No,No,No,Month-to-month,No,Electronic check,71.79,223.3,Yes
8232-ODTJW,Female,0,Yes,No,20,Yes,No,No,No internet service,No internet service,No internet service,No internet service,No internet service,No internet service,Month-to-month,No,Credit card (automatic),28.35,571.19,No
7523-NPABG,Male,1,No,Yes,39,Yes,No,Fiber optic,No,Yes,No,No,No,No,Two year,Yes,Credit card (automatic),78.53,3067.31,No
9974-QWPMK,Male,1,No,No,1,Yes,Yes,DSL,Yes,No,No,Yes,No,No,Month-to-month,Yes,Mailed check,56.65,51.14,No
3956-NKJCQ,Male,1,No,No,17,Yes,Yes,Fiber optic,No,Yes,Yes,Yes,Yes,Yes,Two year,Yes,Electronic check,104.44,1755.51,No
7458-REFQK,Male,0,No,No,43,Yes,No,Fiber optic,Yes,No,No,No,No,No,One year,Yes,Mailed check,74.55,3207.57,No
4091-PIBEA,Male,1,No,Yes,72,Yes,Yes,Fiber optic,No,Yes,No,Yes,No,No,Month-to-month,Yes,Electronic check,77.96,5616.41,No
4203-DVZYC,Female,0,No,No,25,Yes,Yes,DSL,No,Yes,No,Yes,Yes,No,Month-to-month,No,Electronic check,75.12,1885.5,No
8382-LJBKJ,Female,0,No,No,9,Yes,Yes,No,No internet service,No internet service,No internet service,No internet service,No internet service,No internet service,Month-to-month,No,Credit card (automatic),24.56,233.81,Yes
4349-FRBBJ,Male,1,Yes,No,22,Yes,Yes,No,No internet service,No internet service,No internet service,No internet service,No internet service,No internet service,Month-to-month,No,Mailed check,21.23,483.87,No
1583-PRMOU,Male,0,Yes,No,0,No,No phone service,Fiber optic,No,Yes,No,No,No,Yes,Month-to-month,No,Mailed check,85.02, ,Yes
8083-HJNER,Female,0,No,No,14,Yes,No,DSL,No,No,Yes,No,No,Yes,Month-to-month,No,Electronic check,56.88,810.68,No
6285-KUKTT,Male,0,Yes,No,31,Yes,No,Fiber optic,Yes,Yes,No,Yes,Yes,Yes,Month-to-month,Yes,Mailed check,103.71,3213.99,No
1788-RYRJB,Male,0,Yes,No,0,Yes,Yes,DSL,No,No,Yes,No,Yes,No,One year,Yes,Mailed check,64.01, ,No
6273-INSJW,Female,0,Yes,Yes,22,Yes,No,DSL,Yes,No,No,Yes,No,No,Month-to-month,No,Mailed check,54.41,1198.52,Yes
8612-FNDZO,Female,0,Yes,No,21,No,No phone service,Fiber optic,No,No,Yes,No,Yes,No,One year,Yes,Electronic check,77.61,1635.22,Yes
5240-SSQFK,Female,0,No,Yes,5,Yes,Yes,DSL,Yes,Yes,Yes,No,No,No,Month-to-month,Yes,Credit card (automatic),59.61,292.25,No
5047-YHKGZ,Male,0,No,No,20,Yes,Yes,Fiber optic,Yes,Yes,No,Yes,No,Yes,Month-to-month,Yes,Bank transfer (automatic),104.95,2088.83,No
5663-VYSZJ,Male,0,No,No,12,Yes,No,Fiber optic,No,No,Yes,Yes,No,Yes,Two year,No,Bank transfer (automatic),99.76,1187.78,No
1680-DWOMY,Female,0,No,Yes,15,Yes,No,DSL,No,No,Yes,Yes,No,Yes,One year,No,Bank transfer (automatic),76.38,1146.6,No
9001-BPIMC,Male,0,Yes,Yes,9,Yes,No,Fiber optic,No,Yes,Yes,No,Yes,Yes,Month-to-month,No,Electronic check,95.02,865.09,Yes
9872-MUVBH,Male,0,Yes,No,39,Yes,Yes,Fiber optic,No,Yes,Yes,No,No,No,Two year,No,Electronic check,85.74,3358.04,No
5922-IPBFV,Male,1,No,No,10,Yes,No,Fiber optic,No,No,No,Yes,No,No,Two year,No,Mailed check,78.23,800.88,No
7521-EIAIJ,Male,0,Yes,No,37,Yes,Yes,Fiber optic,No,Yes,Yes,Yes,Yes,No,One year,Yes,Mailed check,96.53,3579.24,No
3486-DCJOK,Male,0,No,No,1,Yes,No,No,No internet service,No internet service,No internet service,No internet service,No internet service,No internet service,Month-to-month,Yes,Bank transfer (automatic),21.88,33.98,No
3317-FLMQP,Female,1,No,No,7,Yes,No,Fiber optic,No,No,No,Yes,No,No,Month-to-month,Yes,Electronic check,83.44,593.93,No
8842-BKICR,Male,0,Yes,Yes,12,Yes,No,Fiber optic,No,No,No,No,No,No,Month-to-month,Yes,Credit card (automatic),78.33,945.98,No
2293-BQVZH,Female,0,Yes,Yes,12,Yes,Yes,Fiber optic,No,No,Yes,No,Yes,Yes,Month-to-month,No,Mailed check,94.68,1134.41,No
8849-ZRYSH,Female,0,Yes,No,13,Yes,Yes,No,No internet service,No internet service,No internet service,No internet service,No internet service,No internet service,Month-to-month,No,Credit card (automatic),26.81,357.15,No
6255-CCLVQ,Male,0,Yes,No,25,Yes,No,No,No internet service,No internet service,No internet service,No internet service,No internet service,No internet service,Two year,Yes,Mailed check,34.36,845.3,No
5323-QNSIU,Female,0,Yes,No,20,Yes,Yes,Fiber optic,No,No,Yes,Yes,No,Yes,Month-to-month,Yes,Electronic check,90.9,1824.84,No
8844-KTCUO,Female,0,No,No,17,Yes,No,DSL,No,Yes,Yes,Yes,No,Yes,Two year,No,Bank transfer (automatic),66.78,1129.91,No
5810-THDLH,Male,0,No,No,43,No,No phone service,Fiber optic,No,No,No,Yes,No,No,Month-to-month,Yes,Mailed check,72.85,3135.48,Yes
1869-OLPPU,Female,0,Yes,No,5,Yes,Yes,Fiber optic,No,No,No,Yes,No,No,Month-to-month,No,Mailed check,73.37,356.32,No
9627-TDKMI,Male,0,No,No,47,Yes,No,No,No internet service,No internet service,No internet service,No internet service,No internet service,No internet service,Month-to-month,Yes,Bank transfer (automatic),22.69,1065.84,No
4587-LIMPZ,Male,0,Yes,Yes,40,Yes,Yes,DSL,Yes,No,Yes,No,No,Yes,Two year,Yes,Electronic check,65.92,2641.69,No
9297-MGZSX,Female,0,Yes,No,5,Yes,Yes,Fiber optic,No,Yes,Yes,No,Yes,No,Month-to-month,Yes,Electronic check,94.44,449.47,No
8024-MMZUB,Male,0,No,No,23,Yes,Yes,DSL,No,Yes,No,No,Yes,Yes,Month-to-month,Yes,Electronic check,71.36,1651.18,No
4849-VMZIA,Female,0,No,No,6,Yes,Yes,Fiber optic,Yes,No,No,No,No,No,Month-to-month,No,Electronic check,76.62,475.95,Yes
9333-PTOAQ,Female,0,No,No,68,Yes,Yes,DSL,Yes,Yes,No,Yes,No,Yes,Two year,No,Mailed check,70.23,4788.72,Yes
8325-MOPPB,Male,1,No,No,16,No,No phone service,DSL,Yes,Yes,No,No,Yes,Yes,One year,No,Electronic check,79.1,1276.83,Yes
9234-HTCLT,Male,0,No,No,5,Yes,No,Fiber optic,No,Yes,No,Yes,Yes,Yes,Month-to-month,No,Electronic check,108.4,561.43,No
8631-UQKQS,Male,0,No,No,24,Yes,No,Fiber optic,Yes,No,Yes,Yes,Yes,No,Month-to-month,Yes,Credit card (automatic),99.17,2391.2,Yes
8413-ALORW,Male,0,No,Yes,29,Yes,No,DSL,Yes,Yes,Yes,No,No,Yes,Month-to-month,Yes,Electronic check,75.64,2189.09,No
5701-AMOGO,Male,0,No,No,22,Yes,No,DSL,Yes,Yes,No,Yes,Yes,No,One year,No,Mailed check,75.47,1665.76,No
5083-JNFNX,Male,0,Yes,Yes,6,Yes,No,No,No internet service,No internet service,No internet service,No internet service,No internet service,No internet service,Month-to-month,No,Electronic check,25.56,157.54,No
3296-VLKYT,Male,0,No,No,31,Yes,Yes,DSL,No,No,Yes,No,Yes,No,Two year,Yes,Bank transfer (automatic),67.46,2086.42,No
9853-TAHYN,Male,0,Yes,No,63,Yes,No,No,No internet service,No internet service,No internet service,No internet service,No internet service,No internet service,One year,Yes,Mailed check,25.06,1587.77,No
6985-YWEWY,Male,0,Yes,No,72,Yes,No,Fiber optic,No,No,Yes,Yes,Yes,Yes,Month-to-month,Yes,Credit card (automatic),102.2,7350.51,Yes
2543-PVPMT,Male,0,Yes,No,27,Yes,No,DSL,No,No,No,Yes,No,No,Month-to-month,No,Electronic check,45.86,1224.78,No
6902-AVCFV,Female,0,No,No,44,No,No phone service,No,No internet service,No internet service,No internet service,No internet service,No internet service,No internet service,Month-to-month,Yes,Electronic check,24.29,1068.88,Yes
9529-CJQGO,Female,0,Yes,No,72,No,No phone service,Fiber optic,Yes,No,No,No,No,Yes,Month-to-month,No,Electronic check,75.45,5409.64,Yes
1730-YKQEG,Male,0,Yes,Yes,1,Yes,Yes,DSL,No,Yes,Yes,No,Yes,Yes,One year,No,Credit card (automatic),74.76,75.07,No
3130-YXOCO,Male,0,Yes,Yes,15,Yes,No,DSL,No,No,Yes,No,No,No,Month-to-month,No,Mailed check,54.06,803.6,No
3916-WLTEC,Male,0,No,No,8,Yes,Yes,DSL,No,No,No,Yes,No,No,Month-to-month,Yes,Electronic check,59.71,466.03,Yes
7265-IGZBW,Male,0,Yes,Yes,15,Yes,No,DSL,Yes,No,No,No,No,Yes,Month-to-month,No,Credit card (automatic),68.13,1020.5,No
3810-UPIMS,Male,0,No,No,59,Yes,No,DSL,Yes,No,No,Yes,Yes,No,Month-to-month,No,Electronic check,74.21,4400.63,Yes
8999-TQFDA,Female,0,No,No,72,Yes,No,Fiber optic,No,No,No,No,No,No,Month-to-month,Yes,Mailed check,79.34,5719.22,No
6310-SIMHW,Male,0,Yes,No,56,Yes,No,Fiber optic,Yes,No,No,Yes,Yes,Yes,Month-to-month,Yes,Bank transfer (automatic),101.27,5660.05,No
9812-OKLND,Male,0,No,No,5,Yes,Yes,Fiber optic,No,Yes,Yes,No,No,No,One year,Yes,Mailed check,88.44,434.64,No
5512-XDSIJ,Female,0,Yes,No,38,No,No phone service,DSL,No,No,No,No,Yes,Yes,Month-to-month,Yes,Electronic check,69.7,2648.66,Yes
2379-TIMLK,Male,1,Yes,No,40,Yes,No,DSL,Yes,No,Yes,No,Yes,No,Month-to-month,No,Credit card (automatic),73.01,2917.43,No
8819-RLPET,Male,1,No,No,20,No,No phone service,DSL,No,No,Yes,No,No,No,Month-to-month,No,Electronic check,39.99,799.89,No
9459-UYKIR,Female,0,No,No,30,Yes,No,Fiber optic,No,No,Yes,No,Yes,No,Month-to-month,Yes,Electronic check,90.76,2716.35,No
2725-YCTQN,Male,0,Yes,Yes,56,Yes,No,No,No internet service,No internet service,No internet service,No internet service,No internet service,No internet service,One year,No,Electronic check,28.51,1603.13,No
2232-YHEEI,Male,0,No,No,72,Yes,Yes,DSL,Yes,No,Yes,No,Yes,No,Month-to-month,Yes,Electronic check,71.82,5176.55,No
9338-WIVRP,Female,0,Yes,No,0,Yes,No,DSL,Yes,No,No,No,Yes,No,One year,Yes,Mailed check,63.08, ,No
9480-BNNAZ,Male,0,No,No,7,No,No phone service,No,No internet service,No internet service,No internet service,No internet service,No internet service,No internet service,One year,Yes,Credit card (automatic),22.42,153.58,No
2721-YPOZO,Female,0,No,No,65,Yes,No,Fiber optic,Yes,No,No,No,Yes,Yes,Month-to-month,No,Bank transfer (automatic),98.51,6395.36,No
2195-PNXOW,Male,0,Yes,No,9,Yes,No,No,No internet service,No internet service,No internet service,No internet service,No internet service,No internet service,Two year,Yes,Bank transfer (automatic),26.33,241.4,No
2306-JCWQH,Female,0,No,No,2,No,No phone service,Fiber optic,Yes,No,Yes,No,Yes,No,Two year,Yes,Mailed check,88.13,193.56,Yes
1909-UJADA,Female,0,Yes,No,9,Yes,No,Fiber optic,No,No,No,No,Yes,Yes,Month-to-month,No,Credit card (automatic),102.94,924.6,Yes
2695-TOMBS,Male,1,No,Yes,17,Yes,No,No,No internet service,No internet service,No internet service,No internet service,No internet service,No internet service,Month-to-month,No,Mailed check,32.04,549.04,No
9855-MXKVO,Female,0,No,No,11,Yes,Yes,Fiber optic,No,Yes,Yes,No,No,No,One year,Yes,Mailed check,84.82,925.29,No
3825-IITAQ,Female,0,No,Yes,37,Yes,No,Fiber optic,No,No,Yes,No,No,Yes,Month-to-month,No,Credit card (automatic),87.85,3246.66,Yes
2789-ROFGQ,Male,0,Yes,No,22,No,No phone service,DSL,No,Yes,Yes,No,No,No,Month-to-month,No,Bank transfer (automatic),60.73,1312.26,No
4653-HLUNL,Female,0,Yes,No,13,Yes,No,Fiber optic,No,No,Yes,No,No,Yes,Month-to-month,Yes,Credit card (automatic),85.34,1119.85,Yes
6494-JVTOG,Female,0,No,No,72,Yes,No,Fiber optic,No,No,Yes,No,Yes,No,Month-to-month,No,Mailed check,94.53,6794.16,No
4129-IJJPG,Male,0,No,Yes,52,Yes,No,Fiber optic,No,Yes,No,No,Yes,Yes,One year,Yes,Electronic check,95.83,4986.71,No
7811-EWCRK,Female,0,No,No,47,Yes,No,Fiber optic,No,Yes,Yes,No,Yes,Yes,Month-to-month,No,Credit card (automatic),96.61,4532.51,No
4534-UTEXL,Male,0,No,No,20,Yes,No,Fiber optic,No,No,No,No,Yes,No,Month-to-month,No,Bank transfer (automatic),79.71,1592.56,No
2774-IGJWM,Female,0,No,No,36,Yes,Yes,DSL,No,No,Yes,Yes,No,No,One year,Yes,Electronic check,64.98,2351.6,No
4239-LVXSZ,Female,0,Yes,No,9,Yes,Yes,No,No internet service,No internet service,No internet service,No internet service,No internet service,No internet service,Month-to-month,Yes,Bank transfer (automatic),22.74,208.51,Yes
7361-APVQY,Female,0,Yes,No,9,Yes,Yes,Fiber optic,No,Yes,No,No,Yes,No,Month-to-month,No,Mailed check,93.24,836.24,Yes
8741-RKRGR,Female,0,No,No,53,Yes,No,No,No internet service,No internet service,No internet service,No internet service,No internet service,No internet service,Month-to-month,Yes,Credit card (automatic),30.27,1597.0,No
7981-GWVJK,Male,0,Yes,Yes,21,Yes,Yes,DSL,No,Yes,No,No,No,No,One year,Yes,Electronic check,48.49,1040.49,No
1364-IGIMZ,Female,0,No,No,10,Yes,No,No,No internet service,No internet service,No internet service,No internet service,No internet service,No internet service,One year,Yes,Credit card (automatic),29.18,302.09,No
9160-UTBYC,Male,0,Yes,No,44,Yes,Yes,Fiber optic,Yes,Yes,Yes,No,Yes,Yes,Month-to-month,No,Electronic check,105.35,4643.18,Yes
1773-MUATS,Male,0,No,No,14,No,No phone service,DSL,No,Yes,No,Yes,No,No,Month-to-month,Yes,Credit card (automatic),60.24,847.38,No
6344-UVBON,Female,0,No,No,12,Yes,Yes,Fiber optic,No,Yes,No,No,Yes,No,Two year,Yes,Bank transfer (automatic),86.01,1032.07,No
7802-KOFTI,Male,1,Yes,No,0,Yes,No,DSL,No,Yes,Yes,No,Yes,No,Two year,No,Credit card (automatic),66.78, ,No
8012-TBFZR,Female,0,No,Yes,27,Yes,No,DSL,No,No,Yes,No,Yes,Yes,One year,Yes,Bank transfer (automatic),70.82,1898.85,No
1603-WSIUX,Male,0,No,Yes,18,Yes,Yes,DSL,No,No,No,No,No,Yes,One year,Yes,Bank transfer (automatic),58.9,1047.36,No
4770-FNZXM,Female,0,Yes,No,8,No,No phone service,DSL,No,No,Yes,No,No,Yes,One year,Yes,Electronic check,60.07,472.3,No
9978-UZSXZ,Male,0,No,Yes,3,Yes,Yes,Fiber optic,No,Yes,No,No,Yes,Yes,Month-to-month,No,Electronic check,96.97,288.52,Yes
4756-NXRLD,Male,0,Yes,No,4,No,No phone service,No,No internet service,No internet service,No internet service,No internet service,No internet service,No internet service,Month-to-month,Yes,Electronic check,19.55,87.05,No
6392-DLMDJ,Female,0,No,No,6,Yes,Yes,Fiber optic,No,Yes,No,No,Yes,No,One year,Yes,Mailed check,88.66,534.15,No
6086-COBYY,Female,1,Yes,Yes,48,Yes,No,DSL,No,No,No,No,Yes,No,Month-to-month,Yes,Mailed check,61.84,2960.28,No
7576-FZHCY,Male,0,No,No,15,Yes,Yes,DSL,Yes,No,Yes,No,No,No,Month-to-month,Yes,Electronic check,58.3,889.85,No
8313-VAPGC,Male,0,Yes,No,28,Yes,Yes,Fiber optic,Yes,Yes,No,No,Yes,No,Month-to-month,Yes,Electronic check,99.51,2787.64,No
4574-DIESO,Male,0,No,Yes,14,Yes,No,DSL,Yes,No,Yes,Yes,No,No,Month-to-month,No,Bank transfer (automatic),64.92,910.84,No
9741-RSXOZ,Male,1,No,No,15,Yes,No,Fiber optic,No,Yes,No,No,Yes,Yes,Month-to-month,Yes,Electronic check,95.95,1441.79,No
6769-FNQIS,Male,0,No,No,41,Yes,No,No,No internet service,No internet service,No internet service,No internet service,No internet service,No internet service,Month-to-month,No,Credit card (automatic),23.9,992.15,Yes
5893-EWGST,Male,1,No,No,35,Yes,Yes,Fiber optic,Yes,No,No,No,No,No,Month-to-month,Yes,Electronic check,91.2,3198.63,No
2785-GXBYW,Female,1,Yes,Yes,6,Yes,No,Fiber optic,No,No,No,No,No,Yes,Month-to-month,Yes,Mailed check,85.59,515.5,Yes
8727-MHFFI,Female,1,No,No,23,Yes,No,DSL,Yes,No,Yes,Yes,No,Yes,One year,No,Mailed check,71.85,1642.66,No
5890-KEYQT,Female,1,Yes,No,27,No,No phone service,Fiber optic,Yes,Yes,Yes,Yes,No,Yes,Two year,Yes,Electronic check,97.77,2648.14,No
1986-OYONM,Male,1,No,No,12,No,No phone service,DSL,Yes,No,No,No,No,No,Month-to-month,Yes,Mailed check,64.58,778.93,No
1906-MZVXI,Male,0,Yes,No,1,Yes,Yes,Fiber optic,No,Yes,No,Yes,Yes,No,Two year,Yes,Electronic check,94.37,102.18,No
8939-QNXRK,Female,1,No,No,11,Yes,No,DSL,Yes,No,No,No,Yes,No,Month-to-month,No,Electronic check,66.69,731.16,No
4081-IYCVW,Female,0,No,Yes,10,Yes,No,DSL,No,Yes,No,No,No,No,One year,Yes,Bank transfer (automatic),53.73,547.86,No
3829-ZYOBX,Female,0,No,Yes,28,Yes,Yes,No,No internet service,No internet service,No internet service,No internet service,No internet service,No internet service,Month-to-month,No,Credit card (automatic),24.93,702.04,No
2741-PGDRX,Female,0,Yes,No,39,Yes,No,No,No internet service,No internet service,No internet service,No internet service,No internet service,No internet service,Month-to-month,Yes,Bank transfer (automatic),24.97,976.64,Yes
2690-EFGOZ,Female,1,Yes,Yes,12,Yes,Yes,DSL,Yes,No,No,Yes,No,No,Two year,No,Electronic check,57.35,675.64,No
2088-XDYAK,Female,0,No,No,24,Yes,No,DSL,Yes,Yes,No,Yes,No,No,Month-to-month,Yes,Mailed check,67.93,1635.38,No
5490-JQDXO,Female,0,No,Yes,24,Yes,Yes,Fiber optic,Yes,No,Yes,No,Yes,No,Month-to-month,Yes,Bank transfer (automatic),94.74,2273.43,Yes
9431-UMIKK,Female,0,Yes,No,25,Yes,No,No,No internet service,No internet service,No internet service,No internet service,No internet service,No internet service,One year,No,Electronic check,27.71,691.45,No
5725-FMVXV,Male,0,No,Yes,19,Yes,No,Fiber optic,No,No,No,No,No,No,Month-to-month,Yes,Electronic check,75.94,1442.41,No
8002-RTNOZ,Female,0,No,Yes,23,Yes,No,No,No internet service,No internet service,No internet service,No internet service,No internet service,No internet service,One year,Yes,Credit card (automatic),27.57,630.54,No
5537-DBGJP,Female,0,No,No,48,Yes,No,Fiber optic,No,Yes,No,Yes,No,No,One year,Yes,Bank transfer (automatic),84.55,4060.08,No
1713-RQUMA,Female,1,Yes,Yes,61,Yes,No,DSL,No,No,No,Yes,Yes,Yes,Month-to-month,Yes,Bank transfer (automatic),69.88,4249.2,No
9768-OAFYZ,Male,0,No,Yes,2,Yes,Yes,No,No internet service,No internet service,No internet service,No internet service,No internet service,No internet service,One year,Yes,Electronic check,24.94,49.06,Yes
9652-AEIYQ,Female,0,No,No,0,Yes,Yes,Fiber optic,Yes,No,No,No,Yes,No,Two year,Yes,Electronic check,100.44, ,No
6167-HQOXA,Male,0,Yes,Yes,17,Yes,Yes,DSL,Yes,No,No,Yes,Yes,No,Month-to-month,Yes,Mailed check,73.01,1265.02,No
7411-EXFYA,Male,1,Yes,No,12,Yes,No,Fiber optic,No,Yes,No,Yes,Yes,Yes,One year,No,Electronic check,95.35,1124.65,No
1256-JJCQS,Male,0,No,No,14,Yes,No,DSL,No,Yes,No,No,No,Yes,One year,Yes,Credit card (automatic),63.8,891.69,No
3460-RBIXQ,Male,0,Yes,No,14,Yes,Yes,DSL,Yes,No,No,No,No,No,Month-to-month,No,Bank transfer (automatic),57.29,806.79,No
5515-QQLTR,Male,0,Yes,No,54,No,No phone service,No,No internet service,No internet service,No internet service,No internet service,No internet service,No internet service,One year,Yes,Electronic check,20.6,1116.94,No
7786-KYRDQ,Female,0,Yes,No,24,Yes,No,DSL,Yes,Yes,Yes,No,No,No,One year,Yes,Bank transfer (automatic),63.82,1538.38,No
8345-ENJOA,Female,0,No,Yes,14,No,No phone service,Fiber optic,Yes,Yes,Yes,No,No,Yes,Month-to-month,Yes,Mailed check,84.89,1185.04,No
5943-KWTFX,Male,0,Yes,Yes,14,No,No phone service,Fiber optic,No,No,No,No,Yes,No,Month-to-month,No,Electronic check,76.23,1044.78,No
1636-VPBAX,Male,1,Yes,Yes,44,Yes,Yes,No,No internet service,No internet service,No internet service,No internet service,No internet service,No internet service,Two year,Yes,Credit card (automatic),31.56,1383.69,No
1712-VLQYO,Male,0,No,Yes,5,Yes,Yes,Fiber optic,No,No,No,No,Yes,Yes,Month-to-month,Yes,Electronic check,95.9,479.46,No
8773-SVJZL,Male,0,Yes,No,0,Yes,No,Fiber optic,Yes,No,No,No,No,No,Month-to-month,Yes,Bank transfer (automatic),87.19, ,No
7957-IMCUN,Male,1,No,Yes,15,Yes,Yes,DSL,Yes,No,No,Yes,Yes,No,One year,Yes,Mailed check,68.29,1027.06,No
8939-TWYKP,Female,0,Yes,Yes,72,No,No phone service,Fiber optic,No,Yes,No,No,No,No,Two year,No,Bank transfer (automatic),71.32,5130.6,No
2845-WQMKC,Male,0,No,No,40,Yes,Yes,DSL,No,Yes,Yes,Yes,No,Yes,Month-to-month,Yes,Mailed check,67.1,2683.66,No
2509-VUKPS,Male,0,No,No,12,Yes,Yes,No,No internet service,No internet service,No internet service,No internet service,No internet service,No internet service,Two year,No,Electronic check,23.2,287.82,No
8714-DPPUZ,Male,0,No,No,4,Yes,No,DSL,Yes,No,No,No,No,No,Month-to-month,No,Credit card (automatic),65.87,258.54,Yes
4960-DSZQM,Female,0,No,Yes,20,Yes,Yes,DSL,No,Yes,Yes,Yes,Yes,Yes,Month-to-month,No,Bank transfer (automatic),84.63,1697.2,No
8833-VWZXA,Female,0,Yes,No,50,Yes,No,Fiber optic,No,No,No,No,Yes,No,Two year,Yes,Credit card (automatic),87.23,4358.73,No
4499-DKEBQ,Female,0,No,Yes,30,Yes,Yes,Fiber optic,No,No,No,Yes,No,No,Two year,Yes,Electronic check,79.12,2371.79,No
7823-FUIMK,Male,1,No,No,18,Yes,No,Fiber optic,No,Yes,No,No,No,Yes,Month-to-month,No,Mailed check,88.72,1617.61,Yes
2025-JLHKJ,Male,0,No,Yes,31,Yes,No,Fiber optic,No,Yes,Yes,No,Yes,Yes,Month-to-month,Yes,Electronic check,106.55,3288.82,No
8372-YQGXC,Female,0,Yes,No,72,Yes,No,No,No internet service,No internet service,No internet service,No internet service,No internet service,No internet service,Month-to-month,No,Mailed check,21.57,1540.16,No
4741-TMSGI,Female,0,No,No,19,Yes,No,No,No internet service,No internet service,No internet service,No internet service,No internet service,No internet service,Month-to-month,Yes,Credit card (automatic),22.01,408.05,Yes
4026-MVHVR,Female,0,No,Yes,19,Yes,No,Fiber optic,Yes,No,Yes,No,No,Yes,Month-to-month,Yes,Bank transfer (automatic),98.79,1881.46,No
3620-WBRRK,Male,0,No,No,15,Yes,Yes,DSL,No,No,No,No,No,No,Month-to-month,No,Bank transfer (automatic),46.23,687.29,No
4872-NPKAG,Male,0,No,Yes,20,Yes,No,DSL,No,No,Yes,No,No,No,Month-to-month,Yes,Bank transfer (automatic),55.08,1091.78,Yes
5092-PNONU,Female,0,No,Yes,24,Yes,Yes,Fiber optic,No,No,No,No,No,Yes,Two year,No,Electronic check,87.2,2101.29,Yes
3666-PSQZF,Female,0,Yes,Yes,5,Yes,No,DSL,Yes,No,No,Yes,Yes,Yes,Month-to-month,Yes,Electronic check,73.34,363.8,Yes
4888-IRQLW,Male,1,Yes,No,20,Yes,No,No,No internet service,No internet service,No internet service,No internet service,No internet service,No internet service,Month-to-month,No,Electronic check,26.65,522.84,Yes
1565-VEKDD,Female,0,Yes,Yes,0,Yes,No,Fiber optic,No,No,Yes,No,Yes,No,Month-to-month,Yes,Bank transfer (automatic),84.7, ,No
6890-ZXWYQ,Male,1,No,Yes,66,Yes,No,Fiber optic,No,No,Yes,No,No,No,One year,No,Mailed check,73.16,4844.63,No
3982-ZDWML,Female,0,Yes,No,0,Yes,Yes,DSL,No,No,Yes,Yes,Yes,No,Month-to-month,No,Credit card (automatic),60.81, ,No
3580-SUTRK,Male,0,Yes,No,72,Yes,No,Fiber optic,No,No,No,No,No,Yes,Two year,Yes,Mailed check,84.76,6090.18,No
5019-CQLJH,Male,0,No,No,72,Yes,No,DSL,Yes,No,No,No,Yes,No,Two year,Yes,Electronic check,62.88,4521.13,No
4022-EDZUT,Female,1,Yes,No,17,Yes,Yes,Fiber optic,No,Yes,Yes,Yes,No,Yes,Two year,Yes,Credit card (automatic),97.43,1653.14,No
2074-UDOQL,Male,0,Yes,Yes,9,Yes,Yes,DSL,No,Yes,No,No,No,No,Month-to-month,Yes,Mailed check,61.29,552.76,No
2986-JOJXW,Male,0,Yes,No,4,Yes,No,DSL,Yes,Yes,Yes,No,Yes,No,Two year,Yes,Credit card (automatic),81.09,324.6,No
3176-CUZLA,Female,0,Yes,No,4,Yes,No,Fiber optic,No,No,No,Yes,Yes,No,Month-to-month,Yes,Electronic check,94.09,378.06,No
8234-ESYAD,Male,0,Yes,Yes,6,Yes,No,Fiber optic,No,Yes,No,No,Yes,No,One year,No,Mailed check,89.15,552.01,Yes
5284-ZZDQN,Female,1,No,No,15,Yes,No,DSL,Yes,No,No,Yes,Yes,Yes,Month-to-month,No,Bank transfer (automatic),81.02,1209.36,No
7129-AVPCW,Male,0,No,No,32,Yes,No,Fiber optic,No,Yes,Yes,Yes,No,No,Month-to-month,Yes,Mailed check,91.05,2907.75,No
8400-WDUEK,Female,0,Yes,Yes,12,Yes,Yes,Fiber optic,Yes,No,No,No,No,No,Month-to-month,Yes,Bank transfer (automatic),82.34,986.95,No
6241-CFXKI,Male,0,No,No,36,Yes,Yes,Fiber optic,Yes,Yes,Yes,No,Yes,No,Month-to-month,Yes,Credit card (automatic),98.5,3546.01,No
3588-OWCAT,Male,0,No,No,19,Yes,No,Fiber optic,No,Yes,No,No,Yes,Yes,Month-to-month,No,Bank transfer (automatic),89.46,1691.37,No
4218-NQVNQ,Female,1,Yes,No,0,Yes,No,Fiber optic,Yes,Yes,Yes,No,No,Yes,One year,Yes,Electronic check,102.26, ,No
8034-NLPAM,Female,0,Yes,Yes,3,No,No phone service,No,No internet service,No internet service,No internet service,No internet service,No internet service,No internet service,One year,No,Credit card (automatic),18.25,63.52,Yes
5150-SFGAA,Male,0,No,No,20,Yes,No,Fiber optic,No,Yes,No,No,No,No,Month-to-month,No,Credit card (automatic),84.29,1697.47,No
7468-FPYPN,Female,0,No,Yes,4,Yes,No,DSL,No,No,Yes,Yes,No,Yes,Two year,Yes,Bank transfer (automatic),66.37,272.38,No
1864-MTJXJ,Female,0,Yes,Yes,22,Yes,Yes,DSL,No,No,Yes,No,No,No,Month-to-month,No,Mailed check,43.08,950.24,Yes
6672-MCRTB,Male,0,No,No,14,Yes,Yes,DSL,No,No,Yes,No,No,Yes,Month-to-month,Yes,Mailed check,62.73,889.04,No
4483-SWMMA,Female,0,No,Yes,28,Yes,Yes,Fiber optic,Yes,No,No,Yes,Yes,Yes,Month-to-month,No,Bank transfer (automatic),107.88,3032.58,No
4041-AXEXC,Male,0,No,No,8,Yes,Yes,Fiber optic,No,Yes,No,No,Yes,No,One year,No,Mailed check,93.24,751.16,No
9123-GXVMW,Female,1,Yes,No,41,Yes,No,No,No internet service,No internet service,No internet service,No internet service,No internet service,No internet service,Two year,Yes,Credit card (automatic),25.32,1026.29,No
7429-RXUGA,Male,0,Yes,No,11,Yes,Yes,Fiber optic,Yes,No,No,No,No,Yes,One year,Yes,Bank transfer (automatic),85.79,945.89,No
7107-HOTDB,Female,0,Yes,No,38,Yes,Yes,Fiber optic,No,Yes,No,Yes,Yes,Yes,Month-to-month,Yes,Electronic check,101.6,3860.11,No
4012-AYEFB,Male,0,No,No,0,No,No phone service,No,No internet service,No internet service,No internet service,No internet service,No internet service,No internet service,Two year,Yes,Bank transfer (automatic),21.25, ,Yes
5729-ZADGV,Male,0,Yes,No,11,Yes,No,DSL,Yes,No,No,No,Yes,Yes,Month-to-month,Yes,Mailed check,67.16,741.72,No
7655-ZAAHT,Female,1,No,No,5,Yes,No,DSL,No,No,Yes,No,Yes,No,Month-to-month,No,Electronic check,62.87,311.75,No
1527-UMWXZ,Female,0,No,No,14,Yes,Yes,DSL,Yes,Yes,No,No,No,No,Month-to-month,No,Mailed check,60.28,831.48,No
6206-RTJLA,Male,0,Yes,No,70,Yes,No,No,No internet service,No internet service,No internet service,No internet service,No internet service,No internet service,Two year,No,Credit card (automatic),28.05,1963.87,No
3888-CSZIJ,Female,0,Yes,No,4,Yes,No,DSL,No,No,Yes,Yes,No,No,Month-to-month,Yes,Electronic check,63.86,253.33,Yes
1690-PXRNC,Male,0,No,Yes,2,Yes,Yes,No,No internet service,No internet service,No internet service,No internet service,No internet service,No internet service,One year,No,Credit card (automatic),24.33,39.56,No
6873-XIMBG,Male,0,No,Yes,1,Yes,Yes,Fiber optic,No,No,No,No,No,Yes,Month-to-month,No,Bank transfer (automatic),84.84,84.24,Yes
4695-USYOV,Female,0,No,No,3,Yes,No,Fiber optic,No,No,No,No,No,Yes,One year,Yes,Bank transfer (automatic),77.91,251.62,Yes
5512-UGTHJ,Female,0,No,Yes,1,Yes,No,DSL,No,No,No,Yes,Yes,Yes,Month-to-month,No,Credit card (automatic),61.9,69.65,No
6640-YYABS,Female,0,Yes,Yes,27,Yes,Yes,Fiber optic,No,No,Yes,No,No,No,Two year,Yes,Credit card (automatic),83.71,2266.43,No
2773-TJIJF,Male,0,No,No,2,No,No phone service,Fiber optic,Yes,No,No,No,No,No,Month-to-month,No,Electronic check,69.62,144.72,Yes
3576-YFDTC,Female,0,No,Yes,5,Yes,No,Fiber optic,Yes,Yes,Yes,Yes,Yes,Yes,Month-to-month,No,Credit card (automatic),106.63,519.31,No
6969-ZXDHQ,Female,0,Yes,Yes,24,Yes,No,No,No internet service,No internet service,No internet service,No internet service,No internet service,No internet service,Month-to-month,No,Electronic check,28.72,704.3,No
1734-EMYAM,Female,0,Yes,No,14,Yes,Yes,DSL,Yes,No,Yes,Yes,Yes,No,Two year,Yes,Electronic check,58.51,821.49,No
5099-VZXNC,Male,0,Yes,No,1,Yes,No,DSL,Yes,No,No,Yes,No,No,Month-to-month,Yes,Mailed check,62.57,58.49,Yes
4872-WLKXH,Female,0,Yes,No,72,Yes,No,Fiber optic,No,Yes,Yes,No,Yes,Yes,Month-to-month,Yes,Credit card (automatic),94.89,6831.1,No
5261-VBSTT,Female,0,No,No,21,Yes,No,Fiber optic,No,Yes,No,No,No,Yes,Month-to-month,Yes,Electronic check,88.34,1838.23,No
1544-JPDKP,Male,0,No,No,22,Yes,Yes,Fiber optic,No,Yes,Yes,Yes,Yes,No,Month-to-month,Yes,Mailed check,96.85,2133.03,Yes
4130-TAPSU,Female,0,Yes,Yes,45,Yes,Yes,No,No internet service,No internet service,No internet service,No internet service,No internet service,No internet service,Two year,Yes,Bank transfer (automatic),22.11,1010.04,No
6397-IIIQL,Male,1,No,Yes,57,Yes,No,No,No internet service,No internet service,No internet service,No internet service,No internet service,No internet service,Two year,Yes,Bank transfer (automatic),27.71,1582.83,No
5088-MHPRA,Female,0,Yes,No,1,Yes,Yes,Fiber optic,No,No,Yes,Yes,Yes,No,Two year,Yes,Mailed check,90.28,81.77,Yes
5299-FIWEP,Male,0,No,No,1,Yes,No,Fiber optic,Yes,No,No,Yes,Yes,No,Two year,No,Bank transfer (automatic),82.78,100.86,No
8953-QRASV,Male,0,No,Yes,35,Yes,No,DSL,Yes,No,No,No,No,Yes,Month-to-month,No,Mailed check,64.1,2228.11,No
2159-CZYZE,Male,0,No,No,28,Yes,No,Fiber optic,No,Yes,Yes,No,No,No,Two year,Yes,Bank transfer (automatic),78.15,2175.44,No
5775-SRRUA,Female,0,Yes,Yes,5,Yes,No,DSL,Yes,No,No,No,Yes,No,Two year,Yes,Mailed check,76.0,373.92,No
7766-RYGPP,Female,0,Yes,Yes,9,Yes,No,Fiber optic,No,No,Yes,No,No,Yes,Month-to-month,No,Electronic check,87.2,797.85,No
8205-IGNKU,Male,1,Yes,No,22,Yes,No,No,No internet service,No internet service,No internet service,No internet service,No internet service,No internet service,Month-to-month,Yes,Electronic check,22.94,505.91,No
2854-PYFVP,Female,1,Yes,No,37,Yes,No,Fiber optic,No,No,Yes,No,Yes,Yes,Month-to-month,Yes,Bank transfer (automatic),103.89,3849.17,No
7963-PLQEY,Female,0,No,No,22,Yes,No,Fiber optic,No,Yes,No,No,No,No,Two year,No,Credit card (automatic),80.51,1758.69,Yes
7839-ELICC,Female,0,Yes,Yes,37,Yes,No,No,No internet service,No internet service,No internet service,No internet service,No internet service,No internet service,Month-to-month,Yes,Electronic check,18.25,699.66,No
7176-YVRXL,Male,0,No,Yes,6,Yes,No,No,No internet service,No internet service,No internet service,No internet service,No internet service,No internet service,Two year,Yes,Electronic check,25.0,133.55,No
5584-RRGDM,Female,1,No,No,9,Yes,No,DSL,Yes,No,No,No,Yes,No,Month-to-month,Yes,Bank transfer (automatic),66.85,588.16,Yes
2040-XBNCE,Male,0,Yes,No,2,Yes,Yes,No,No internet service,No internet service,No internet service,No internet service,No internet service,No internet service,Month-to-month,Yes,Electronic check,21.42,21.94,Yes
2677-CWGRM,Male,0,Yes,No,72,Yes,No,Fiber optic,Yes,No,Yes,No,Yes,No,Month-to-month,No,Credit card (automatic),97.46,7039.51,No
6052-WVJYM,Female,0,No,No,39,Yes,No,Fiber optic,No,Yes,Yes,No,No,No,Month-to-month,No,Mailed check,83.26,3254.52,No
5648-BWEVQ,Female,0,Yes,No,30,No,No phone service,Fiber optic,No,No,No,No,Yes,No,Two year,Yes,Credit card (automatic),74.95,2267.38,No
4683-QITBX,Male,0,Yes,No,5,Yes,Yes,DSL,No,No,Yes,No,No,No,One year,Yes,Bank transfer (automatic),47.0,236.75,No
5218-VKMHA,Female,0,No,No,28,Yes,Yes,DSL,No,No,No,Yes,Yes,Yes,Month-to-month,No,Credit card (automatic),70.93,1985.67,No
8632-LDUMI,Female,0,No,Yes,47,Yes,No,Fiber optic,No,No,No,No,No,Yes,One year,Yes,Electronic check,91.6,4298.08,No
7010-GWXEE,Male,0,No,No,39,Yes,No,No,No internet service,No internet service,No internet service,No internet service,No internet service,No internet service,Month-to-month,No,Mailed check,19.7,759.63,No
5637-IFYSP,Female,0,No,No,33,Yes,Yes,DSL,Yes,No,No,No,Yes,No,Two year,Yes,Electronic check,67.66,2232.29,No
9457-PEOMM,Male,0,No,No,11,Yes,No,Fiber optic,No,No,No,No,Yes,No,Month-to-month,Yes,Bank transfer (automatic),86.91,966.06,No
4359-MONHK,Male,0,Yes,Yes,34,No,No phone service,DSL,No,Yes,No,Yes,No,Yes,One year,Yes,Electronic check,68.37,2326.13,No
1209-XDZJA,Female,0,Yes,No,15,Yes,Yes,DSL,No,No,No,No,No,No,Two year,No,Bank transfer (automatic),56.28,836.47,No
2284-MAWHC,Male,1,No,No,12,Yes,No,DSL,No,No,No,No,Yes,No,Two year,Yes,Credit card (automatic),45.64,555.12,No
3787-COHCG,Female,0,No,No,72,Yes,No,Fiber optic,No,No,No,No,Yes,No,Two year,No,Electronic check,89.27,6453.29,No
1849-KKQFH,Female,0,No,Yes,3,Yes,Yes,No,No internet service,No internet service,No internet service,No internet service,No internet service,No internet service,Two year,Yes,Electronic check,25.07,81.37,No
2472-JYSCD,Female,0,No,No,48,Yes,Yes,DSL,No,No,No,No,No,No,Month-to-month,No,Electronic check,50.22,2418.0,Yes
8978-OAIKS,Male,0,No,No,9,Yes,No,DSL,No,No,No,No,Yes,No,Two year,Yes,Credit card (automatic),50.28,454.46,No
2388-ZPDAT,Male,1,Yes,No,17,Yes,No,Fiber optic,No,Yes,No,Yes,Yes,Yes,Month-to-month,Yes,Credit card (automatic),105.11,1782.84,Yes
2100-AEENW,Male,0,No,No,10,Yes,Yes,Fiber optic,No,No,Yes,No,Yes,Yes,One year,Yes,Electronic check,88.95,901.95,Yes
1781-HDGTS,Female,0,Yes,No,16,Yes,No,Fiber optic,No,Yes,No,No,No,No,Month-to-month,Yes,Electronic check,76.54,1248.82,No
5782-VDSIU,Female,0,No,No,40,No,No phone service,DSL,No,No,No,No,No,Yes,Month-to-month,No,Electronic check,41.5,1661.41,No
1502-NVJPE,Male,0,No,No,4,Yes,No,Fiber optic,No,No,Yes,Yes,Yes,No,One year,No,Mailed check,92.39,366.35,No
2050-FZBMM,Female,0,No,No,33,Yes,No,Fiber optic,No,Yes,Yes,No,Yes,No,Month-to-month,No,Bank transfer (automatic),93.04,3067.66,No
5018-RSAHV,Female,0,Yes,Yes,14,Yes,Yes,Fiber optic,Yes,No,Yes,No,Yes,Yes,Month-to-month,Yes,Bank transfer (automatic),106.29,1493.53,No
4951-BHFPW,Male,0,Yes,No,65,No,No phone service,DSL,Yes,No,Yes,No,Yes,No,Month-to-month,Yes,Electronic check,61.57,3993.4,No
3634-QWSKH,Male,1,No,No,19,Yes,No,DSL,No,Yes,No,Yes,Yes,Yes,One year,No,Electronic check,74.21,1426.16,No
6955-KHIZB,Male,0,Yes,Yes,1,Yes,No,Fiber optic,No,Yes,No,No,Yes,No,Month-to-month,Yes,Electronic check,87.93,78.66,No
3383-FUUZS,Female,0,Yes,No,57,Yes,Yes,Fiber optic,Yes,No,No,No,No,Yes,Two year,Yes,Bank transfer (automatic),87.25,4986.97,Yes
5635-HNXPL,Female,0,Yes,No,62,Yes,Yes,DSL,No,Yes,Yes,Yes,No,Yes,Month-to-month,Yes,Electronic check,68.65,4250.54,No
2079-ZXSRI,Female,1,Yes,Yes,4,Yes,Yes,Fiber optic,No,No,Yes,Yes,Yes,Yes,Month-to-month,Yes,Electronic check,96.24,378.63,Yes
2473-YTLBJ,Male,0,Yes,No,72,Yes,Yes,No,No internet service,No internet service,No internet service,No internet service,No internet service,No internet service,Month-to-month,No,Mailed check,39.14,2821.02,No
1419-YLIDI,Male,0,Yes,No,14,Yes,No,Fiber optic,No,Yes,No,No,Yes,Yes,Two year,Yes,Electronic check,96.09,1340.64,No
2340-NVYRF,Male,1,No,No,58,No,No phone service,DSL,Yes,No,Yes,No,Yes,No,Month-to-month,No,Mailed check,63.93,3691.04,No
2361-TPOPH,Male,0,No,No,10,Yes,No,DSL,Yes,No,Yes,No,No,Yes,Month-to-month,No,Electronic check,65.44,666.63,Yes
2292-WKYGQ,Female,0,No,No,0,Yes,Yes,No,No internet service,No internet service,No internet service,No internet service,No internet service,No internet service,One year,Yes,Credit card (automatic),22.11, ,No
9625-VWSYM,Male,0,Yes,Yes,38,Yes,No,Fiber optic,No,Yes,No,Yes,Yes,Yes,Two year,No,Electronic check,100.39,3803.79,No
9494-WVVAP,Female,0,Yes,Yes,52,Yes,No,DSL,Yes,Yes,No,Yes,Yes,No,One year,No,Mailed check,79.55,4134.26,Yes
9953-CWJSE,Male,0,Yes,No,4,Yes,Yes,Fiber optic,No,No,Yes,No,Yes,Yes,Month-to-month,No,Bank transfer (automatic),89.71,362.81,No
8750-NCMMJ,Female,0,No,No,19,No,No phone service,No,No internet service,No internet service,No internet service,No internet service,No internet service,No internet service,One year,No,Credit card (automatic),20.97,398.08,No
1577-FHDYL,Male,0,Yes,No,42,No,No phone service,Fiber optic,Yes,Yes,No,Yes,Yes,Yes,Two year,Yes,Credit card (automatic),113.41,4771.07,No
1430-HGNWS,Female,1,No,Yes,14,Yes,No,DSL,Yes,Yes,No,Yes,Yes,Yes,One year,No,Mailed check,85.19,1190.33,No
9493-VMUAS,Female,0,Yes,No,37,Yes,No,Fiber optic,No,No,No,No,Yes,Yes,Month-to-month,Yes,Mailed check,92.77,3428.24,No
9635-ADJCT,Male,0,Yes,No,24,Yes,No,No,No internet service,No internet service,No internet service,No internet service,No internet service,No internet service,Month-to-month,No,Electronic check,25.14,603.03,No
9168-CFFWY,Female,0,Yes,No,30,Yes,No,Fiber optic,No,No,Yes,Yes,Yes,Yes,Two year,Yes,Electronic check,103.75,3110.18,No
8126-APXEI,Male,0,No,No,60,Yes,No,No,No internet service,No internet service,No internet service,No internet service,No internet service,No internet service,Two year,No,Bank transfer (automatic),30.12,1820.88,No
3793-MOLEE,Female,0,Yes,Yes,12,Yes,No,Fiber optic,No,Yes,No,Yes,No,No,Month-to-month,Yes,Mailed check,90.28,1085.53,No
6790-RLCZY,Male,1,No,Yes,35,No,No phone service,No,No internet service,No internet service,No internet service,No internet service,No internet service,No internet service,Month-to-month,Yes,Credit card (automatic),24.62,866.8,Yes
5080-SRAYX,Male,0,No,No,29,Yes,Yes,Fiber optic,No,No,Yes,Yes,Yes,No,Two year,No,Mailed check,97.7,2836.55,No
2892-BAGKK,Male,0,Yes,Yes,13,Yes,No,No,No internet service,No internet service,No internet service,No internet service,No internet service,No internet service,Two year,Yes,Electronic check,23.68,304.21,No
3015-RQBGG,Female,1,No,Yes,11,Yes,Yes,Fiber optic,No,Yes,No,No,Yes,No,Month-to-month,No,Bank transfer (automatic),87.19,947.41,Yes
1565-UCLCK,Female,0,Yes,No,51,Yes,No,Fiber optic,Yes,Yes,No,No,Yes,No,Month-to-month,No,Mailed check,88.64,4528.04,Yes
5412-LYDYP,Male,0,Yes,No,5,Yes,No,Fiber optic,No,No,No,No,Yes,Yes,Month-to-month,Yes,Credit card (automatic),90.77,447.91,Yes
7739-RDVFU,Female,1,Yes,Yes,9,Yes,No,DSL,Yes,Yes,Yes,Yes,Yes,Yes,Two year,No,Mailed check,78.85,720.64,Yes
8342-ACEVQ,Male,0,Yes,Yes,72,Yes,No,DSL,Yes,No,Yes,No,No,Yes,One year,Yes,Electronic check,65.67,4717.99,No
2741-ICZMC,Female,0,Yes,No,7,Yes,No,No,No internet service,No internet service,No internet service,No internet service,No internet service,No internet service,One year,No,Mailed check,18.25,115.11,No
5023-OMSVP,Male,0,Yes,Yes,49,Yes,No,DSL,Yes,No,No,Yes,No,Yes,Month-to-month,No,Credit card (automatic),58.15,2861.11,No
8825-GMDIJ,Male,0,Yes,No,11,Yes,No,Fiber optic,No,No,Yes,Yes,No,No,Month-to-month,Yes,Credit card (automatic),75.61,849.56,No
1232-GOHSK,Male,0,No,No,19,Yes,Yes,DSL,No,No,No,Yes,Yes,No,Month-to-month,Yes,Credit card (automatic),54.78,1038.51,No
1233-PWMHI,Male,0,Yes,No,12,Yes,No,Fiber optic,No,No,No,No,No,No,Two year,No,Credit card (automatic),80.49,975.25,No
1889-PJXLY,Male,0,Yes,Yes,6,Yes,No,Fiber optic,No,Yes,No,No,Yes,No,Month-to-month,Yes,Electronic check,85.36,527.02,Yes
1731-LJRRD,Female,0,No,No,28,Yes,No,DSL,No,No,Yes,No,No,No,One year,Yes,Bank transfer (automatic),52.11,1463.55,No
8624-GRHKG,Female,1,No,No,72,Yes,Yes,Fiber optic,No,No,No,No,No,No,Two year,No,Credit card (automatic),66.98,4819.69,No
9232-HCQBO,Female,0,No,Yes,53,No,No phone service,Fiber optic,No,No,No,No,No,Yes,One year,Yes,Credit card (automatic),73.29,3889.62,No
6229-RPTVD,Female,0,No,Yes,72,Yes,No,Fiber optic,Yes,Yes,No,Yes,Yes,Yes,Month-to-month,Yes,Mailed check,108.51,7812.78,No
3949-FZKZQ,Male,0,No,No,28,Yes,Yes,DSL,Yes,No,Yes,No,Yes,Yes,Month-to-month,No,Mailed check,78.89,2235.38,Yes
2115-CMVCP,Male,0,No,No,0,Yes,No,Fiber optic,No,No,No,No,Yes,Yes,Month-to-month,No,Electronic check,94.73, ,Yes
8313-OEPPQ,Male,0,Yes,No,19,Yes,No,DSL,No,No,Yes,No,No,No,Month-to-month,Yes,Bank transfer (automatic),55.23,1061.95,No
9090-WCTMV,Female,0,Yes,Yes,23,Yes,Yes,Fiber optic,No,Yes,Yes,No,Yes,Yes,One year,Yes,Bank transfer (automatic),102.25,2350.53,No
6403-GFILO,Male,1,No,No,3,Yes,No,DSL,Yes,No,Yes,Yes,No,No,Two year,Yes,Bank transfer (automatic),64.39,190.34,No
4891-CJASS,Female,0,No,No,42,Yes,Yes,DSL,Yes,Yes,No,No,Yes,Yes,One year,Yes,Bank transfer (automatic),78.46,3285.27,No
3102-WMLAS,Female,1,No,No,31,No,No phone service,No,No internet service,No internet service,No internet service,No internet service,No internet service,No internet service,Two year,Yes,Credit card (automatic),23.46,714.11,No
2884-XPYWW,Female,0,No,No,14,Yes,No,No,No internet service,No internet service,No internet service,No internet service,No internet service,No internet service,Month-to-month,Yes,Credit card (automatic),21.59,316.42,Yes
7747-OPKXF,Male,0,No,No,8,Yes,Yes,Fiber optic,No,No,No,Yes,No,Yes,One year,Yes,Electronic check,81.08,650.74,No
3186-COAGA,Female,0,Yes,No,6,No,No phone service,Fiber optic,No,No,No,Yes,No,No,Month-to-month,No,Bank transfer (automatic),80.92,474.68,No
5656-IZWMK,Female,0,Yes,No,72,No,No phone service,No,No internet service,No internet service,No internet service,No internet service,No internet service,No internet service,Two year,No,Electronic check,26.63,1916.41,No
7539-VTWSQ,Female,0,No,Yes,38,Yes,No,DSL,No,No,Yes,No,No,Yes,Month-to-month,Yes,Electronic check,57.64,2193.49,No
3083-CARUO,Female,0,No,Yes,28,Yes,No,No,No internet service,No internet service,No internet service,No internet service,No internet service,No internet service,One year,Yes,Mailed check,22.54,636.92,No
4751-ATNDE,Female,0,Yes,No,71,Yes,No,No,No internet service,No internet service,No internet service,No internet service,No internet service,No internet service,Month-to-month,No,Mailed check,32.1,2274.19,No
2494-MXOFA,Male,0,No,No,5,Yes,No,No,No internet service,No internet service,No internet service,No internet service,No internet service,No internet service,Month-to-month,Yes,Electronic check,23.62,109.73,No
9630-SMFOP,Female,0,No,No,46,No,No phone service,No,No internet service,No internet service,No internet service,No internet service,No internet service,No internet service,One year,No,Mailed check,18.25,826.79,No
3198-PJVII,Female,0,No,No,21,Yes,No,Fiber optic,Yes,No,No,No,No,Yes,Two year,No,Electronic check,93.24,1963.99,Yes
1496-XLMLN,Female,0,Yes,No,64,No,No phone service,No,No internet service,No internet service,No internet service,No internet service,No internet service,No internet service,Month-to-month,Yes,Mailed check,18.25,1165.27,No
6065-WSBDS,Male,0,Yes,No,25,Yes,Yes,No,No internet service,No internet service,No internet service,No internet service,No internet service,No internet service,Two year,Yes,Credit card (automatic),18.71,455.78,No
5761-OOXFC,Female,0,Yes,No,32,No,No phone service,DSL,No,No,No,Yes,Yes,No,Month-to-month,No,Electronic check,53.52,1704.23,No
5350-PBGKZ,Male,0,No,Yes,6,Yes,No,DSL,No,Yes,No,No,No,No,Month-to-month,No,Mailed check,57.51,342.75,No
9381-GDXTG,Female,0,Yes,Yes,10,Yes,Yes,DSL,Yes,No,Yes,No,Yes,Yes,One year,Yes,Electronic check,67.51,691.3,No
5931-LEWZS,Male,0,Yes,No,8,Yes,No,Fiber optic,Yes,Yes,No,Yes,Yes,Yes,Month-to-month,No,Bank transfer (automatic),104.13,832.2,No
2689-ESUCZ,Male,1,No,No,28,Yes,No,No,No internet service,No internet service,No internet service,No internet service,No internet service,No internet service,One year,No,Credit card (automatic),19.42,550.86,No
5394-GQYIU,Male,0,No,No,12,Yes,No,Fiber optic,No,Yes,Yes,Yes,No,Yes,Month-to-month,Yes,Electronic check,106.3,1274.98,No
1296-JMOVE,Female,1,No,Yes,47,Yes,No,DSL,No,No,No,No,Yes,No,Month-to-month,Yes,Bank transfer (automatic),53.74,2524.14,No
3268-CHTJM,Female,0,No,No,5,Yes,Yes,Fiber optic,Yes,No,Yes,Yes,Yes,No,Month-to-month,Yes,Electronic check,97.59,506.22,No
8358-CVHIV,Female,0,No,No,38,Yes,No,Fiber optic,No,Yes,Yes,No,Yes,No,One year,No,Mailed check,92.3,3522.71,No
1660-LKBRI,Female,0,Yes,Yes,40,Yes,Yes,No,No internet service,No internet service,No internet service,No internet service,No internet service,No internet service,Two year,Yes,Bank transfer (automatic),21.16,836.8,No
7337-BCPSD,Male,0,No,Yes,23,Yes,No,No,No internet service,No internet service,No internet service,No internet service,No internet service,No internet service,One year,Yes,Bank transfer (automatic),18.25,435.31,No
8416-RTYRJ,Female,0,Yes,No,3,Yes,No,No,No internet service,No internet service,No internet service,No internet service,No internet service,No internet service,One year,Yes,Bank transfer (automatic),34.24,110.62,No
7364-QZXYW,Female,0,Yes,No,9,Yes,No,Fiber optic,Yes,No,No,No,No,Yes,Two year,Yes,Mailed check,86.75,780.12,No
8607-TPTMB,Male,0,Yes,Yes,12,Yes,Yes,No,No internet service,No internet service,No internet service,No internet service,No internet service,No internet service,Month-to-month,No,Bank transfer (automatic),19.32,227.96,Yes
8255-BYNDQ,Male,0,Yes,No,15,Yes,No,Fiber optic,No,No,Yes,No,No,No,Month-to-month,No,Mailed check,90.25,1350.01,No
4724-DCLVW,Male,0,No,No,32,Yes,Yes,Fiber optic,No,No,No,No,No,Yes,Month-to-month,Yes,Electronic check,89.1,2842.97,No
6319-BFVJL,Male,0,No,No,9,Yes,No,Fiber optic,Yes,No,No,No,No,No,Two year,No,Electronic check,75.26,675.41,Yes
6353-JWCTJ,Female,0,Yes,No,0,Yes,No,Fiber optic,Yes,Yes,Yes,No,No,No,Month-to-month,Yes,Electronic check,88.38, ,No
7172-ITSNB,Female,1,Yes,Yes,48,Yes,No,Fiber optic,Yes,No,Yes,No,No,No,Two year,No,Bank transfer (automatic),81.96,3937.27,No
9252-HGFKL,Male,1,No,No,13,No,No phone service,Fiber optic,No,Yes,No,No,Yes,Yes,One year,No,Electronic check,90.09,1156.42,No
7609-SJYYU,Male,1,No,No,7,Yes,Yes,No,No internet service,No internet service,No internet service,No internet service,No internet service,No internet service,One year,Yes,Bank transfer (automatic),24.11,174.55,No
1493-CRXOF,Female,0,Yes,No,41,Yes,No,No,No internet service,No internet service,No internet service,No internet service,No internet service,No internet service,Month-to-month,No,Bank transfer (automatic),26.31,1071.31,No
3970-LGQAZ,Male,0,No,No,50,Yes,Yes,Fiber optic,No,No,Yes,No,Yes,Yes,Month-to-month,No,Electronic check,95.35,4775.81,No
4185-ZOSAE,Male,1,Yes,No,31,Yes,No,DSL,Yes,No,Yes,No,No,No,One year,No,Mailed check,59.99,1840.71,No
6154-AHLVY,Male,0,Yes,Yes,10,Yes,Yes,DSL,No,No,Yes,No,Yes,Yes,One year,Yes,Bank transfer (automatic),66.76,654.27,No
1594-YYLMA,Female,0,No,No,6,Yes,No,DSL,Yes,No,No,Yes,Yes,No,Two year,No,Electronic check,68.57,417.3,No
6957-HDEYV,Female,0,No,No,29,Yes,No,DSL,Yes,No,Yes,No,No,No,Month-to-month,No,Electronic check,63.99,1873.3,No
2830-WDTDO,Female,0,No,Yes,1,Yes,Yes,No,No internet service,No internet service,No internet service,No internet service,No internet service,No internet service,One year,Yes,Mailed check,19.96,21.44,No
3810-UEXIB,Male,0,No,Yes,11,Yes,Yes,DSL,Yes,No,No,No,No,Yes,Month-to-month,No,Credit card (automatic),59.37,639.33,No
4514-GQPQT,Female,1,Yes,Yes,34,Yes,Yes,No,No internet service,No internet service,No internet service,No internet service,No internet service,No internet service,Month-to-month,No,Mailed check,20.7,720.85,No
5857-WBKBA,Male,0,No,No,21,Yes,No,Fiber optic,Yes,No,Yes,No,No,No,One year,No,Mailed check,82.84,1742.71,No
1793-BWIVZ,Female,0,No,Yes,31,Yes,Yes,No,No internet service,No internet service,No internet service,No internet service,No internet service,No internet service,Two year,Yes,Bank transfer (automatic),29.26,912.74,No
4937-OJOJY,Male,0,Yes,No,20,Yes,No,No,No internet service,No internet service,No internet service,No internet service,No internet service,No internet service,Two year,No,Mailed check,21.98,444.11,No
2750-QIRDI,Male,0,No,Yes,6,No,No phone service,No,No internet service,No internet service,No internet service,No internet service,No internet service,No internet service,Month-to-month,Yes,Mailed check,18.25,112.61,No
6938-AWFJP,Female,0,Yes,Yes,15,Yes,Yes,Fiber optic,Yes,No,No,No,No,Yes,Two year,Yes,Credit card (automatic),89.71,1358.19,No
5853-VMPTF,Female,0,No,No,35,No,No phone service,Fiber optic,No,Yes,No,No,Yes,No,One year,Yes,Credit card (automatic),85.97,3020.58,Yes
7474-XCTJA,Male,0,Yes,No,6,Yes,No,No,No internet service,No internet service,No internet service,No internet service,No internet service,No internet service,One year,Yes,Bank transfer (automatic),18.25,115.94,No
4818-ZZLNY,Male,0,No,No,72,Yes,No,DSL,Yes,No,Yes,No,Yes,No,One year,Yes,Mailed check,65.28,4690.22,No
7890-DGJSY,Male,0,Yes,Yes,5,Yes,No,Fiber optic,No,No,No,Yes,No,No,Month-to-month,No,Mailed check,76.78,397.3,Yes
6113-DBZUR,Male,1,Yes,Yes,0,No,No phone service,DSL,Yes,Yes,No,Yes,No,Yes,Two year,No,Bank transfer (automatic),74.52, ,No
3575-VKJQN,Male,1,No,Yes,36,Yes,Yes,Fiber optic,No,No,No,Yes,Yes,Yes,One year,Yes,Mailed check,98.5,3560.07,No
1277-DSBGI,Female,0,Yes,No,63,No,No phone service,Fiber optic,No,Yes,No,Yes,Yes,Yes,Month-to-month,Yes,Mailed check,97.06,6106.51,No
9594-PVYPR,Male,0,No,No,6,Yes,Yes,Fiber optic,Yes,Yes,No,Yes,No,Yes,Two year,No,Electronic check,104.59,621.65,No
5692-KGIDY,Female,0,Yes,No,4,Yes,No,DSL,No,No,Yes,No,No,No,Month-to-month,Yes,Credit card (automatic),58.35,244.61,No
7078-MZYDS,Female,1,No,No,6,Yes,No,Fiber optic,Yes,No,No,No,No,No,Two year,No,Credit card (automatic),78.2,466.08,No
9584-LBFEE,Female,1,Yes,No,23,Yes,No,No,No internet service,No internet service,No internet service,No internet service,No internet service,No internet service,Month-to-month,Yes,Electronic check,27.22,620.12,No
9533-EDIVJ,Female,0,No,No,20,Yes,Yes,DSL,No,No,No,No,No,No,Two year,No,Electronic check,51.72,1037.44,No
6327-JJSJF,Male,0,No,No,23,Yes,Yes,Fiber optic,Yes,Yes,Yes,No,Yes,No,One year,No,Electronic check,99.34,2283.39,No
7461-QEZFX,Female,0,No,No,0,Yes,No,DSL,Yes,No,No,Yes,No,No,Month-to-month,Yes,Electronic check,64.52, ,No
5926-OYSRD,Female,0,No,No,4,Yes,Yes,DSL,No,No,Yes,Yes,No,No,Two year,Yes,Credit card (automatic),64.85,259.35,No
5967-PXSTC,Female,0,No,No,6,Yes,No,Fiber optic,No,Yes,No,No,No,No,One year,Yes,Electronic check,81.08,475.21,No
5677-KNPUS,Male,0,Yes,No,28,Yes,No,No,No internet service,No internet service,No internet service,No internet service,No internet service,No internet service,Two year,No,Bank transfer (automatic),21.18,596.17,No
2249-YQIQO,Female,0,No,No,22,Yes,No,No,No internet service,No internet service,No internet service,No internet service,No internet service,No internet service,Two year,Yes,Electronic check,22.33,483.29,No
2245-GVWSC,Female,1,No,No,23,Yes,Yes,DSL,No,No,No,No,Yes,No,Month-to-month,Yes,Bank transfer (automatic),54.08,1255.98,Yes
1442-ADRZH,Female,0,No,No,20,Yes,Yes,DSL,Yes,No,Yes,No,Yes,No,Month-to-month,Yes,Electronic check,67.16,1327.81,No
8058-WWYFA,Male,0,No,No,32,Yes,No,Fiber optic,No,No,No,No,No,No,Month-to-month,Yes,Electronic check,67.4,2162.66,Yes
2031-ASKUX,Male,0,Yes,No,68,Yes,Yes,No,No internet service,No internet service,No internet service,No internet service,No internet service,No internet service,Two year,Yes,Credit card (automatic),24.68,1673.77,No
8862-YKSUJ,Male,0,Yes,No,26,Yes,Yes,DSL,No,No,Yes,Yes,Yes,Yes,Month-to-month,No,Electronic check,68.5,1783.4,No
2291-AXGQZ,Female,0,Yes,No,32,Yes,Yes,DSL,No,Yes,Yes,No,No,Yes,Month-to-month,Yes,Electronic check,65.32,2080.98,Yes
3939-JFQRE,Male,0,Yes,No,22,Yes,No,Fiber optic,No,Yes,No,Yes,No,Yes,One year,No,Mailed check,94.93,2089.87,No
2233-ZQVPH,Male,1,Yes,Yes,38,Yes,No,DSL,No,No,No,No,No,Yes,One year,Yes,Electronic check,64.74,2446.82,No
3775-MXPKF,Male,1,No,Yes,68,Yes,Yes,DSL,Yes,No,Yes,No,Yes,No,Month-to-month,Yes,Bank transfer (automatic),65.12,4421.08,No
1890-CAREM,Female,1,Yes,No,22,Yes,No,DSL,No,Yes,No,No,Yes,No,Two year,No,Credit card (automatic),70.41,1546.2,No
1740-ZNQAY,Male,0,No,No,4,Yes,No,DSL,No,No,Yes,Yes,Yes,Yes,Month-to-month,Yes,Electronic check,83.49,335.39,No
6153-GJTGX,Female,0,Yes,No,35,Yes,No,DSL,No,No,No,No,No,Yes,Month-to-month,No,Bank transfer (automatic),57.98,2034.75,No
9592-PTZPS,Female,0,No,Yes,25,Yes,Yes,No,No internet service,No internet service,No internet service,No internet service,No internet service,No internet service,One year,Yes,Electronic check,28.58,703.26,No
8545-OLUJZ,Female,0,No,No,65,Yes,Yes,Fiber optic,No,No,Yes,No,Yes,No,Month-to-month,No,Mailed check,89.36,5815.91,No
2973-BGMCO,Female,1,Yes,No,7,Yes,Yes,DSL,Yes,No,Yes,Yes,No,Yes,Month-to-month,Yes,Credit card (automatic),82.68,568.85,Yes
8641-CYJOV,Male,0,No,No,72,Yes,Yes,Fiber optic,Yes,No,No,Yes,No,Yes,Two year,No,Mailed check,100.94,7272.38,No
5858-FTOXU,Male,0,Yes,No,19,Yes,No,DSL,No,Yes,No,No,No,Yes,Month-to-month,Yes,Mailed check,60.16,1133.03,No
1120-UEDVR,Female,1,Yes,No,72,Yes,Yes,Fiber optic,No,Yes,No,Yes,Yes,No,Month-to-month,No,Electronic check,95.95,6904.04,No
2250-QRRXX,Female,1,No,No,36,Yes,Yes,DSL,No,Yes,Yes,No,Yes,Yes,Two year,Yes,Electronic check,73.88,2659.39,No
3956-VOECE,Female,0,Yes,Yes,48,Yes,No,No,No internet service,No internet service,No internet service,No internet service,No internet service,No internet service,Month-to-month,Yes,Mailed check,23.28,1121.84,No
7436-ECCTW,Female,0,No,No,9,Yes,No,DSL,No,No,No,Yes,Yes,Yes,Two year,No,Mailed check,73.37,684.33,No
4483-RZTDA,Male,0,No,Yes,5,Yes,No,Fiber optic,Yes,No,No,No,Yes,No,Month-to-month,No,Mailed check,84.57,432.91,No
2151-UXZLP,Male,0,No,No,23,No,No phone service,Fiber optic,No,No,Yes,No,No,No,Month-to-month,No,Electronic check,70.38,1612.59,No
9402-JGLTE,Female,0,Yes,No,11,Yes,No,No,No internet service,No internet service,No internet service,No internet service,No internet service,No internet service,Month-to-month,Yes,Mailed check,18.25,214.99,Yes
8494-TVZNK,Male,0,No,Yes,72,Yes,No,DSL,No,No,No,No,Yes,Yes,One year,No,Electronic check,58.12,4161.42,No
5038-JIDPJ,Male,0,No,No,16,Yes,No,DSL,No,No,Yes,No,No,Yes,One year,No,Mailed check,61.43,984.03,No
2746-XQIMA,Male,0,No,No,2,Yes,Yes,DSL,No,Yes,No,No,No,No,Month-to-month,Yes,Credit card (automatic),55.02,112.99,Yes
8073-MXIGP,Male,0,Yes,Yes,16,Yes,No,DSL,Yes,No,No,No,No,No,One year,No,Credit card (automatic),57.71,928.45,No
8910-FRSKL,Female,0,No,No,18,Yes,Yes,DSL,No,Yes,Yes,No,Yes,Yes,One year,No,Mailed check,82.98,1483.87,No
9953-JMLUJ,Male,1,No,No,0,Yes,Yes,Fiber optic,No,No,Yes,No,No,Yes,One year,No,Electronic check,84.78, ,No
2555-RDXEE,Female,0,Yes,No,6,No,No phone service,Fiber optic,No,No,No,No,Yes,No,Two year,Yes,Credit card (automatic),73.31,427.64,No
2787-LZCHV,Male,0,No,Yes,0,Yes,No,DSL,No,No,Yes,No,No,No,Two year,Yes,Mailed check,54.57, ,No
9065-RIMGJ,Male,0,Yes,No,19,Yes,No,No,No internet service,No internet service,No internet service,No internet service,No internet service,No internet service,Two year,Yes,Mailed check,28.81,521.01,No
9328-VOELA,Female,0,Yes,No,8,No,No phone service,DSL,Yes,No,Yes,No,No,Yes,Month-to-month,No,Electronic check,67.95,547.23,Yes
1661-FSSPS,Male,0,Yes,No,4,Yes,No,Fiber optic,No,No,No,No,Yes,Yes,One year,No,Bank transfer (automatic),91.51,358.73,No
7850-WJRZM,Female,0,Yes,No,43,No,No phone service,No,No internet service,No internet service,No internet service,No internet service,No internet service,No internet service,Month-to-month,No,Bank transfer (automatic),18.25,797.99,No
4897-RCZWC,Male,0,Yes,Yes,0,Yes,No,No,No internet service,No internet service,No internet service,No internet service,No internet service,No internet service,Month-to-month,No,Mailed check,23.65, ,No
7454-YZLTG,Female,0,Yes,No,28,Yes,No,Fiber optic,Yes,Yes,No,No,No,No,Month-to-month,No,Credit card (automatic),86.15,2410.19,No
4544-XHINE,Male,0,Yes,No,20,No,No phone service,Fiber optic,No,Yes,Yes,Yes,Yes,No,Two year,Yes,Electronic check,91.58,1837.14,Yes
6492-SUPXL,Female,0,Yes,No,35,Yes,No,DSL,No,No,Yes,Yes,Yes,Yes,Month-to-month,No,Electronic check,73.38,2572.49,No
9084-DHGOF,Male,0,Yes,No,3,Yes,No,DSL,Yes,Yes,No,No,No,No,Month-to-month,No,Electronic check,57.87,192.05,Yes
8565-UMJRD,Female,0,Yes,No,49,Yes,Yes,Fiber optic,No,Yes,No,No,No,No,Two year,No,Bank transfer (automatic),71.96,3519.07,No
9775-XKQRU,Male,0,No,No,9,Yes,No,Fiber optic,No,No,No,Yes,Yes,No,Month-to-month,No,Electronic check,84.6,751.43,Yes
1815-LMPWZ,Female,0,No,No,0,Yes,No,DSL,No,Yes,Yes,Yes,Yes,No,One year,Yes,Bank transfer (automatic),72.93, ,No
7516-APOFL,Female,0,No,Yes,25,Yes,No,DSL,Yes,Yes,No,Yes,Yes,No,Month-to-month,Yes,Credit card (automatic),70.77,1769.41,No
5513-LUNPK,Male,0,Yes,No,47,Yes,Yes,DSL,Yes,No,Yes,No,No,Yes,Month-to-month,Yes,Bank transfer (automatic),67.12,3155.09,Yes
8283-IJQLF,Female,0,Yes,No,10,Yes,No,Fiber optic,Yes,No,No,No,Yes,Yes,Month-to-month,Yes,Electronic check,99.38,968.71,No
3962-KIUFY,Female,0,Yes,Yes,17,Yes,Yes,Fiber optic,No,No,Yes,No,Yes,Yes,Month-to-month,Yes,Credit card (automatic),94.53,1605.73,No
6880-XYPTP,Male,0,Yes,Yes,12,Yes,No,Fiber optic,No,No,No,No,Yes,No,One year,No,Bank transfer (automatic),81.56,992.2,No
7277-EUDBF,Male,0,No,No,1,Yes,Yes,DSL,No,No,Yes,Yes,No,Yes,Month-to-month,No,Credit card (automatic),68.06,87.56,No
6032-QNGVS,Male,0,No,No,33,Yes,Yes,No,No internet service,No internet service,No internet service,No internet service,No internet service,No internet service,Month-to-month,No,Bank transfer (automatic),28.34,943.51,No
6696-TYORC,Female,0,Yes,No,68,Yes,Yes,Fiber optic,No,Yes,Yes,No,No,No,Two year,Yes,Mailed check,86.18,5861.17,No
2265-BJKXC,Female,0,Yes,Yes,13,Yes,Yes,Fiber optic,No,Yes,No,No,Yes,No,Month-to-month,Yes,Bank transfer (automatic),87.21,1141.6,Yes
3470-HSRMM,Male,0,No,No,3,Yes,No,DSL,No,Yes,No,Yes,Yes,Yes,Month-to-month,Yes,Mailed check,69.54,213.98,Yes
6591-SWLQV,Female,0,No,Yes,16,Yes,No,Fiber optic,No,Yes,No,Yes,No,Yes,Two year,No,Mailed check,90.99,1446.45,No
6311-MYLSN,Male,0,Yes,Yes,56,Yes,Yes,DSL,No,No,No,Yes,Yes,No,Month-to-month,No,Bank transfer (automatic),62.31,3480.59,No
4206-MFXSS,Female,0,Yes,Yes,22,Yes,No,Fiber optic,No,Yes,No,No,Yes,No,Two year,Yes,Bank transfer (automatic),84.08,1853.36,No
9562-IPDFH,Male,0,No,No,5,Yes,No,Fiber optic,Yes,Yes,Yes,No,No,No,Month-to-month,Yes,Bank transfer (automatic),83.88,421.37,No
8063-PEUVJ,Female,0,Yes,No,19,Yes,No,Fiber optic,Yes,Yes,No,Yes,No,No,Two year,Yes,Electronic check,87.9,1662.17,No
3422-MZNGT,Male,0,No,Yes,9,No,No phone service,DSL,Yes,No,No,No,No,Yes,Month-to-month,Yes,Electronic check,60.4,535.65,No
8813-GEURW,Male,0,Yes,Yes,0,Yes,No,No,No internet service,No internet service,No internet service,No internet service,No internet service,No internet service,Month-to-month,Yes,Bank transfer (automatic),25.14, ,No
7635-FADSL,Male,1,Yes,No,58,Yes,No,DSL,No,No,Yes,No,No,Yes,Month-to-month,Yes,Mailed check,73.41,4253.37,Yes
1726-ZTHKP,Female,0,Yes,No,37,Yes,Yes,DSL,No,No,Yes,No,No,No,Two year,No,Electronic check,53.99,2000.46,No
3984-CETNZ,Female,1,Yes,No,61,Yes,Yes,DSL,Yes,Yes,Yes,No,Yes,No,One year,Yes,Bank transfer (automatic),79.17,4836.22,No
8790-FZDHS,Female,0,No,No,27,Yes,Yes,Fiber optic,No,No,Yes,Yes,No,No,Month-to-month,Yes,Mailed check,87.9,2377.26,No
2914-EMPAM,Male,0,Yes,No,14,No,No phone service,DSL,No,No,Yes,No,No,Yes,One year,Yes,Credit card (automatic),54.64,769.31,No
4838-VKUHY,Female,0,Yes,No,16,Yes,Yes,Fiber optic,No,No,Yes,No,Yes,Yes,Two year,Yes,Mailed check,96.03,1542.65,No
7103-NMCDT,Female,0,No,No,5,Yes,Yes,DSL,No,Yes,Yes,Yes,No,Yes,Month-to-month,Yes,Mailed check,71.03,354.0,No
4822-OUMIY,Male,0,Yes,No,11,Yes,No,DSL,No,No,Yes,No,No,Yes,Month-to-month,Yes,Electronic check,64.91,700.36,Yes
8211-NANNH,Male,0,Yes,No,4,Yes,Yes,Fiber optic,No,No,No,No,Yes,No,One year,No,Electronic check,77.8,305.09,Yes
7319-NAPRG,Male,0,Yes,No,15,Yes,No,Fiber optic,No,No,No,No,No,No,Two year,No,Electronic check,66.39,974.89,Yes
7999-QSWMI,Male,0,Yes,Yes,24,Yes,No,Fiber optic,No,Yes,No,Yes,Yes,No,Month-to-month,Yes,Bank transfer (automatic),100.54,2419.17,No
4598-YZCXA,Female,0,No,No,7,No,No phone service,DSL,No,Yes,Yes,Yes,No,No,One year,Yes,Electronic check,62.81,443.95,No
8644-WMHQV,Male,0,Yes,No,69,Yes,Yes,Fiber optic,No,Yes,Yes,No,No,Yes,Month-to-month,Yes,Electronic check,95.91,6614.2,No
4853-UUGOP,Female,0,No,No,24,Yes,Yes,DSL,Yes,No,Yes,Yes,No,No,One year,Yes,Credit card (automatic),66.9,1597.18,No
1114-FWALR,Male,0,No,No,5,Yes,Yes,DSL,Yes,Yes,Yes,Yes,No,Yes,Month-to-month,Yes,Mailed check,80.3,403.56,Yes
7927-LTMHZ,Female,0,No,No,4,Yes,Yes,Fiber optic,No,No,No,Yes,No,No,Month-to-month,Yes,Credit card (automatic),87.38,357.52,No
6397-AZUGO,Male,0,No,No,4,Yes,Yes,Fiber optic,Yes,No,Yes,Yes,Yes,No,One year,Yes,Electronic check,110.07,438.42,No
1540-VMMIX,Male,0,Yes,Yes,72,Yes,Yes,Fiber optic,No,No,No,Yes,No,Yes,One year,Yes,Credit card (automatic),80.09,5780.4,Yes
6134-DMLEG,Male,1,No,No,6,Yes,Yes,DSL,No,Yes,No,No,Yes,No,Month-to-month,Yes,Credit card (automatic),60.58,361.92,Yes
8652-INZLD,Male,0,No,No,4,Yes,Yes,DSL,No,No,No,No,Yes,No,Two year,No,Credit card (automatic),56.24,227.98,Yes
3419-HQHUA,Male,0,No,Yes,4,Yes,Yes,DSL,No,No,No,No,No,No,Two year,Yes,Electronic check,51.38,203.47,No
2779-BDXUA,Female,0,No,No,10,Yes,Yes,Fiber optic,No,No,Yes,No,Yes,Yes,One year,Yes,Electronic check,104.51,1047.38,Yes
1258-LSOVP,Female,0,Yes,No,22,No,No phone service,Fiber optic,No,No,Yes,Yes,Yes,No,Month-to-month,No,Credit card (automatic),91.84,2029.78,No
4017-VFQUV,Female,0,Yes,No,1,Yes,No,Fiber optic,No,No,No,No,Yes,Yes,Two year,No,Electronic check,94.35,105.74,Yes
4196-QUSRK,Female,0,Yes,No,4,Yes,Yes,No,No internet service,No internet service,No internet service,No internet service,No internet service,No internet service,Month-to-month,Yes,Mailed check,32.35,131.3,No
3999-GJGEL,Female,0,No,No,72,Yes,Yes,Fiber optic,Yes,No,Yes,No,No,Yes,Month-to-month,Yes,Mailed check,85.92,6187.93,No
6679-YURCT,Male,0,No,No,23,Yes,Yes,Fiber optic,No,No,Yes,No,No,No,Two year,Yes,Credit card (automatic),79.29,1817.21,No
4598-EMSLW,Male,0,No,No,3,Yes,No,No,No internet service,No internet service,No internet service,No internet service,No internet service,No internet service,Two year,Yes,Mailed check,23.6,66.46,No
8636-EFGZJ,Female,0,No,Yes,19,No,No phone service,Fiber optic,No,No,No,No,Yes,No,One year,No,Mailed check,77.21,1478.35,No
7127-HIDUU,Female,1,Yes,No,6,Yes,Yes,No,No internet service,No internet service,No internet service,No internet service,No internet service,No internet service,Two year,Yes,Bank transfer (automatic),23.39,139.08,Yes
9166-OUCQK,Female,0,Yes,No,72,Yes,No,DSL,No,No,No,Yes,No,Yes,Month-to-month,No,Mailed check,62.8,4527.88,No
9484-YJOND,Female,0,No,No,11,Yes,No,Fiber optic,No,Yes,No,Yes,No,Yes,Month-to-month,Yes,Mailed check,97.27,1079.88,Yes
9787-BLAXT,Female,0,No,No,3,Yes,Yes,No,No internet service,No internet service,No internet service,No internet service,No internet service,No internet service,One year,No,Mailed check,20.47,60.38,No
7852-FXKHG,Male,0,No,Yes,22,Yes,No,Fiber optic,No,Yes,No,No,Yes,Yes,Two year,Yes,Electronic check,103.85,2293.99,No
8971-FPTON,Female,0,Yes,No,3,Yes,No,No,No internet service,No internet service,No internet service,No internet service,No internet service,No internet service,One year,No,Credit card (automatic),27.1,87.81,No
8062-LLPOM,Male,0,No,No,17,Yes,No,No,No internet service,No internet service,No internet service,No internet service,No internet service,No internet service,One year,Yes,Electronic check,29.78,516.52,No
9554-QUONJ,Female,1,Yes,Yes,45,Yes,No,No,No internet service,No internet service,No internet service,No internet service,No internet service,No internet service,Month-to-month,Yes,Bank transfer (automatic),19.09,857.7,No
8147-POJDW,Male,0,Yes,Yes,10,Yes,Yes,DSL,No,No,Yes,No,No,No,Month-to-month,Yes,Electronic check,58.67,581.9,Yes
1092-IUTIU,Female,0,Yes,No,15,Yes,Yes,No,No internet service,No internet service,No internet service,No internet service,No internet service,No internet service,Month-to-month,No,Electronic check,31.07,461.74,No
6688-XTKKG,Female,0,Yes,Yes,2,Yes,No,Fiber optic,No,No,No,No,Yes,Yes,Month-to-month,No,Bank transfer (automatic),84.25,179.87,No
4956-JDEEK,Male,1,Yes,No,24,Yes,Yes,DSL,No,No,No,No,No,No,One year,Yes,Mailed check,49.0,1173.65,No
7875-PIVDB,Male,0,Yes,Yes,2,Yes,No,Fiber optic,Yes,Yes,No,No,No,No,Month-to-month,Yes,Bank transfer (automatic),87.86,173.35,No
7125-CRUFK,Male,0,No,No,9,Yes,No,No,No internet service,No internet service,No internet service,No internet service,No internet service,No internet service,Month-to-month,Yes,Electronic check,28.53,272.17,No
7900-RLEIT,Female,1,No,No,44,Yes,No,Fiber optic,No,No,Yes,No,No,No,Month-to-month,No,Credit card (automatic),81.91,3603.45,Yes
8496-DQQWW,Female,0,Yes,No,3,Yes,No,Fiber optic,Yes,No,Yes,No,No,Yes,Month-to-month,No,Mailed check,94.2,256.3,No
4176-IEOOC,Female,0,Yes,Yes,44,Yes,Yes,Fiber optic,No,No,No,No,No,No,Two year,No,Mailed check,73.19,3218.15,No
1722-CFDXM,Female,0,No,No,23,Yes,No,No,No internet service,No internet service,No internet service,No internet service,No internet service,No internet service,Month-to-month,Yes,Electronic check,28.24,649.12,No
1330-EAIQV,Male,0,No,No,3,Yes,No,Fiber optic,No,No,No,No,Yes,No,Month-to-month,Yes,Electronic check,83.97,264.12,No
8232-COZUZ,Male,0,No,No,4,Yes,No,DSL,No,Yes,No,No,Yes,Yes,Month-to-month,Yes,Bank transfer (automatic),70.71,270.07,No
6611-YVOIX,Male,0,No,No,26,Yes,No,Fiber optic,Yes,Yes,Yes,No,Yes,No,Two year,Yes,Mailed check,94.01,2447.02,No
1329-TIOWU,Male,0,Yes,No,31,No,No phone service,DSL,Yes,No,Yes,No,Yes,Yes,Month-to-month,No,Bank transfer (automatic),77.25,2391.78,No
2793-ZSNHF,Male,0,No,No,25,Yes,Yes,Fiber optic,No,No,No,Yes,No,No,Month-to-month,Yes,Electronic check,83.66,2094.85,No
7170-ONUAK,Male,0,No,No,30,Yes,Yes,Fiber optic,Yes,Yes,No,Yes,No,No,One year,Yes,Bank transfer (automatic),90.74,2725.75,No
9411-YCSRT,Male,0,No,No,10,Yes,Yes,Fiber optic,No,Yes,No,No,No,No,Month-to-month,No,Bank transfer (automatic),81.78,816.68,Yes
6691-BYZGH,Female,0,No,Yes,0,Yes,No,Fiber optic,No,Yes,Yes,Yes,Yes,Yes,Two year,Yes,Electronic check,102.84, ,No
9437-OJVAF,Female,0,Yes,Yes,18,Yes,Yes,DSL,Yes,Yes,No,Yes,No,No,One year,Yes,Electronic check,62.01,1124.11,No
6247-MNCKC,Male,0,Yes,No,21,No,No phone service,DSL,No,No,No,No,No,Yes,Month-to-month,Yes,Credit card (automatic),51.53,1070.68,Yes
2417-OKOZX,Male,1,Yes,Yes,27,Yes,No,Fiber optic,No,Yes,No,No,Yes,No,Month-to-month,No,Electronic check,81.01,2193.12,Yes
8391-EDMIY,Female,0,Yes,No,6,Yes,Yes,No,No internet service,No internet service,No internet service,No internet service,No internet service,No internet service,One year,No,Bank transfer (automatic),21.43,111.15,No
9289-XEPGA,Male,0,No,No,4,Yes,No,Fiber optic,No,No,No,No,No,Yes,Two year,No,Electronic check,80.27,309.27,No
7393-LUKLS,Female,0,No,No,42,Yes,Yes,No,No internet service,No internet service,No internet service,No internet service,No internet service,No internet service,One year,No,Bank transfer (automatic),18.25,761.41,No
2721-LLNBB,Female,0,No,No,44,Yes,Yes,DSL,No,No,No,Yes,Yes,Yes,Month-to-month,Yes,Bank transfer (automatic),78.18,3432.43,No
2816-DTWZP,Male,0,Yes,No,72,Yes,No,DSL,No,No,Yes,Yes,No,No,Month-to-month,Yes,Electronic check,61.12,4414.89,No
4849-MBCSF,Female,0,No,No,9,Yes,Yes,DSL,Yes,Yes,No,No,Yes,Yes,Month-to-month,Yes,Electronic check,78.39,686.6,Yes
3322-UTSHN,Female,0,Yes,No,1,No,No phone service,No,No internet service,No internet service,No internet service,No internet service,No internet service,No internet service,Month-to-month,Yes,Credit card (automatic),24.02,22.07,No
6660-OWWRN,Female,0,Yes,No,15,Yes,Yes,Fiber optic,No,Yes,No,No,Yes,No,Month-to-month,Yes,Bank transfer (automatic),93.85,1418.1,Yes
2563-ZJODW,Male,0,No,No,15,Yes,No,DSL,Yes,No,Yes,Yes,No,No,Month-to-month,Yes,Electronic check,54.76,818.46,No
1321-CGWPJ,Male,0,Yes,No,0,Yes,Yes,No,No internet service,No internet service,No internet service,No internet service,No internet service,No internet service,Two year,No,Mailed check,27.03, ,No
6604-WTMMK,Female,0,No,Yes,20,Yes,No,Fiber optic,No,No,No,No,Yes,No,Month-to-month,Yes,Credit card (automatic),77.06,1535.22,No
6002-POQVR,Male,0,Yes,Yes,7,Yes,Yes,Fiber optic,No,No,No,No,Yes,Yes,Month-to-month,Yes,Mailed check,92.1,626.99,No
3514-DVVWE,Female,0,Yes,No,3,Yes,No,No,No internet service,No internet service,No internet service,No internet service,No internet service,No internet service,Month-to-month,Yes,Mailed check,18.25,45.85,Yes
5646-BALJH,Female,0,No,No,22,Yes,Yes,Fiber optic,No,No,No,Yes,Yes,No,Month-to-month,No,Electronic check,87.36,1934.99,No
1352-LBJVQ,Male,0,Yes,No,7,No,No phone service,Fiber optic,No,Yes,Yes,No,Yes,Yes,One year,Yes,Bank transfer (automatic),99.28,688.01,Yes
3502-LHTLC,Female,0,Yes,No,19,Yes,No,Fiber optic,Yes,No,No,No,No,Yes,One year,Yes,Credit card (automatic),90.64,1733.53,Yes
1976-IJVFY,Female,1,Yes,No,0,Yes,No,No,No internet service,No internet service,No internet service,No internet service,No internet service,No internet service,Two year,Yes,Mailed check,18.67, ,No
1107-EMOVK,Female,0,Yes,No,10,No,No phone service,Fiber optic,No,No,Yes,Yes,Yes,Yes,One year,Yes,Bank transfer (automatic),96.94,957.08,No
6543-EBLBZ,Female,0,Yes,Yes,48,No,No phone service,DSL,No,No,No,Yes,Yes,Yes,Month-to-month,No,Credit card (automatic),70.67,3399.66,No
1559-UCJSH,Female,0,No,No,25,Yes,No,DSL,Yes,Yes,No,No,No,No,Month-to-month,Yes,Mailed check,61.21,1522.76,No
4046-ALEPY,Female,0,No,Yes,48,Yes,No,DSL,No,Yes,No,Yes,Yes,No,Month-to-month,No,Mailed check,63.95,3079.06,Yes
6411-QXUBL,Female,1,No,No,32,No,No phone service,Fiber optic,No,No,Yes,No,No,No,Month-to-month,No,Credit card (automatic),79.36,2542.51,No
2760-LLLSY,Male,0,Yes,No,30,Yes,Yes,Fiber optic,No,Yes,Yes,No,Yes,Yes,Two year,Yes,Mailed check,104.02,3136.97,No
6040-TXXZK,Male,0,No,No,48,Yes,No,DSL,Yes,Yes,No,No,Yes,Yes,Month-to-month,Yes,Bank transfer (automatic),77.32,3701.29,No
1602-HJHTH,Female,0,No,Yes,0,No,No phone service,Fiber optic,No,No,No,No,Yes,Yes,Month-to-month,Yes,Bank transfer (automatic),98.57, ,Yes
8963-BYKHM,Male,0,No,No,13,Yes,No,No,No internet service,No internet service,No internet service,No internet service,No internet service,No internet service,Month-to-month,Yes,Mailed check,28.62,365.54,No
9916-OCWNO,Female,1,No,No,72,Yes,No,Fiber optic,No,Yes,No,Yes,No,Yes,Two year,Yes,Bank transfer (automatic),96.96,6988.59,No
2665-SLYTD,Female,0,No,No,4,Yes,Yes,No,No internet service,No internet service,No internet service,No internet service,No internet service,No internet service,Month-to-month,No,Bank transfer (automatic),29.81,117.69,Yes
3808-OSBLE,Female,0,No,No,25,No,No phone service,Fiber optic,No,Yes,Yes,No,No,No,Month-to-month,Yes,Credit card (automatic),80.84,2010.93,No
7096-NVJCD,Female,1,No,No,37,Yes,No,DSL,No,Yes,No,Yes,No,Yes,Month-to-month,No,Credit card (automatic),65.36,2426.19,No
9823-YVPGO,Male,0,Yes,Yes,65,Yes,No,No,No internet service,No internet service,No internet service,No internet service,No internet service,No internet service,One year,Yes,Mailed check,27.72,1797.31,No
5317-UYTZK,Female,0,Yes,No,49,Yes,No,No,No internet service,No internet service,No internet service,No internet service,No internet service,No internet service,Month-to-month,Yes,Mailed check,28.47,1399.99,No
7805-UAEMU,Female,0,No,Yes,27,Yes,No,Fiber optic,No,No,No,No,Yes,Yes,Month-to-month,No,Credit card (automatic),86.8,2341.99,No
3952-QOUGV,Male,0,Yes,Yes,29,Yes,Yes,No,No internet service,No internet service,No internet service,No internet service,No internet service,No internet service,Month-to-month,No,Electronic check,34.57,1002.16,No
5799-WFUPZ,Male,0,Yes,No,10,Yes,Yes,Fiber optic,No,Yes,Yes,No,Yes,No,Month-to-month,Yes,Electronic check,91.82,921.98,Yes
9776-NHNLJ,Male,0,No,No,6,Yes,No,DSL,No,No,No,No,No,Yes,One year,Yes,Bank transfer (automatic),55.39,335.92,No
2245-TTZUM,Male,0,Yes,Yes,72,Yes,No,No,No internet service,No internet service,No internet service,No internet service,No internet service,No internet service,Month-to-month,Yes,Electronic check,30.8,2219.09,No
1540-SOHWU,Male,1,Yes,Yes,72,No,No phone service,DSL,No,Yes,No,No,No,No,Two year,Yes,Bank transfer (automatic),51.45,3689.48,No
5062-UCZEP,Male,0,Yes,No,13,Yes,No,No,No internet service,No internet service,No internet service,No internet service,No internet service,No internet service,One year,Yes,Credit card (automatic),26.94,348.96,No
8013-ZTTPX,Female,0,Yes,No,12,Yes,Yes,DSL,Yes,Yes,No,No,Yes,No,One year,No,Bank transfer (automatic),76.2,914.18,No
8635-ORAZS,Female,0,No,Yes,14,Yes,No,Fiber optic,No,No,No,No,Yes,No,One year,Yes,Electronic check,87.22,1212.88,No
8399-FLGRV,Male,0,No,Yes,14,Yes,No,No,No internet service,No internet service,No internet service,No internet service,No internet service,No internet service,One year,Yes,Electronic check,30.04,432.01,No
5717-HXTVN,Male,0,No,No,44,Yes,Yes,No,No internet service,No internet service,No internet service,No internet service,No internet service,No internet service,One year,Yes,Electronic check,20.78,920.47,No
3180-IHBPM,Female,0,Yes,No,13,Yes,No,No,No internet service,No internet service,No internet service,No internet service,No internet service,No internet service,Month-to-month,No,Electronic check,23.75,316.27,No
4270-PGNNL,Male,0,Yes,No,51,Yes,No,DSL,Yes,No,Yes,No,No,No,Month-to-month,Yes,Credit card (automatic),58.7,2979.56,No
1288-ALTUO,Male,0,Yes,No,28,No,No phone service,Fiber optic,No,Yes,No,Yes,No,Yes,Two year,No,Mailed check,81.67,2288.02,No
2183-PCGXV,Male,0,Yes,No,72,Yes,Yes,No,No internet service,No internet service,No internet service,No internet service,No internet service,No internet service,Month-to-month,Yes,Electronic check,28.04,2008.17,No
7213-PXHWV,Female,0,No,No,26,Yes,Yes,DSL,Yes,No,No,No,No,Yes,Two year,No,Bank transfer (automatic),70.72,1839.64,No
3377-PKMFX,Male,0,Yes,Yes,12,Yes,Yes,Fiber optic,Yes,Yes,Yes,No,Yes,No,One year,Yes,Credit card (automatic),87.55,1047.23,No
6600-USLXF,Female,0,Yes,No,60,Yes,No,DSL,No,No,No,No,Yes,No,Month-to-month,No,Electronic check,62.28,3749.1,Yes
3365-RMGWM,Female,0,Yes,Yes,6,Yes,Yes,Fiber optic,No,No,Yes,Yes,Yes,Yes,Two year,Yes,Bank transfer (automatic),103.23,624.37,No
1372-HUQIT,Female,0,Yes,No,72,No,No phone service,DSL,Yes,No,Yes,No,No,Yes,One year,Yes,Electronic check,74.95,5390.31,Yes
6772-BDYBD,Male,1,No,Yes,1,Yes,No,DSL,No,No,Yes,No,Yes,No,Month-to-month,No,Mailed check,73.26,98.96,Yes
1530-JRYUJ,Male,1,Yes,No,24,Yes,No,Fiber optic,No,No,Yes,No,Yes,No,Month-to-month,Yes,Electronic check,91.51,2204.11,Yes
6156-QVMWQ,Female,0,Yes,No,0,Yes,Yes,No,No internet service,No internet service,No internet service,No internet service,No internet service,No internet service,Two year,Yes,Credit card (automatic),27.75, ,No
8432-XLNNH,Female,0,Yes,No,5,Yes,No,Fiber optic,No,No,No,No,No,Yes,Two year,No,Credit card (automatic),76.38,383.24,No
2142-ESNIG,Male,0,Yes,No,14,Yes,No,Fiber optic,Yes,No,No,No,No,Yes,Month-to-month,Yes,Bank transfer (automatic),100.23,1407.6,Yes
1762-ZZHNV,Female,0,Yes,No,4,Yes,Yes,Fiber optic,No,No,No,No,No,No,Two year,Yes,Electronic check,67.78,269.64,Yes
1557-KNUHC,Male,0,No,No,72,Yes,Yes,No,No internet service,No internet service,No internet service,No internet service,No internet service,No internet service,Month-to-month,Yes,Credit card (automatic),25.03,1804.77,No
9348-WRCML,Female,1,No,No,35,Yes,No,DSL,No,No,Yes,No,No,Yes,Month-to-month,No,Mailed check,61.73,2150.32,No
2137-EGKZK,Male,0,Yes,Yes,45,Yes,No,Fiber optic,Yes,No,No,No,Yes,No,Two year,Yes,Mailed check,89.42,4032.48,No
6434-OJOMN,Male,0,Yes,Yes,72,Yes,No,DSL,No,Yes,No,Yes,No,Yes,Two year,Yes,Bank transfer (automatic),63.42,4579.89,No
3160-MJYAA,Female,1,No,Yes,26,Yes,No,No,No internet service,No internet service,No internet service,No internet service,No internet service,No internet service,One year,Yes,Bank transfer (automatic),21.22,548.62,No
3063-LZXFF,Female,0,No,No,7,Yes,No,DSL,No,No,Yes,No,No,No,One year,Yes,Electronic check,53.35,389.41,No
3667-YODXD,Male,0,Yes,No,33,Yes,Yes,Fiber optic,No,No,Yes,Yes,No,No,Month-to-month,Yes,Electronic check,86.77,2858.69,Yes
9609-XLGTI,Female,0,Yes,No,21,No,No phone service,DSL,No,No,No,No,No,No,Month-to-month,Yes,Electronic check,35.73,743.58,No
5798-IHNAW,Female,0,Yes,No,7,Yes,No,No,No internet service,No internet service,No internet service,No internet service,No internet service,No internet service,Month-to-month,No,Electronic check,25.67,184.22,Yes
3068-WLYBM,Female,0,No,No,10,Yes,Yes,No,No internet service,No internet service,No internet service,No internet service,No internet service,No internet service,Month-to-month,Yes,Credit card (automatic),22.03,221.48,No
2786-DTRSP,Male,0,No,No,22,Yes,Yes,Fiber optic,No,Yes,Yes,Yes,No,No,One year,No,Electronic check,90.71,1990.61,No
9269-HLIFZ,Female,0,No,No,12,Yes,Yes,DSL,No,No,No,No,No,No,Month-to-month,Yes,Credit card (automatic),47.22,564.13,No
5861-QYLQM,Female,0,Yes,No,6,Yes,No,No,No internet service,No internet service,No internet service,No internet service,No internet service,No internet service,One year,No,Electronic check,18.25,104.18,No
8919-YEYPY,Female,0,No,Yes,13,Yes,No,No,No internet service,No internet service,No internet service,No internet service,No internet service,No internet service,Month-to-month,Yes,Credit card (automatic),36.0,472.41,No
1938-QZWNF,Female,0,No,No,6,Yes,No,DSL,No,Yes,Yes,No,Yes,No,Month-to-month,Yes,Electronic check,66.7,403.91,Yes
8128-WKLMD,Male,0,Yes,No,49,Yes,Yes,Fiber optic,No,No,No,Yes,No,Yes,Month-to-month,No,Bank transfer (automatic),85.98,4200.7,Yes
2126-BFFRT,Female,1,No,No,28,Yes,Yes,No,No internet service,No internet service,No internet service,No internet service,No internet service,No internet service,One year,Yes,Mailed check,33.97,941.01,Yes
5135-HHHAB,Male,0,No,No,11,Yes,Yes,Fiber optic,No,Yes,Yes,No,Yes,Yes,One year,Yes,Electronic check,104.64,1141.57,No
3283-ODYCN,Male,0,Yes,No,69,Yes,Yes,Fiber optic,No,No,Yes,Yes,No,No,Month-to-month,Yes,Bank transfer (automatic),81.55,5623.33,No
4093-WHMWS,Female,0,Yes,No,11,Yes,No,Fiber optic,No,No,No,No,No,Yes,Month-to-month,No,Credit card (automatic),86.66,965.46,No
7227-APWXB,Female,0,Yes,No,20,Yes,Yes,Fiber optic,No,No,No,Yes,Yes,No,One year,Yes,Electronic check,87.01,1751.33,No
3340-DBJVE,Male,0,No,No,17,Yes,Yes,No,No internet service,No internet service,No internet service,No internet service,No internet service,No internet service,Two year,Yes,Bank transfer (automatic),18.25,298.52,No
8145-WVOIK,Female,0,No,Yes,3,Yes,No,Fiber optic,No,Yes,Yes,Yes,No,Yes,Two year,No,Mailed check,89.99,274.1,No
3160-UIWPF,Female,0,Yes,Yes,13,Yes,Yes,Fiber optic,No,Yes,No,No,No,Yes,Month-to-month,Yes,Bank transfer (automatic),84.03,1099.55,No
3922-WQDOA,Male,0,Yes,No,1,Yes,No,DSL,No,No,No,No,No,No,Month-to-month,No,Bank transfer (automatic),55.64,59.67,Yes
9093-TAILD,Female,0,No,Yes,4,No,No phone service,No,No internet service,No internet service,No internet service,No internet service,No internet service,No internet service,Month-to-month,Yes,Credit card (automatic),25.37,78.6,Yes
7395-VMGHM,Female,1,Yes,No,37,Yes,No,Fiber optic,No,No,Yes,No,No,No,Month-to-month,Yes,Electronic check,83.63,3110.03,No
5970-IYXPJ,Female,0,Yes,No,8,Yes,No,Fiber optic,No,No,No,Yes,No,No,One year,No,Electronic check,75.91,631.19,No
3939-NSLRU,Male,0,Yes,Yes,2,Yes,No,Fiber optic,Yes,Yes,Yes,No,Yes,Yes,Two year,No,Bank transfer (automatic),104.51,210.5,No
8074-ASDWP,Female,0,Yes,No,30,Yes,Yes,DSL,Yes,Yes,Yes,No,Yes,No,Month-to-month,Yes,Credit card (automatic),78.1,2336.58,Yes
3366-LUUMQ,Male,0,No,No,38,Yes,No,Fiber optic,No,No,No,No,No,Yes,Two year,Yes,Electronic check,87.86,3329.83,No
2614-LQYOB,Male,0,Yes,Yes,20,Yes,No,Fiber optic,Yes,No,No,No,Yes,No,Month-to-month,Yes,Electronic check,84.65,1706.22,No
4653-QPQYT,Male,0,Yes,No,59,Yes,Yes,DSL,Yes,No,No,Yes,Yes,No,Month-to-month,Yes,Credit card (automatic),72.02,4244.92,No
6733-XNQYS,Female,1,No,No,45,Yes,Yes,No,No internet service,No internet service,No internet service,No internet service,No internet service,No internet service,Month-to-month,No,Bank transfer (automatic),22.53,1006.59,Yes
5364-NFFAN,Female,0,No,No,19,No,No phone service,DSL,No,No,Yes,No,No,Yes,Month-to-month,Yes,Mailed check,50.4,960.74,No
9841-SSSWD,Male,1,Yes,No,32,Yes,Yes,Fiber optic,Yes,Yes,Yes,Yes,Yes,No,Month-to-month,No,Credit card (automatic),101.38,3231.89,Yes
1595-SJYBD,Male,0,Yes,Yes,9,Yes,No,Fiber optic,No,No,Yes,No,No,Yes,Month-to-month,No,Electronic check,93.62,832.11,No
6879-FGPGR,Female,0,Yes,No,24,Yes,No,DSL,No,No,Yes,No,No,No,Month-to-month,No,Electronic check,48.8,1174.93,Yes
1947-ZZVSI,Female,0,No,Yes,72,Yes,No,Fiber optic,Yes,No,No,Yes,Yes,Yes,One year,Yes,Bank transfer (automatic),107.65,7741.8,No
6651-JMRPV,Male,1,No,Yes,38,Yes,Yes,DSL,Yes,No,Yes,Yes,Yes,No,Two year,Yes,Bank transfer (automatic),71.87,2713.17,No
2104-VMLJA,Female,0,No,No,11,Yes,Yes,DSL,No,No,No,Yes,No,Yes,Month-to-month,No,Electronic check,63.16,703.57,Yes
8069-HUVRB,Male,0,Yes,Yes,64,Yes,No,DSL,Yes,Yes,Yes,No,No,Yes,One year,No,Credit card (automatic),67.12,4305.08,No
1171-ICVZU,Male,0,Yes,Yes,41,Yes,No,Fiber optic,No,No,No,No,Yes,No,Two year,Yes,Credit card (automatic),82.5,3372.38,No
2885-DZBHJ,Female,0,No,No,0,Yes,Yes,DSL,No,No,Yes,No,Yes,No,Two year,No,Electronic check,71.6, ,No
1815-WKRVN,Female,0,Yes,No,32,Yes,Yes,Fiber optic,No,No,No,Yes,Yes,Yes,Month-to-month,Yes,Electronic check,97.71,3115.93,No
4239-WOQUR,Female,0,No,Yes,72,Yes,No,Fiber optic,No,Yes,No,No,Yes,Yes,Month-to-month,Yes,Bank transfer (automatic),98.56,7105.43,No
9031-FWNWC,Male,0,Yes,No,9,Yes,No,Fiber optic,No,Yes,No,No,No,No,One year,Yes,Electronic check,71.99,627.81,No
9998-OUXPP,Female,0,Yes,Yes,7,Yes,Yes,DSL,No,Yes,No,No,Yes,No,Two year,Yes,Mailed check,66.74,453.83,No
4909-BVMLO,Female,0,No,No,24,Yes,Yes,Fiber optic,No,No,No,Yes,No,No,One year,No,Electronic check,74.85,1810.51,No
4066-IBQEK,Male,0,Yes,No,2,Yes,No,No,No internet service,No internet service,No internet service,No internet service,No internet service,No internet service,Two year,Yes,Bank transfer (automatic),20.27,47.73,No
4442-XGBPL,Male,0,No,No,26,Yes,Yes,DSL,No,No,Yes,Yes,Yes,No,Month-to-month,Yes,Mailed check,72.19,1884.31,No
6374-AYMWF,Female,0,No,No,6,Yes,No,DSL,No,Yes,No,No,Yes,No,Two year,Yes,Credit card (automatic),57.45,341.94,No
3655-MRCAO,Female,0,No,Yes,14,Yes,No,DSL,Yes,No,No,No,No,No,Month-to-month,No,Mailed check,50.15,715.74,No
1825-MEYMV,Male,0,Yes,Yes,53,Yes,No,DSL,Yes,Yes,Yes,No,Yes,No,Two year,No,Mailed check,71.38,3784.21,No
1443-SUXRU,Male,0,No,No,38,Yes,Yes,DSL,No,No,Yes,Yes,No,Yes,Month-to-month,No,Credit card (automatic),67.08,2535.43,No
4465-XHOUY,Female,0,Yes,No,2,Yes,Yes,Fiber optic,Yes,No,Yes,Yes,Yes,No,One year,No,Bank transfer (automatic),104.83,214.95,No
6747-YWVDB,Female,0,Yes,No,34,Yes,No,Fiber optic,No,Yes,No,No,Yes,Yes,Month-to-month,No,Credit card (automatic),99.52,3397.85,Yes
5215-FCGJW,Male,0,No,No,12,No,No phone service,Fiber optic,Yes,No,No,Yes,No,No,Month-to-month,Yes,Electronic check,81.94,995.75,Yes
4909-PBXQM,Female,0,No,Yes,72,Yes,No,Fiber optic,Yes,No,Yes,Yes,Yes,No,Month-to-month,Yes,Bank transfer (automatic),94.88,6843.9,No
4648-FEYMW,Male,0,No,No,8,Yes,Yes,Fiber optic,Yes,No,No,No,No,No,Month-to-month,No,Mailed check,78.18,605.74,No
6212-LGOCP,Male,0,No,No,15,Yes,No,Fiber optic,No,No,No,No,No,Yes,Two year,Yes,Credit card (automatic),84.16,1260.96,No
3368-PXLSH,Female,0,No,No,10,Yes,No,Fiber optic,Yes,Yes,No,Yes,Yes,Yes,Month-to-month,Yes,Electronic check,105.44,1054.53,Yes
4691-OBQGM,Female,0,No,No,21,Yes,Yes,DSL,Yes,No,No,Yes,No,Yes,Month-to-month,Yes,Credit card (automatic),68.42,1429.56,No
5255-AFMKJ,Male,0,Yes,No,7,Yes,Yes,Fiber optic,Yes,No,No,Yes,No,No,Month-to-month,No,Electronic check,87.92,617.61,Yes
6487-ZXWTQ,Male,0,Yes,No,58,Yes,Yes,Fiber optic,No,No,No,Yes,No,No,Month-to-month,Yes,Bank transfer (automatic),85.3,4941.02,Yes
9621-TJNAK,Male,0,Yes,No,23,Yes,Yes,DSL,No,No,Yes,Yes,No,Yes,Month-to-month,No,Bank transfer (automatic),70.86,1608.29,No
6273-WRPRH,Female,0,No,No,68,Yes,Yes,DSL,Yes,No,No,No,Yes,Yes,Month-to-month,Yes,Electronic check,67.31,4569.47,Yes
3249-ZJEJR,Male,0,No,No,27,Yes,No,Fiber optic,No,No,No,Yes,No,Yes,Month-to-month,Yes,Electronic check,92.29,2497.7,No
1532-XFCHI,Male,0,No,Yes,4,Yes,Yes,No,No internet service,No internet service,No internet service,No internet service,No internet service,No internet service,Two year,Yes,Bank transfer (automatic),24.1,99.31,No
8292-BBGQJ,Male,0,No,No,0,Yes,No,DSL,Yes,No,No,Yes,Yes,No,Month-to-month,No,Electronic check,61.63, ,No
5649-TADML,Female,0,Yes,No,12,Yes,Yes,DSL,No,No,No,No,No,No,One year,Yes,Mailed check,45.0,546.88,No
8849-OEYQE,Male,0,Yes,No,72,Yes,No,DSL,No,Yes,Yes,No,No,Yes,Two year,No,Electronic check,61.1,4408.47,No
5370-NHQCJ,Female,0,No,Yes,50,Yes,Yes,DSL,No,No,No,No,Yes,Yes,Month-to-month,Yes,Electronic check,64.43,3222.57,No
8632-KHAMU,Female,0,No,No,45,Yes,Yes,No,No internet service,No internet service,No internet service,No internet service,No internet service,No internet service,One year,No,Electronic check,23.71,1066.08,No
4718-NEXKQ,Male,0,Yes,No,20,Yes,Yes,No,No internet service,No internet service,No internet service,No internet service,No internet service,No internet service,Two year,No,Electronic check,18.68,377.05,No
3276-TCEZO,Male,0,No,No,2,Yes,No,No,No internet service,No internet service,No internet service,No internet service,No internet service,No internet service,Month-to-month,Yes,Mailed check,25.59,39.58,Yes
1306-PHMPC,Male,0,No,Yes,0,Yes,Yes,No,No internet service,No internet service,No internet service,No internet service,No internet service,No internet service,Month-to-month,No,Electronic check,37.71, ,Yes
7336-IIVZQ,Female,0,Yes,No,43,Yes,Yes,Fiber optic,Yes,No,No,No,Yes,Yes,Month-to-month,Yes,Credit card (automatic),97.35,4190.6,Yes
1951-BIXSM,Male,0,No,No,4,Yes,Yes,Fiber optic,No,No,No,No,No,Yes,Month-to-month,Yes,Electronic check,83.82,339.17,Yes
5008-MAYOD,Female,0,Yes,No,1,Yes,No,Fiber optic,Yes,Yes,Yes,No,Yes,Yes,One year,Yes,Bank transfer (automatic),103.02,87.83,No
5030-TJYFX,Female,0,Yes,Yes,29,Yes,Yes,DSL,No,Yes,No,No,No,Yes,One year,Yes,Electronic check,66.66,1947.83,No
4723-TPCNA,Female,0,Yes,No,0,Yes,No,Fiber optic,No,Yes,No,No,No,Yes,Two year,No,Credit card (automatic),77.43, ,No
3398-OGDNX,Female,0,No,No,32,Yes,Yes,Fiber optic,No,Yes,No,Yes,Yes,Yes,Month-to-month,No,Electronic check,97.86,3126.59,No
4695-NCQUN,Female,0,Yes,Yes,5,Yes,No,Fiber optic,No,Yes,Yes,No,Yes,No,Month-to-month,Yes,Electronic check,98.16,490.08,Yes
9561-CVSCL,Female,1,Yes,Yes,9,Yes,No,DSL,No,Yes,Yes,No,Yes,Yes,Month-to-month,Yes,Electronic check,70.36,626.77,No
1949-EJIAM,Male,0,No,No,4,Yes,Yes,No,No internet service,No internet service,No internet service,No internet service,No internet service,No internet service,Month-to-month,Yes,Electronic check,22.56,88.77,Yes
1354-SKPFX,Male,0,Yes,No,36,No,No phone service,Fiber optic,No,No,No,No,No,No,Month-to-month,Yes,Credit card (automatic),63.97,2294.13,No
7994-FHVML,Female,0,No,Yes,15,Yes,No,Fiber optic,No,No,No,Yes,No,No,Month-to-month,Yes,Electronic check,80.9,1221.47,Yes
6821-JCDAM,Female,0,No,No,4,Yes,Yes,DSL,No,No,Yes,No,No,No,Two year,No,Electronic check,51.56,210.63,No
5919-DVKSK,Male,0,Yes,No,0,Yes,Yes,DSL,Yes,Yes,No,No,Yes,Yes,One year,No,Electronic check,68.95, ,No
3827-KFLIY,Male,0,Yes,No,72,Yes,Yes,DSL,No,Yes,No,Yes,Yes,No,Month-to-month,Yes,Credit card (automatic),65.69,4738.79,No
7505-CCTWP,Male,0,Yes,No,30,Yes,No,No,No internet service,No internet service,No internet service,No internet service,No internet service,No internet service,Two year,No,Bank transfer (automatic),19.26,579.17,No
5802-JXKHF,Male,1,No,No,27,Yes,Yes,Fiber optic,No,No,No,Yes,No,Yes,Two year,Yes,Bank transfer (automatic),91.56,2460.29,No
5883-KULPR,Female,0,Yes,No,16,Yes,Yes,DSL,No,Yes,Yes,No,No,Yes,Two year,Yes,Bank transfer (automatic),67.16,1067.14,No
3060-VCOVU,Male,0,Yes,No,13,Yes,Yes,Fiber optic,Yes,No,No,Yes,No,Yes,Month-to-month,Yes,Credit card (automatic),102.86,1342.88,No
1158-NEUNY,Female,1,No,No,38,Yes,No,DSL,No,No,Yes,No,Yes,No,Month-to-month,Yes,Bank transfer (automatic),66.61,2538.8,No
8514-HWOOS,Female,0,Yes,No,42,Yes,No,Fiber optic,No,No,No,No,No,Yes,Month-to-month,No,Mailed check,85.59,3599.26,Yes
8257-TFSYH,Male,0,No,No,1,Yes,No,DSL,No,Yes,Yes,No,Yes,No,Two year,Yes,Electronic check,66.42,64.97,No
3419-WOCJO,Male,1,No,No,47,Yes,No,Fiber optic,Yes,Yes,No,Yes,No,No,One year,No,Electronic check,85.98,4053.26,No
7263-PQSKP,Female,1,Yes,No,34,Yes,No,Fiber optic,No,Yes,Yes,No,Yes,Yes,Month-to-month,Yes,Electronic check,97.91,3318.54,Yes
8812-EZNRZ,Female,1,Yes,Yes,15,Yes,Yes,DSL,No,No,No,Yes,No,No,Two year,Yes,Electronic check,63.69,949.26,No
5486-PWNEX,Female,0,Yes,Yes,15,Yes,No,DSL,No,No,No,No,Yes,No,Month-to-month,No,Mailed check,51.68,774.07,No
3179-DPXQO,Female,0,No,No,43,No,No phone service,Fiber optic,No,Yes,No,Yes,No,Yes,Two year,Yes,Electronic check,82.71,3560.19,No
4909-PDFEP,Male,0,Yes,Yes,37,Yes,No,Fiber optic,Yes,Yes,No,No,No,Yes,One year,No,Electronic check,88.61,3276.32,No
8485-YPJID,Male,0,No,Yes,3,Yes,Yes,DSL,No,No,No,No,Yes,Yes,One year,No,Electronic check,67.83,186.59,No
6123-LXJDR,Male,0,Yes,No,19,Yes,No,No,No internet service,No internet service,No internet service,No internet service,No internet service,No internet service,Month-to-month,Yes,Credit card (automatic),27.4,512.68,No
7540-NRAUP,Male,0,Yes,No,72,Yes,No,Fiber optic,No,No,No,No,No,Yes,Month-to-month,No,Mailed check,78.83,5658.78,No
5942-VYEFF,Male,0,Yes,No,31,Yes,No,DSL,No,Yes,No,Yes,No,No,Month-to-month,No,Credit card (automatic),57.63,1779.09,No
5162-PLDAD,Female,0,Yes,No,72,Yes,No,Fiber optic,No,No,No,No,Yes,No,Month-to-month,Yes,Bank transfer (automatic),80.1,5757.92,No
9340-HXEZB,Female,0,Yes,No,35,Yes,No,Fiber optic,No,No,No,No,No,Yes,Two year,No,Bank transfer (automatic),84.03,2958.39,No
1528-GKDEF,Male,0,Yes,No,17,Yes,No,DSL,Yes,Yes,No,Yes,Yes,No,Two year,No,Electronic check,69.82,1197.93,No
7656-YJTXU,Male,0,No,No,22,Yes,No,Fiber optic,Yes,No,Yes,No,No,No,One year,Yes,Electronic check,87.01,1919.78,Yes
6950-QHMTR,Female,0,Yes,Yes,29,Yes,No,Fiber optic,No,No,No,Yes,Yes,Yes,Month-to-month,Yes,Electronic check,102.99,3001.65,Yes
4925-PBERC,Female,0,No,No,31,Yes,No,No,No internet service,No internet service,No internet service,No internet service,No internet service,No internet service,Month-to-month,No,Electronic check,29.3,912.64,No
2242-VQPFS,Male,1,No,No,33,Yes,No,DSL,No,No,Yes,No,No,No,Month-to-month,No,Electronic check,49.88,1623.51,No
7406-RNFHO,Male,0,Yes,Yes,63,Yes,No,Fiber optic,No,No,Yes,No,No,No,One year,No,Bank transfer (automatic),74.33,4697.64,No
2440-KYEEU,Female,0,No,No,8,Yes,Yes,DSL,Yes,Yes,No,Yes,No,Yes,Month-to-month,Yes,Bank transfer (automatic),73.29,593.31,Yes
3945-FNKDX,Male,1,Yes,No,42,Yes,Yes,DSL,No,Yes,Yes,No,Yes,No,Month-to-month,Yes,Bank transfer (automatic),62.5,2640.52,No
9792-IXCZP,Male,0,No,Yes,20,Yes,Yes,DSL,Yes,No,No,No,No,Yes,Month-to-month,No,Mailed check,68.52,1364.56,Yes
3218-DAYUV,Female,0,Yes,Yes,51,Yes,No,No,No internet service,No internet service,No internet service,No internet service,No internet service,No internet service,Month-to-month,Yes,Electronic check,32.25,1637.42,Yes
1143-SPKZH,Female,0,Yes,No,23,Yes,No,Fiber optic,No,No,No,No,No,Yes,One year,Yes,Electronic check,80.26,1847.7,No
9062-WAZUZ,Female,0,No,Yes,65,Yes,No,DSL,Yes,Yes,No,No,No,Yes,Month-to-month,Yes,Electronic check,68.62,4463.58,Yes
7984-LVHZQ,Male,0,Yes,No,13,Yes,No,DSL,Yes,No,Yes,No,Yes,Yes,Two year,Yes,Credit card (automatic),70.66,924.32,No
8078-SYFUX,Female,0,No,No,2,Yes,Yes,Fiber optic,No,No,Yes,No,Yes,No,Month-to-month,Yes,Electronic check,81.82,169.79,Yes
7907-SROBN,Male,0,No,No,24,Yes,No,Fiber optic,Yes,No,No,No,No,Yes,Month-to-month,Yes,Mailed check,80.09,1922.98,No
3612-JPGHJ,Female,0,Yes,Yes,35,Yes,No,DSL,Yes,No,No,No,No,Yes,Month-to-month,Yes,Bank transfer (automatic),77.16,2702.7,No
2902-HMLHO,Male,0,No,No,28,Yes,Yes,Fiber optic,No,Yes,Yes,No,Yes,No,One year,Yes,Credit card (automatic),91.86,2565.85,No
9075-KSNRM,Male,0,Yes,Yes,30,Yes,Yes,DSL,No,No,No,Yes,No,Yes,Month-to-month,No,Bank transfer (automatic),58.09,1741.36,Yes
1830-QSIWG,Female,0,Yes,Yes,0,No,No phone service,Fiber optic,Yes,No,Yes,No,Yes,No,Month-to-month,Yes,Electronic check,89.62, ,No
8878-ZGTGH,Male,0,No,No,72,Yes,No,Fiber optic,No,Yes,No,Yes,No,Yes,Two year,No,Credit card (automatic),93.03,6701.36,No
6455-CMJRG,Male,0,Yes,Yes,7,No,No phone service,Fiber optic,Yes,No,Yes,Yes,Yes,Yes,One year,No,Electronic check,113.85,800.51,No
8380-UEWYX,Female,0,No,No,12,Yes,Yes,No,No internet service,No internet service,No internet service,No internet service,No internet service,No internet service,Month-to-month,No,Credit card (automatic),31.43,364.04,No
3406-YVQDX,Male,0,No,Yes,13,Yes,Yes,No,No internet service,No internet service,No internet service,No internet service,No internet service,No internet service,Month-to-month,No,Bank transfer (automatic),26.06,340.7,No
9367-SJCCQ,Female,1,No,No,56,Yes,Yes,Fiber optic,No,Yes,No,No,Yes,No,One year,Yes,Mailed check,82.07,4588.45,No
5233-QVQUD,Male,0,No,No,32,No,No phone service,Fiber optic,No,Yes,Yes,Yes,No,No,Month-to-month,Yes,Mailed check,84.12,2698.26,Yes
2878-FLYVY,Female,1,Yes,No,23,Yes,Yes,Fiber optic,No,Yes,No,Yes,No,No,Month-to-month,No,Electronic check,96.0,2200.14,No
4952-QJGPM,Female,0,No,No,3,Yes,No,No,No internet service,No internet service,No internet service,No internet service,No internet service,No internet service,Two year,No,Bank transfer (automatic),21.83,61.68,No
5865-PFFMG,Male,0,No,No,9,Yes,No,No,No internet service,No internet service,No internet service,No internet service,No internet service,No internet service,One year,Yes,Credit card (automatic),18.25,194.05,No
7412-YUUPZ,Female,0,Yes,No,16,Yes,Yes,DSL,Yes,No,Yes,No,No,No,Month-to-month,Yes,Mailed check,60.05,966.7,No
2953-ERGKY,Female,0,Yes,No,2,Yes,No,DSL,No,No,Yes,Yes,No,Yes,Month-to-month,Yes,Credit card (automatic),69.56,154.33,No
7840-KVQPM,Male,0,Yes,No,20,No,No phone service,Fiber optic,No,No,No,Yes,No,No,Month-to-month,Yes,Electronic check,73.05,1459.21,No
3389-ETPVV,Female,0,Yes,Yes,5,Yes,Yes,Fiber optic,No,No,No,Yes,Yes,No,Two year,No,Electronic check,95.95,486.43,No
1815-PNFBN,Female,0,No,No,41,Yes,Yes,Fiber optic,No,Yes,No,Yes,Yes,No,Month-to-month,Yes,Credit card (automatic),94.95,3903.66,Yes
6039-WTMOL,Female,0,No,No,42,Yes,No,DSL,No,No,No,Yes,Yes,Yes,Two year,Yes,Mailed check,79.93,3346.91,No
7324-NTYDH,Female,0,Yes,Yes,21,Yes,No,DSL,Yes,No,No,Yes,Yes,No,Two year,No,Credit card (automatic),69.59,1457.53,No
6287-VVPXJ,Male,1,No,Yes,10,Yes,No,Fiber optic,Yes,No,Yes,Yes,No,Yes,Month-to-month,Yes,Electronic check,97.38,977.74,No
7174-UQARJ,Female,0,Yes,No,1,No,No phone service,No,No internet service,No internet service,No internet service,No internet service,No internet service,No internet service,Two year,Yes,Bank transfer (automatic),27.13,28.72,No
8641-UDADD,Female,0,Yes,No,23,Yes,Yes,Fiber optic,No,Yes,No,Yes,Yes,No,Month-to-month,Yes,Electronic check,86.91,2010.05,Yes
1857-DQISM,Female,0,No,No,36,Yes,Yes,Fiber optic,Yes,No,Yes,No,Yes,No,Month-to-month,Yes,Mailed check,92.3,3316.02,No
7147-EMWPV,Male,0,Yes,No,37,Yes,Yes,DSL,Yes,No,No,No,Yes,No,Month-to-month,Yes,Bank transfer (automatic),57.48,2150.74,No
2607-PAWFK,Male,0,Yes,No,15,Yes,Yes,DSL,Yes,No,Yes,Yes,Yes,Yes,Month-to-month,No,Bank transfer (automatic),84.26,1268.69,Yes
4791-GSAIR,Female,0,Yes,No,3,Yes,Yes,Fiber optic,Yes,No,No,No,Yes,Yes,Two year,No,Bank transfer (automatic),102.07,302.82,No
5473-OCXJI,Female,0,No,No,1,No,No phone service,DSL,No,No,No,Yes,Yes,No,Month-to-month,Yes,Electronic check,60.9,62.36,Yes
2186-VWOQN,Male,1,Yes,No,1,No,No phone service,Fiber optic,Yes,No,Yes,No,No,Yes,Month-to-month,No,Bank transfer (automatic),98.75,103.61,Yes
6415-DTXOE,Female,0,No,Yes,6,Yes,Yes,Fiber optic,No,No,No,Yes,Yes,Yes,Month-to-month,Yes,Credit card (automatic),90.82,550.69,Yes
6420-FEQGF,Female,0,No,Yes,3,Yes,No,DSL,Yes,No,No,No,Yes,Yes,Month-to-month,Yes,Mailed check,73.31,215.38,No
3666-GVUHE,Female,1,No,No,4,Yes,No,Fiber optic,Yes,No,Yes,Yes,Yes,No,Month-to-month,Yes,Mailed check,96.26,378.15,No
9785-VPNLQ,Female,0,Yes,No,28,Yes,No,No,No internet service,No internet service,No internet service,No internet service,No internet service,No internet service,Two year,No,Credit card (automatic),26.83,747.06,No
3212-NFOGN,Male,0,No,No,4,Yes,Yes,DSL,Yes,No,No,No,Yes,No,One year,Yes,Electronic check,74.47,315.17,Yes
8601-AFCEL,Male,0,No,Yes,28,Yes,No,No,No internet service,No internet service,No internet service,No internet service,No internet service,No internet service,Month-to-month,Yes,Bank transfer (automatic),37.4,1045.53,No
5862-RQQKT,Male,0,No,No,10,No,No phone service,DSL,Yes,No,No,Yes,No,Yes,Month-to-month,No,Mailed check,66.8,665.29,Yes
9713-PBQVT,Male,0,Yes,No,35,Yes,Yes,Fiber optic,No,Yes,No,Yes,No,No,One year,Yes,Mailed check,91.99,3218.34,No
2513-MLOGV,Male,0,Yes,Yes,4,Yes,No,Fiber optic,No,Yes,No,Yes,Yes,No,Month-to-month,Yes,Mailed check,100.88,408.46,Yes
4124-ZMLLB,Female,1,Yes,No,0,Yes,Yes,Fiber optic,No,No,No,Yes,No,No,Two year,Yes,Bank transfer (automatic),85.69, ,Yes
1824-YBWZT,Male,0,Yes,No,2,Yes,No,DSL,No,No,No,No,Yes,Yes,One year,No,Credit card (automatic),70.61,127.67,No
1492-CKPAS,Female,0,Yes,Yes,72,Yes,No,DSL,No,No,No,No,Yes,Yes,Month-to-month,No,Bank transfer (automatic),69.41,5006.13,No
5682-INIGP,Male,0,No,No,18,Yes,Yes,Fiber optic,No,No,No,No,No,Yes,One year,No,Electronic check,79.96,1436.09,No
5674-SDGWL,Female,0,No,No,22,Yes,Yes,DSL,Yes,Yes,No,Yes,Yes,No,Month-to-month,Yes,Electronic check,71.58,1586.85,Yes
4325-REWWV,Male,0,Yes,No,72,Yes,No,Fiber optic,Yes,Yes,Yes,No,No,Yes,Month-to-month,Yes,Credit card (automatic),99.06,7156.74,No
9722-OACRR,Male,1,No,No,35,Yes,No,DSL,No,Yes,No,Yes,No,Yes,Month-to-month,Yes,Electronic check,78.35,2734.32,No
8965-BEAJT,Female,0,Yes,No,2,Yes,Yes,Fiber optic,No,No,Yes,No,No,Yes,Month-to-month,Yes,Mailed check,84.03,162.26,No
6213-JERUZ,Female,0,No,No,13,Yes,Yes,Fiber optic,No,No,No,No,Yes,No,Month-to-month,Yes,Electronic check,78.46,1024.48,No
1590-THQLU,Female,0,Yes,No,41,Yes,Yes,DSL,No,Yes,No,No,No,Yes,Month-to-month,Yes,Credit card (automatic),57.79,2368.54,No
6981-LZAZZ,Male,0,Yes,Yes,26,Yes,No,Fiber optic,No,No,Yes,No,Yes,Yes,Two year,Yes,Credit card (automatic),99.93,2613.59,No
2379-HAORA,Male,0,Yes,No,5,Yes,No,Fiber optic,No,Yes,Yes,Yes,Yes,Yes,Month-to-month,Yes,Bank transfer (automatic),110.89,554.09,No
2546-WBALP,Female,0,No,No,39,Yes,Yes,DSL,No,No,No,Yes,Yes,Yes,Month-to-month,Yes,Mailed check,70.63,2749.15,No
2385-ROQJC,Male,0,Yes,No,19,Yes,No,No,No internet service,No internet service,No internet service,No internet service,No internet service,No internet service,Month-to-month,Yes,Mailed check,26.57,496.29,No
3233-UPFCI,Female,0,No,No,37,Yes,No,No,No internet service,No internet service,No internet service,No internet service,No internet service,No internet service,Month-to-month,Yes,Mailed check,32.3,1187.21,No
1170-UMRZV,Male,0,No,No,23,Yes,Yes,Fiber optic,No,No,Yes,No,No,Yes,Month-to-month,No,Mailed check,87.31,2016.53,Yes
5122-VDVXH,Female,0,No,No,14,Yes,No,DSL,Yes,No,No,Yes,Yes,Yes,Month-to-month,No,Electronic check,76.02,1045.73,No
6228-JBHFP,Female,0,Yes,No,31,Yes,No,Fiber optic,No,No,Yes,Yes,No,Yes,Two year,No,Electronic check,87.27,2712.55,No
1236-WNZUJ,Male,0,No,Yes,48,Yes,Yes,No,No internet service,No internet service,No internet service,No internet service,No internet service,No internet service,Two year,Yes,Electronic check,27.62,1327.3,No
3423-KMLID,Female,0,Yes,No,15,Yes,No,Fiber optic,No,No,No,No,Yes,Yes,Month-to-month,Yes,Electronic check,91.68,1376.68,No
3940-VBGIE,Male,0,Yes,No,0,Yes,Yes,Fiber optic,No,No,Yes,No,Yes,No,Month-to-month,Yes,Mailed check,92.71, ,No
5942-RDSTZ,Male,0,No,Yes,21,Yes,No,No,No internet service,No internet service,No internet service,No internet service,No internet service,No internet service,Month-to-month,Yes,Credit card (automatic),18.25,383.21,No
7822-ZHQMX,Male,0,No,Yes,2,Yes,No,Fiber optic,No,No,No,No,No,Yes,Month-to-month,No,Mailed check,76.43,145.02,Yes
4446-KABQE,Female,0,Yes,Yes,9,Yes,Yes,Fiber optic,Yes,No,Yes,No,No,No,Month-to-month,Yes,Electronic check,89.52,787.63,Yes
9253-FZYXG,Female,0,No,Yes,19,Yes,No,Fiber optic,Yes,Yes,No,No,No,No,Two year,Yes,Bank transfer (automatic),85.19,1615.96,No
3653-OSPYM,Female,0,Yes,No,10,Yes,Yes,Fiber optic,No,Yes,Yes,Yes,No,No,Month-to-month,Yes,Electronic check,88.83,883.86,Yes
7116-CCSNP,Male,0,No,No,7,Yes,Yes,DSL,No,No,Yes,No,Yes,No,Two year,Yes,Electronic check,69.25,489.13,No
4029-QDMHS,Male,0,Yes,Yes,0,Yes,Yes,Fiber optic,Yes,Yes,Yes,No,No,No,Two year,Yes,Bank transfer (automatic),98.41, ,No
1063-EBOBK,Female,0,Yes,No,7,Yes,No,Fiber optic,No,No,No,No,Yes,Yes,Month-to-month,No,Bank transfer (automatic),94.59,666.35,No
9649-CECFM,Male,1,Yes,Yes,11,Yes,No,No,No internet service,No internet service,No internet service,No internet service,No internet service,No internet service,Two year,No,Electronic check,22.21,243.96,No
7055-RCXXQ,Male,0,No,No,8,No,No phone service,DSL,No,No,No,No,Yes,No,One year,Yes,Electronic check,52.18,429.76,No
7439-JBLWF,Male,0,No,No,23,Yes,No,DSL,No,Yes,No,Yes,No,Yes,Month-to-month,No,Electronic check,59.63,1364.81,Yes
2217-UWXCQ,Female,0,No,Yes,26,Yes,No,Fiber optic,Yes,No,No,No,No,No,Month-to-month,Yes,Electronic check,78.13,2013.14,No
3076-GUEWA,Female,0,No,No,36,Yes,Yes,DSL,Yes,No,No,No,Yes,Yes,One year,Yes,Credit card (automatic),73.35,2641.41,No
5589-PJOUX,Female,0,No,Yes,4,Yes,No,DSL,Yes,No,No,No,No,No,One year,Yes,Mailed check,56.92,227.81,No
8897-OJUGZ,Male,0,Yes,No,23,Yes,No,No,No internet service,No internet service,No internet service,No internet service,No internet service,No internet service,Two year,Yes,Electronic check,31.16,707.19,No
2059-CIXVQ,Male,1,Yes,Yes,13,Yes,No,DSL,No,Yes,No,Yes,Yes,Yes,One year,Yes,Bank transfer (automatic),74.31,961.7,No
7349-JMLAV,Female,0,No,Yes,9,Yes,No,No,No internet service,No internet service,No internet service,No internet service,No internet service,No internet service,Month-to-month,Yes,Credit card (automatic),32.77,295.13,Yes
7748-SSFMS,Female,0,No,No,15,Yes,No,No,No internet service,No internet service,No internet service,No internet service,No internet service,No internet service,Month-to-month,Yes,Mailed check,22.66,342.69,No
6452-ZVUDX,Female,0,No,No,15,Yes,Yes,Fiber optic,No,No,No,Yes,No,No,Month-to-month,Yes,Electronic check,78.91,1172.05,Yes
4201-OLGTR,Male,0,Yes,No,24,Yes,No,No,No internet service,No internet service,No internet service,No internet service,No internet service,No internet service,Month-to-month,Yes,Bank transfer (automatic),26.86,641.04,No
4678-WMQDY,Female,0,No,No,19,Yes,No,DSL,Yes,No,No,Yes,Yes,Yes,Month-to-month,No,Credit card (automatic),71.0,1335.3,No
1909-TMCZZ,Female,0,No,Yes,23,Yes,No,DSL,Yes,No,No,No,Yes,No,One year,Yes,Bank transfer (automatic),70.32,1621.44,No
1973-OCAZX,Female,0,Yes,Yes,72,Yes,Yes,Fiber optic,No,No,No,Yes,No,Yes,Month-to-month,Yes,Mailed check,84.57,6092.23,Yes
3288-CNCMO,Male,0,No,No,39,Yes,No,No,No internet service,No internet service,No internet service,No internet service,No internet service,No internet service,One year,No,Electronic check,20.49,798.75,No
4377-NUZCS,Female,1,Yes,No,8,Yes,No,DSL,No,Yes,Yes,No,No,No,Month-to-month,Yes,Mailed check,61.8,493.99,No
8619-DSKAH,Male,0,No,No,18,Yes,No,DSL,Yes,No,Yes,Yes,No,No,Month-to-month,No,Mailed check,54.07,987.69,No
1494-AGUTT,Female,0,Yes,No,6,Yes,Yes,Fiber optic,No,No,Yes,No,Yes,Yes,One year,Yes,Credit card (automatic),89.11,521.81,Yes
8543-KNVPN,Male,0,Yes,Yes,17,Yes,Yes,DSL,Yes,No,Yes,Yes,No,Yes,Month-to-month,Yes,Electronic check,78.91,1350.44,No
3057-XNRVI,Female,0,Yes,No,29,Yes,Yes,Fiber optic,No,No,Yes,Yes,No,No,Two year,No,Mailed check,85.49,2503.45,No
9831-HZMRE,Female,0,No,No,1,Yes,Yes,Fiber optic,No,No,No,Yes,No,No,One year,No,Electronic check,81.46,75.68,No
6125-USDGD,Male,0,Yes,Yes,3,Yes,Yes,No,No internet service,No internet service,No internet service,No internet service,No internet service,No internet service,Month-to-month,Yes,Credit card (automatic),18.25,50.47,No
6912-KLNMJ,Female,1,No,No,0,Yes,Yes,Fiber optic,No,Yes,Yes,Yes,Yes,Yes,One year,No,Electronic check,110.25, ,No
1772-HNEZX,Female,0,No,Yes,11,Yes,No,DSL,Yes,No,No,No,Yes,Yes,Month-to-month,Yes,Electronic check,69.68,764.2,Yes
1999-YZFPD,Female,0,No,Yes,34,Yes,No,Fiber optic,No,No,Yes,Yes,Yes,Yes,Month-to-month,No,Credit card (automatic),97.01,3313.29,Yes
2803-KCLEF,Female,1,Yes,No,14,Yes,Yes,Fiber optic,No,No,No,Yes,Yes,Yes,Month-to-month,Yes,Electronic check,90.55,1255.02,No
2615-WKEIC,Male,0,Yes,No,20,Yes,No,Fiber optic,Yes,Yes,No,No,Yes,Yes,One year,No,Bank transfer (automatic),90.74,1804.38,No
5221-HFDLL,Male,0,Yes,No,21,Yes,Yes,DSL,No,No,No,No,No,No,Month-to-month,Yes,Mailed check,48.53,1030.11,No
6854-YUPJV,Male,0,No,No,2,Yes,No,DSL,Yes,Yes,No,No,No,Yes,Two year,No,Credit card (automatic),70.82,152.39,No
5429-MIGLE,Male,0,No,No,4,Yes,No,No,No internet service,No internet service,No internet service,No internet service,No internet service,No internet service,Month-to-month,Yes,Credit card (automatic),27.13,99.5,Yes
6361-DBCZL,Male,1,No,Yes,59,Yes,Yes,Fiber optic,No,No,Yes,Yes,No,Yes,One year,Yes,Bank transfer (automatic),82.91,4881.76,No
7594-DFLSJ,Male,0,No,No,14,Yes,No,DSL,Yes,Yes,Yes,Yes,No,No,One year,No,Mailed check,71.38,1009.62,No
5925-AQPIY,Male,0,Yes,Yes,13,Yes,No,Fiber optic,No,No,Yes,No,Yes,Yes,Month-to-month,Yes,Electronic check,91.48,1183.24,Yes
8092-IWILW,Male,0,Yes,No,33,Yes,Yes,Fiber optic,Yes,No,Yes,No,No,No,Two year,No,Electronic check,94.42,3108.99,No
8720-OBKKH,Female,0,Yes,No,1,Yes,Yes,No,No internet service,No internet service,No internet service,No internet service,No internet service,No internet service,Month-to-month,Yes,Bank transfer (automatic),32.97,39.37,Yes
3181-UTGCH,Female,0,No,No,44,No,No phone service,Fiber optic,No,Yes,No,Yes,Yes,No,One year,Yes,Bank transfer (automatic),92.88,4096.11,No
2521-QKBYU,Male,0,No,No,26,Yes,Yes,No,No internet service,No internet service,No internet service,No internet service,No internet service,No internet service,Month-to-month,Yes,Credit card (automatic),27.98,725.68,Yes
8162-XSGRH,Male,0,No,Yes,3,No,No phone service,No,No internet service,No internet service,No internet service,No internet service,No internet service,No internet service,Month-to-month,Yes,Electronic check,26.65,66.59,Yes
2126-UDQEL,Male,1,No,No,1,Yes,No,DSL,No,No,No,Yes,Yes,No,Month-to-month,No,Credit card (automatic),62.06,39.47,Yes
9584-ZTMYR,Female,0,Yes,No,0,Yes,Yes,Fiber optic,No,No,Yes,No,No,No,One year,Yes,Electronic check,71.26, ,Yes
8059-IDUHA,Male,0,No,No,8,No,No phone service,DSL,Yes,No,No,Yes,No,No,One year,Yes,Credit card (automatic),58.09,463.14,Yes
7792-TMBMI,Male,1,Yes,Yes,9,Yes,No,DSL,No,No,Yes,No,No,No,Month-to-month,No,Electronic check,53.15,470.99,Yes
2565-TFAYE,Male,0,No,No,4,Yes,No,No,No internet service,No internet service,No internet service,No internet service,No internet service,No internet service,Month-to-month,Yes,Electronic check,27.27,104.84,Yes
9254-CDANI,Male,0,No,No,8,Yes,No,DSL,Yes,No,Yes,No,No,Yes,One year,Yes,Credit card (automatic),69.0,556.89,No
3269-XDRNY,Female,0,Yes,Yes,19,Yes,No,Fiber optic,No,No,Yes,No,No,Yes,Month-to-month,No,Mailed check,90.48,1725.66,No
1195-YJCWG,Male,0,No,No,2,Yes,Yes,No,No internet service,No internet service,No internet service,No internet service,No internet service,No internet service,One year,Yes,Bank transfer (automatic),30.08,62.01,No
8401-MDRKY,Female,0,No,Yes,5,No,No phone service,DSL,Yes,No,No,Yes,Yes,No,Month-to-month,Yes,Credit card (automatic),61.55,307.92,No
6623-NRHJE,Female,1,No,No,19,Yes,No,Fiber optic,Yes,Yes,No,No,No,Yes,Month-to-month,No,Electronic check,83.19,1589.75,Yes
6190-LYCZD,Female,0,Yes,Yes,29,Yes,No,Fiber optic,Yes,No,Yes,No,Yes,Yes,One year,Yes,Electronic check,100.94,2933.58,No
2251-OJUVP,Male,0,No,No,64,No,No phone service,Fiber optic,Yes,Yes,No,No,Yes,No,Two year,No,Mailed check,91.55,5861.09,No
3030-STSRZ,Female,0,No,No,17,Yes,No,Fiber optic,No,Yes,No,No,Yes,Yes,Month-to-month,No,Mailed check,98.18,1681.23,No
8041-XOGAE,Male,0,No,No,2,Yes,Yes,No,No internet service,No internet service,No internet service,No internet service,No internet service,No internet service,One year,Yes,Credit card (automatic),19.97,31.22,No
9052-DNMAP,Male,0,Yes,No,21,Yes,No,Fiber optic,No,No,No,No,No,Yes,Month-to-month,Yes,Electronic check,82.81,1748.83,No
2526-IVPSO,Male,0,Yes,No,72,Yes,No,Fiber optic,Yes,No,No,No,No,Yes,Two year,Yes,Bank transfer (automatic),82.38,5930.46,No
8865-NTJUL,Male,0,No,No,51,Yes,Yes,DSL,Yes,No,Yes,No,No,Yes,Month-to-month,No,Mailed check,70.27,3587.32,No
3363-AUQIW,Male,0,Yes,No,36,Yes,Yes,No,No internet service,No internet service,No internet service,No internet service,No internet service,No internet service,One year,No,Credit card (automatic),29.66,1059.81,No
2778-YRGIV,Male,0,No,No,31,Yes,No,No,No internet service,No internet service,No internet service,No internet service,No internet service,No internet service,Month-to-month,Yes,Bank transfer (automatic),31.75,966.76,No
5747-GNOOF,Male,0,No,No,33,Yes,No,Fiber optic,Yes,No,No,Yes,Yes,No,Two year,No,Credit card (automatic),95.97,3159.99,Yes
8053-BHMWF,Male,0,No,Yes,2,Yes,No,No,No internet service,No internet service,No internet service,No internet service,No internet service,No internet service,Month-to-month,No,Electronic check,27.35,47.8,No
5964-YAIFT,Female,0,Yes,No,17,Yes,Yes,Fiber optic,No,Yes,No,No,Yes,No,Month-to-month,No,Mailed check,94.12,1589.9,No
3521-GIENE,Male,0,Yes,No,28,Yes,No,Fiber optic,No,Yes,No,No,Yes,Yes,One year,Yes,Credit card (automatic),91.24,2552.99,No
4404-MHKZR,Female,1,Yes,No,1,Yes,No,No,No internet service,No internet service,No internet service,No internet service,No internet service,No internet service,Month-to-month,Yes,Credit card (automatic),29.54,34.77,Yes
4154-FVBMW,Male,0,Yes,No,59,Yes,No,Fiber optic,No,Yes,No,No,No,No,Month-to-month,No,Electronic check,76.67,4522.16,No
6400-ZKAXB,Female,0,No,No,3,Yes,Yes,DSL,No,No,Yes,No,Yes,Yes,Month-to-month,No,Credit card (automatic),72.75,221.61,No
5253-QHBFV,Female,0,No,Yes,2,Yes,Yes,Fiber optic,No,No,Yes,Yes,Yes,Yes,Month-to-month,Yes,Credit card (automatic),106.96,215.6,Yes
3372-PHSPM,Male,0,Yes,No,3,Yes,Yes,DSL,Yes,No,No,No,No,No,Two year,Yes,Credit card (automatic),55.11,148.58,No
7617-TGPWP,Female,0,Yes,No,13,Yes,No,Fiber optic,No,Yes,No,Yes,Yes,Yes,Month-to-month,Yes,Mailed check,92.14,1203.42,No
1333-XRRPT,Male,0,Yes,No,18,Yes,Yes,No,No internet service,No internet service,No internet service,No internet service,No internet service,No internet service,Month-to-month,No,Mailed check,22.76,417.81,No
6196-ZIZIM,Female,1,Yes,No,2,Yes,Yes,DSL,Yes,No,No,No,No,No,Two year,Yes,Bank transfer (automatic),49.61,122.54,No
7652-DIONS,Male,0,No,Yes,37,Yes,No,No,No internet service,No internet service,No internet service,No internet service,No internet service,No internet service,Two year,No,Credit card (automatic),26.76,983.39,No
6707-UZYFC,Female,0,Yes,No,5,Yes,No,No,No internet service,No internet service,No internet service,No internet service,No internet service,No internet service,Month-to-month,No,Electronic check,21.13,108.89,No
5664-VTPTX,Female,0,No,Yes,19,Yes,No,No,No internet service,No internet service,No internet service,No internet service,No internet service,No internet service,Month-to-month,Yes,Bank transfer (automatic),20.84,402.06,No
5886-QPFHS,Male,0,No,Yes,16,Yes,Yes,DSL,No,No,No,No,Yes,No,Month-to-month,No,Bank transfer (automatic),52.85,842.59,No
7813-YZBNV,Female,0,No,Yes,56,Yes,No,DSL,No,No,No,No,No,Yes,One year,Yes,Credit card (automatic),48.32,2721.0,No
5090-ORPMU,Male,1,Yes,No,53,Yes,Yes,No,No internet service,No internet service,No internet service,No internet service,No internet service,No internet service,One year,No,Bank transfer (automatic),22.14,1168.96,No
8008-YZCPB,Male,0,No,No,6,Yes,No,Fiber optic,Yes,No,No,Yes,No,No,Two year,Yes,Mailed check,89.12,524.33,No
5718-AIPDL,Female,0,No,No,18,Yes,No,Fiber optic,Yes,No,No,Yes,No,Yes,Month-to-month,Yes,Electronic check,84.72,1515.38,Yes
6280-AGRWW,Female,0,Yes,No,72,Yes,No,No,No internet service,No internet service,No internet service,No internet service,No internet service,No internet service,Two year,Yes,Credit card (automatic),26.64,1905.74,No
8897-YMPGP,Female,0,Yes,No,9,Yes,Yes,DSL,No,No,No,No,No,Yes,Month-to-month,Yes,Electronic check,54.67,480.85,No
1589-QLXXT,Male,0,No,No,1,Yes,No,No,No internet service,No internet service,No internet service,No internet service,No internet service,No internet service,Month-to-month,Yes,Electronic check,18.25,23.67,No
9503-UDVBR,Male,0,Yes,No,30,Yes,No,Fiber optic,No,No,Yes,No,No,No,Two year,No,Credit card (automatic),75.82,2277.01,Yes
5481-YOZSO,Male,1,Yes,No,16,Yes,Yes,No,No internet service,No internet service,No internet service,No internet service,No internet service,No internet service,One year,Yes,Mailed check,26.25,422.56,No
8017-XTKZJ,Male,0,Yes,No,67,Yes,No,DSL,No,Yes,No,No,No,No,One year,No,Electronic check,57.95,3876.44,No
2942-EITSM,Female,1,Yes,No,20,Yes,No,Fiber optic,No,Yes,No,No,Yes,Yes,Month-to-month,Yes,Mailed check,102.91,2053.83,No
1337-QFJBX,Male,0,Yes,No,17,Yes,No,No,No internet service,No internet service,No internet service,No internet service,No internet service,No internet service,Two year,Yes,Electronic check,20.74,351.79,No
4611-UMRGB,Male,1,No,No,59,No,No phone service,DSL,No,Yes,No,No,Yes,No,Month-to-month,No,Electronic check,61.97,3666.79,No
3673-KJKBO,Female,1,No,Yes,11,Yes,No,Fiber optic,No,No,No,Yes,No,No,Month-to-month,Yes,Electronic check,83.1,921.21,Yes
2254-IEGTB,Female,0,No,No,21,Yes,Yes,No,No internet service,No internet service,No internet service,No internet service,No internet service,No internet service,Month-to-month,Yes,Bank transfer (automatic),32.39,681.41,No
5130-BUVWS,Female,0,Yes,Yes,44,No,No phone service,DSL,No,Yes,No,No,Yes,No,Month-to-month,No,Mailed check,55.46,2442.55,No
5035-XTGVG,Male,1,Yes,No,21,Yes,Yes,Fiber optic,No,No,No,Yes,Yes,No,Month-to-month,Yes,Electronic check,88.08,1868.18,No
1912-SVPCO,Female,0,Yes,No,8,Yes,No,No,No internet service,No internet service,No internet service,No internet service,No internet service,No internet service,Month-to-month,No,Bank transfer (automatic),20.86,156.45,Yes
6613-ONGYC,Female,0,No,No,19,Yes,No,DSL,No,No,No,Yes,No,No,Two year,Yes,Electronic check,59.66,1138.49,No
8824-JOFQQ,Male,0,Yes,No,13,Yes,No,No,No internet service,No internet service,No internet service,No internet service,No internet service,No internet service,Month-to-month,No,Electronic check,26.54,354.91,No
7157-XYRYE,Male,0,No,No,72,Yes,No,Fiber optic,No,No,No,No,No,Yes,One year,Yes,Credit card (automatic),82.83,5949.69,No
1871-GWDRE,Male,0,Yes,No,1,Yes,No,DSL,Yes,No,No,No,No,No,Two year,Yes,Electronic check,52.66,52.79,Yes
4055-NSNIF,Male,0,No,No,35,Yes,Yes,Fiber optic,No,No,No,No,No,Yes,Two year,Yes,Mailed check,84.53,2949.54,Yes
2872-SLDPY,Female,0,No,No,0,Yes,No,DSL,Yes,No,Yes,Yes,No,Yes,Two year,No,Bank transfer (automatic),72.81, ,No
8189-DQHNB,Male,0,Yes,Yes,22,Yes,Yes,DSL,No,Yes,No,No,No,No,One year,No,Credit card (automatic),58.11,1286.34,Yes
6386-KXVXF,Female,0,No,No,13,Yes,No,No,No internet service,No internet service,No internet service,No internet service,No internet service,No internet service,Month-to-month,Yes,Electronic check,23.41,306.34,Yes
1244-UNJZH,Female,1,Yes,No,57,Yes,No,Fiber optic,No,No,Yes,Yes,Yes,Yes,Month-to-month,No,Credit card (automatic),98.38,5617.26,No
4515-HWBPI,Male,0,No,No,18,Yes,No,DSL,No,No,Yes,Yes,Yes,Yes,Month-to-month,No,Credit card (automatic),76.43,1385.74,No
9076-WLVYQ,Male,0,No,Yes,42,Yes,No,DSL,Yes,No,No,Yes,No,Yes,Month-to-month,Yes,Bank transfer (automatic),66.23,2777.57,No
9772-ATMHF,Male,0,Yes,No,26,Yes,Yes,No,No internet service,No internet service,No internet service,No internet service,No internet service,No internet service,Two year,Yes,Electronic check,22.68,591.28,Yes
3236-QLACN,Male,0,No,Yes,14,Yes,Yes,Fiber optic,No,Yes,No,Yes,No,No,Two year,Yes,Electronic check,76.85,1081.64,No
9537-HKNHC,Female,1,Yes,No,9,Yes,No,DSL,No,No,No,No,Yes,Yes,Two year,No,Electronic check,60.36,533.58,No
8899-SDYPM,Male,0,Yes,No,2,Yes,Yes,No,No internet service,No internet service,No internet service,No internet service,No internet service,No internet service,Month-to-month,No,Mailed check,18.25,52.62,No
7611-SEWET,Male,0,Yes,No,0,Yes,Yes,Fiber optic,No,No,Yes,Yes,No,Yes,One year,No,Electronic check,90.86, ,No
6271-DBZMP,Female,0,Yes,No,0,Yes,No,DSL,No,Yes,No,No,Yes,Yes,One year,Yes,Credit card (automatic),76.67, ,No
6025-SQEYR,Female,1,Yes,No,6,Yes,No,DSL,Yes,No,No,No,No,No,Month-to-month,No,Bank transfer (automatic),48.07,298.04,Yes
4835-WURHO,Female,0,No,Yes,19,Yes,No,Fiber optic,No,No,Yes,No,No,Yes,Month-to-month,No,Credit card (automatic),82.63,1572.16,No
8340-MPVTM,Male,0,No,Yes,72,Yes,No,DSL,No,No,No,No,No,Yes,Two year,Yes,Electronic check,57.21,4118.41,No
2043-BCOWS,Female,0,No,No,29,Yes,Yes,Fiber optic,No,No,Yes,No,No,No,One year,Yes,Bank transfer (automatic),88.67,2578.8,No
8332-ZVFND,Female,0,No,No,1,Yes,Yes,DSL,No,No,No,No,No,Yes,Month-to-month,No,Credit card (automatic),64.2,77.62,No
2877-SWGDB,Female,0,No,No,24,Yes,No,Fiber optic,No,No,No,Yes,Yes,Yes,Month-to-month,Yes,Electronic check,85.85,2060.75,Yes
1794-GCOAB,Male,0,Yes,Yes,15,Yes,No,Fiber optic,No,Yes,No,No,Yes,Yes,Two year,No,Mailed check,96.24,1441.93,No
6353-PYOXO,Female,0,Yes,No,24,Yes,Yes,Fiber optic,No,No,No,No,No,No,Month-to-month,No,Bank transfer (automatic),64.64,1553.1,No
5237-VNFNQ,Male,0,No,No,23,No,No phone service,Fiber optic,No,No,Yes,No,No,No,Month-to-month,Yes,Mailed check,74.78,1732.32,No
5369-TSQPH,Female,0,Yes,No,3,Yes,Yes,Fiber optic,No,No,Yes,No,Yes,No,One year,Yes,Mailed check,96.07,281.65,No
9115-LINTA,Female,0,Yes,No,60,No,No phone service,DSL,No,No,Yes,Yes,No,Yes,Two year,No,Electronic check,57.45,3450.09,No
6310-JQQQD,Female,0,Yes,Yes,19,Yes,No,DSL,Yes,No,No,No,No,Yes,Month-to-month,No,Mailed check,64.15,1211.46,No
3896-RTWBH,Female,0,Yes,No,28,Yes,No,Fiber optic,No,No,No,No,No,Yes,Month-to-month,Yes,Bank transfer (automatic),84.88,2395.99,No
4980-WYVTV,Female,0,No,No,11,Yes,Yes,Fiber optic,No,Yes,No,Yes,No,Yes,Month-to-month,No,Bank transfer (automatic),94.19,1036.51,No
1494-TWICC,Female,1,No,Yes,3,Yes,Yes,Fiber optic,No,No,No,Yes,Yes,No,Month-to-month,Yes,Electronic check,98.68,294.79,Yes
1557-QMSWO,Male,0,Yes,No,28,Yes,Yes,Fiber optic,No,Yes,No,Yes,Yes,Yes,Month-to-month,Yes,Mailed check,105.23,2959.7,No
8034-YNBGQ,Male,1,No,Yes,68,No,No phone service,Fiber optic,No,No,Yes,No,Yes,No,Two year,No,Electronic check,91.2,6198.85,No
9645-UHBAP,Male,0,No,No,20,Yes,Yes,DSL,No,No,Yes,Yes,No,No,One year,Yes,Electronic check,61.3,1239.28,No
1362-OMXBN,Female,1,No,Yes,5,Yes,No,Fiber optic,No,Yes,No,Yes,Yes,No,Month-to-month,Yes,Electronic check,90.41,452.57,Yes
6349-IGRXI,Male,0,Yes,No,23,Yes,No,No,No internet service,No internet service,No internet service,No internet service,No internet service,No internet service,Month-to-month,Yes,Mailed check,24.84,557.68,Yes
9035-IDLDY,Female,0,Yes,No,13,Yes,No,No,No internet service,No internet service,No internet service,No internet service,No internet service,No internet service,Month-to-month,Yes,Bank transfer (automatic),28.52,383.72,No
1925-XTNXX,Male,0,Yes,No,12,Yes,No,DSL,No,Yes,No,No,Yes,Yes,One year,No,Mailed check,68.82,815.68,No
1985-MVHWE,Female,0,No,No,58,Yes,Yes,No,No internet service,No internet service,No internet service,No internet service,No internet service,No internet service,Two year,No,Electronic check,24.19,1397.95,No
6291-MTNRX,Male,0,Yes,No,32,Yes,No,No,No internet service,No internet service,No internet service,No internet service,No internet service,No internet service,One year,Yes,Mailed check,19.75,639.34,No
2331-DURGO,Female,0,No,No,17,Yes,Yes,Fiber optic,No,Yes,Yes,No,Yes,Yes,One year,Yes,Electronic check,105.5,1776.68,No
1805-PTXHU,Female,0,Yes,Yes,12,Yes,Yes,DSL,No,No,No,No,Yes,No,Month-to-month,No,Electronic check,54.44,630.8,No
4983-VPCQI,Male,0,Yes,No,6,Yes,Yes,No,No internet service,No internet service,No internet service,No internet service,No internet service,No internet service,Month-to-month,Yes,Electronic check,25.14,117.61,No
4832-CTGRL,Female,0,No,No,10,Yes,Yes,Fiber optic,No,Yes,Yes,No,No,No,Month-to-month,No,Credit card (automatic),79.26,798.77,Yes
1559-VXQTO,Male,0,Yes,No,18,No,No phone service,Fiber optic,No,No,No,No,No,No,Month-to-month,No,Credit card (automatic),71.63,1287.84,No
5929-HVYBS,Male,0,Yes,No,1,No,No phone service,Fiber optic,No,No,Yes,No,No,No,Month-to-month,No,Bank transfer (automatic),87.28,106.57,No
7088-IMFOS,Male,1,No,Yes,10,Yes,No,No,No internet service,No internet service,No internet service,No internet service,No internet service,No internet service,Month-to-month,Yes,Electronic check,35.8,357.85,Yes
2550-RGZKH,Male,0,Yes,No,16,Yes,No,DSL,Yes,Yes,No,Yes,No,Yes,Month-to-month,Yes,Electronic check,70.37,1115.13,Yes
2829-HBSPG,Female,0,Yes,Yes,22,Yes,Yes,DSL,No,Yes,No,Yes,Yes,No,One year,No,Credit card (automatic),71.89,1586.35,No
7601-LQGVH,Male,0,Yes,No,32,Yes,Yes,Fiber optic,No,Yes,No,Yes,No,No,Month-to-month,No,Electronic check,80.95,2600.04,Yes
7182-DCSOD,Female,0,No,No,0,Yes,No,No,No internet service,No internet service,No internet service,No internet service,No internet service,No internet service,One year,No,Bank transfer (automatic),25.33, ,No
7238-YIMRU,Female,0,Yes,Yes,8,Yes,No,DSL,No,Yes,No,No,Yes,Yes,Month-to-month,Yes,Electronic check,63.78,507.7,Yes
9559-ADRHT,Female,0,No,No,7,Yes,No,DSL,Yes,No,No,Yes,No,No,Month-to-month,Yes,Mailed check,59.54,436.86,Yes
6674-TUUUS,Male,1,Yes,No,17,No,No phone service,No,No internet service,No internet service,No internet service,No internet service,No internet service,No internet service,Two year,Yes,Bank transfer (automatic),18.25,310.65,No
4606-SRSKC,Female,0,Yes,No,15,Yes,Yes,Fiber optic,No,No,Yes,No,No,No,One year,No,Electronic check,74.45,1107.16,No
2395-SJPET,Female,0,Yes,No,1,Yes,Yes,Fiber optic,No,Yes,No,Yes,Yes,Yes,Month-to-month,Yes,Electronic check,106.47,91.52,Yes
8336-HKPGO,Male,0,Yes,No,34,Yes,No,No,No internet service,No internet service,No internet service,No internet service,No internet service,No internet service,Month-to-month,Yes,Bank transfer (automatic),25.55,868.06,Yes
5348-UTWQF,Female,0,Yes,No,27,Yes,No,DSL,No,No,Yes,No,No,Yes,Two year,No,Credit card (automatic),58.53,1570.8,No
6422-HGBMW,Female,0,No,Yes,41,Yes,Yes,Fiber optic,Yes,Yes,No,No,No,Yes,Month-to-month,No,Electronic check,89.38,3672.09,No
2180-FETAR,Female,0,Yes,Yes,2,Yes,Yes,Fiber optic,No,No,Yes,No,No,No,One year,Yes,Electronic check,74.03,168.75,No
6710-WJCEX,Female,0,Yes,No,16,Yes,Yes,Fiber optic,Yes,No,Yes,No,No,No,One year,No,Credit card (automatic),85.57,1385.26,No
4925-UBIQR,Female,1,No,No,22,No,No phone service,No,No internet service,No internet service,No internet service,No internet service,No internet service,No internet service,Month-to-month,Yes,Credit card (automatic),27.52,619.73,Yes
9172-ALTTU,Male,0,Yes,No,1,Yes,Yes,No,No internet service,No internet service,No internet service,No internet service,No internet service,No internet service,Month-to-month,No,Credit card (automatic),27.79,33.25,Yes
1292-HOCFM,Male,0,Yes,No,72,No,No phone service,No,No internet service,No internet service,No internet service,No internet service,No internet service,No internet service,Month-to-month,Yes,Electronic check,18.61,1330.97,No
5860-RXAYG,Male,1,Yes,No,37,No,No phone service,DSL,No,No,No,No,Yes,No,Two year,Yes,Credit card (automatic),50.59,1881.26,Yes
9619-JLKDS,Male,0,Yes,Yes,6,Yes,Yes,DSL,No,No,Yes,No,No,Yes,Month-to-month,Yes,Bank transfer (automatic),65.69,394.72,No
6278-ITJEM,Male,0,Yes,Yes,23,Yes,Yes,DSL,No,No,Yes,Yes,Yes,Yes,One year,Yes,Bank transfer (automatic),76.98,1776.58,No
1895-BRUAX,Female,0,Yes,No,3,Yes,No,Fiber optic,Yes,No,Yes,No,No,No,Two year,Yes,Mailed check,81.57,254.96,No
6419-JBIBW,Male,0,Yes,No,49,Yes,Yes,DSL,No,No,No,No,Yes,No,Two year,No,Mailed check,58.91,2884.71,No
2301-NKWKQ,Female,0,Yes,No,2,Yes,Yes,Fiber optic,Yes,No,Yes,Yes,No,No,Month-to-month,Yes,Electronic check,91.4,195.99,Yes
6644-GPAMA,Female,0,Yes,No,56,Yes,Yes,Fiber optic,Yes,No,No,No,Yes,No,Month-to-month,Yes,Electronic check,90.78,5076.99,No
8493-TCLEI,Male,1,No,No,42,No,No phone service,DSL,Yes,Yes,No,No,Yes,No,Two year,No,Bank transfer (automatic),55.84,2325.64,No
4833-LJSEZ,Male,0,No,Yes,15,Yes,No,Fiber optic,Yes,Yes,Yes,No,No,No,Two year,No,Electronic check,89.64,1335.44,No
5968-ZTQJU,Female,0,No,No,25,Yes,Yes,DSL,No,Yes,Yes,No,No,No,Month-to-month,Yes,Electronic check,54.95,1344.88,No
4584-VPZZO,Female,0,Yes,Yes,6,Yes,Yes,DSL,No,Yes,Yes,No,No,No,Month-to-month,No,Bank transfer (automatic),65.33,400.36,Yes
2351-EFWTN,Male,0,Yes,No,11,Yes,Yes,Fiber optic,No,No,Yes,No,No,No,Two year,Yes,Mailed check,88.29,972.33,No
3646-KFKML,Male,0,No,Yes,5,Yes,Yes,DSL,Yes,Yes,Yes,Yes,Yes,Yes,Two year,Yes,Electronic check,85.92,408.66,No
3037-BUCWD,Female,0,No,Yes,17,Yes,Yes,Fiber optic,No,Yes,Yes,No,Yes,No,Month-to-month,No,Bank transfer (automatic),102.68,1741.91,No
2424-VFGOK,Female,0,No,No,9,Yes,Yes,DSL,No,No,No,No,Yes,No,Two year,Yes,Credit card (automatic),63.83,572.25,Yes
9983-CFZBN,Male,0,Yes,No,10,Yes,Yes,No,No internet service,No internet service,No internet service,No internet service,No internet service,No internet service,Month-to-month,No,Bank transfer (automatic),18.5,189.81,No
9702-MZLLR,Male,0,Yes,No,14,Yes,No,No,No internet service,No internet service,No internet service,No internet service,No internet service,No internet service,Month-to-month,No,Credit card (automatic),29.63,415.78,No
2520-UPQUX,Male,0,No,No,49,Yes,Yes,DSL,Yes,No,No,Yes,No,Yes,One year,Yes,Electronic check,65.22,3194.56,No
2575-KXBHL,Female,0,No,No,19,Yes,No,DSL,Yes,Yes,Yes,Yes,Yes,No,Month-to-month,Yes,Electronic check,76.2,1445.59,No
7176-WMVUQ,Female,0,Yes,Yes,39,Yes,Yes,DSL,Yes,No,Yes,No,Yes,No,Month-to-month,Yes,Bank transfer (automatic),78.64,3069.77,No
9653-NPQFZ,Female,0,No,No,45,Yes,No,No,No internet service,No internet service,No internet service,No internet service,No internet service,No internet service,Two year,Yes,Credit card (automatic),29.1,1324.7,No
4515-GZZAY,Female,0,Yes,Yes,6,No,No phone service,DSL,No,No,Yes,No,Yes,Yes,Month-to-month,Yes,Electronic check,72.91,422.71,Yes
4534-TURZM,Male,0,No,Yes,36,Yes,Yes,Fiber optic,Yes,No,Yes,Yes,Yes,Yes,Month-to-month,Yes,Electronic check,106.37,3845.86,No
3333-BSOLO,Male,0,Yes,No,25,No,No phone service,No,No internet service,No internet service,No internet service,No internet service,No internet service,No internet service,One year,Yes,Bank transfer (automatic),18.25,454.47,No
9984-RNFLT,Female,0,No,No,16,Yes,No,DSL,No,Yes,Yes,Yes,No,No,Month-to-month,Yes,Bank transfer (automatic),67.37,1074.47,No
4414-FZIYZ,Female,0,No,No,2,Yes,Yes,Fiber optic,No,No,Yes,Yes,Yes,Yes,One year,No,Credit card (automatic),96.69,205.13,Yes
6283-QBPXN,Male,0,Yes,No,20,Yes,No,DSL,No,No,Yes,No,No,No,Month-to-month,Yes,Bank transfer (automatic),46.66,929.57,No
6465-HNBPD,Female,0,Yes,No,4,Yes,No,DSL,No,No,No,Yes,No,No,One year,No,Mailed check,54.61,213.19,No
8222-TNHYY,Male,0,Yes,No,40,Yes,No,DSL,No,Yes,Yes,Yes,Yes,Yes,Month-to-month,Yes,Mailed check,79.97,3207.74,Yes
2125-VZHFF,Male,0,Yes,No,65,Yes,Yes,DSL,No,No,No,No,Yes,Yes,Month-to-month,No,Credit card (automatic),69.48,4535.41,Yes
7083-GXSGC,Female,0,No,No,15,Yes,Yes,DSL,No,No,Yes,Yes,Yes,Yes,Month-to-month,Yes,Electronic check,78.0,1178.87,No
4232-ANFJY,Female,0,Yes,Yes,13,Yes,No,Fiber optic,No,Yes,No,No,No,Yes,Two year,Yes,Electronic check,89.84,1164.53,No
1461-DFPUA,Male,0,Yes,No,16,Yes,Yes,DSL,Yes,Yes,No,No,No,No,Two year,Yes,Electronic check,57.4,910.87,No
1005-IOLCK,Male,0,No,Yes,1,Yes,No,No,No internet service,No internet service,No internet service,No internet service,No internet service,No internet service,Two year,Yes,Mailed check,24.12,21.64,No
3606-CNBDZ,Female,0,Yes,No,6,Yes,No,DSL,Yes,No,No,No,No,Yes,Two year,Yes,Bank transfer (automatic),67.24,416.27,No
5491-BQCJP,Female,0,Yes,Yes,67,Yes,Yes,DSL,Yes,No,No,Yes,No,No,One year,No,Electronic check,56.11,3765.75,No
8381-IKUOC,Female,0,No,No,10,Yes,No,Fiber optic,No,No,No,No,No,No,Month-to-month,Yes,Electronic check,78.6,783.8,Yes
3415-UUULW,Male,0,No,No,21,Yes,No,DSL,Yes,Yes,Yes,No,No,No,Month-to-month,No,Bank transfer (automatic),59.67,1250.9,No
5100-GIURU,Female,0,Yes,No,25,Yes,No,DSL,Yes,No,No,No,No,Yes,One year,Yes,Credit card (automatic),65.19,1617.7,No
8155-BJSIY,Male,0,Yes,No,50,Yes,No,Fiber optic,No,Yes,No,No,No,No,Month-to-month,No,Electronic check,71.57,3589.52,No
1791-HXXXA,Male,0,No,Yes,6,Yes,Yes,Fiber optic,No,No,No,No,No,Yes,Month-to-month,No,Mailed check,81.81,476.56,No
3091-YXSQB,Female,1,Yes,No,53,Yes,No,DSL,No,No,Yes,No,Yes,Yes,Month-to-month,Yes,Electronic check,64.48,3411.6,Yes
1842-RWVKR,Male,0,No,No,11,No,No phone service,Fiber optic,Yes,No,No,No,No,No,Month-to-month,Yes,Bank transfer (automatic),71.94,798.18,No
7446-IOGTM,Female,0,No,Yes,61,Yes,No,Fiber optic,Yes,No,Yes,No,Yes,No,Month-to-month,No,Electronic check,93.66,5714.16,Yes
7764-ATDXD,Female,0,Yes,No,12,Yes,Yes,No,No internet service,No internet service,No internet service,No internet service,No internet service,No internet service,Month-to-month,No,Electronic check,23.08,279.5,Yes
5993-ZWODF,Female,0,No,No,2,Yes,No,Fiber optic,Yes,Yes,No,No,No,Yes,Month-to-month,Yes,Mailed check,100.29,204.88,No
8526-FCDJU,Female,0,Yes,Yes,1,Yes,No,DSL,No,No,No,Yes,No,No,Month-to-month,Yes,Electronic check,55.42,57.4,No
8933-FTKGR,Female,1,No,No,72,Yes,No,Fiber optic,No,Yes,No,Yes,No,No,Two year,Yes,Credit card (automatic),84.97,6107.65,No
7211-DMPYN,Male,0,Yes,No,3,Yes,No,DSL,No,No,No,No,No,Yes,Two year,Yes,Credit card (automatic),58.76,192.77,No
9970-BVNXX,Female,1,Yes,No,18,Yes,Yes,DSL,No,No,Yes,Yes,No,No,Two year,Yes,Mailed check,49.61,909.32,No
5899-GPZFF,Male,0,No,No,17,Yes,Yes,Fiber optic,No,No,No,Yes,No,No,Month-to-month,No,Bank transfer (automatic),87.08,1477.9,No
9545-XHGYX,Female,0,No,No,12,Yes,Yes,Fiber optic,Yes,No,Yes,No,Yes,Yes,Two year,No,Electronic check,90.33,1057.49,No
4022-YVRLW,Female,0,Yes,No,12,Yes,Yes,No,No internet service,No internet service,No internet service,No internet service,No internet service,No internet service,One year,No,Electronic check,24.66,279.09,No
5204-GYJJB,Female,0,Yes,No,15,Yes,Yes,DSL,Yes,Yes,No,Yes,Yes,No,Month-to-month,No,Electronic check,71.26,1059.6,No
5917-FIMIM,Female,0,No,No,2,Yes,Yes,Fiber optic,Yes,Yes,No,No,Yes,No,One year,No,Electronic check,92.68,164.51,Yes
1932-NEIHG,Male,1,Yes,No,37,Yes,No,DSL,Yes,Yes,No,No,No,Yes,Two year,Yes,Mailed check,62.77,2283.68,No
1565-CWXOH,Female,1,Yes,No,11,Yes,No,Fiber optic,Yes,No,No,Yes,Yes,Yes,Month-to-month,Yes,Bank transfer (automatic),106.92,1183.78,No
9864-GSBNR,Female,0,Yes,Yes,6,Yes,Yes,DSL,No,No,No,No,No,Yes,One year,No,Bank transfer (automatic),52.18,303.95,No
6629-ONXYS,Female,0,No,No,9,Yes,Yes,DSL,No,No,Yes,Yes,No,Yes,Two year,Yes,Mailed check,67.29,606.14,No
9701-SVZQV,Male,0,Yes,Yes,22,Yes,No,Fiber optic,No,Yes,No,Yes,No,Yes,One year,No,Electronic check,94.26,2070.98,No
3203-SPTYS,Female,1,Yes,No,35,Yes,Yes,Fiber optic,Yes,No,Yes,No,No,No,Two year,Yes,Credit card (automatic),82.1,2870.53,No
1434-GWKEQ,Male,0,No,No,3,Yes,No,DSL,Yes,Yes,Yes,No,No,No,Month-to-month,No,Mailed check,62.83,202.08,Yes
8018-XZHJL,Female,0,No,No,21,Yes,No,Fiber optic,No,No,No,Yes,No,Yes,Two year,Yes,Mailed check,87.2,1833.47,No
7156-ZRJST,Female,0,Yes,No,13,Yes,No,Fiber optic,No,Yes,Yes,No,No,Yes,One year,No,Electronic check,102.07,1344.0,No
7512-TPECO,Female,1,No,No,47,Yes,No,No,No internet service,No internet service,No internet service,No internet service,No internet service,No internet service,Two year,No,Electronic check,22.19,1040.65,No
3303-BMVHW,Female,0,Yes,Yes,71,Yes,Yes,No,No internet service,No internet service,No internet service,No internet service,No internet service,No internet service,Month-to-month,No,Electronic check,22.09,1569.95,No
2082-QDSVY,Female,1,No,Yes,27,Yes,Yes,Fiber optic,No,No,Yes,No,Yes,No,Month-to-month,Yes,Bank transfer (automatic),87.79,2376.92,No
6608-WOIXU,Female,0,No,No,21,Yes,Yes,Fiber optic,No,No,Yes,No,No,No,Two year,Yes,Electronic check,84.18,1773.65,No
2590-UPXWY,Female,0,No,No,36,No,No phone service,Fiber optic,No,No,Yes,Yes,No,No,Two year,No,Electronic check,82.37,2956.79,No
2561-QMIOG,Male,0,No,No,16,Yes,Yes,No,No internet service,No internet service,No internet service,No internet service,No internet service,No internet service,Month-to-month,No,Bank transfer (automatic),33.51,532.15,No
2600-EXILF,Female,0,Yes,No,1,No,No phone service,Fiber optic,No,No,Yes,No,No,No,One year,Yes,Mailed check,73.96,80.36,No
3971-MZHOF,Female,0,No,No,28,Yes,Yes,DSL,No,Yes,No,No,No,No,Month-to-month,No,Electronic check,53.01,1477.25,No
1026-FDKUR,Male,0,No,Yes,20,Yes,Yes,Fiber optic,No,Yes,Yes,No,No,No,Month-to-month,Yes,Credit card (automatic),93.5,1868.12,No
6309-LUUFU,Female,0,Yes,Yes,3,Yes,Yes,Fiber optic,No,No,Yes,No,No,Yes,Month-to-month,Yes,Mailed check,89.21,277.13,No
6413-HORTP,Female,0,Yes,No,5,Yes,Yes,DSL,Yes,Yes,No,No,No,Yes,Month-to-month,No,Bank transfer (automatic),63.14,325.23,No
8188-QISRY,Male,0,No,Yes,6,Yes,No,No,No internet service,No internet service,No internet service,No internet service,No internet service,No internet service,Month-to-month,Yes,Credit card (automatic),25.0,128.3,No
6285-LKPTQ,Female,0,No,Yes,31,Yes,No,DSL,Yes,Yes,Yes,No,Yes,No,Two year,Yes,Bank transfer (automatic),71.55,2226.96,No
7611-IAZCU,Female,0,Yes,Yes,17,Yes,No,Fiber optic,Yes,No,No,No,No,No,Two year,Yes,Electronic check,81.28,1398.17,No
3070-IVSMW,Male,0,No,Yes,1,Yes,Yes,No,No internet service,No internet service,No internet service,No internet service,No internet service,No internet service,Month-to-month,Yes,Mailed check,18.25,10.08,No
6491-SWGDL,Male,0,Yes,No,43,Yes,No,Fiber optic,Yes,Yes,No,No,Yes,Yes,Month-to-month,No,Electronic check,96.23,4157.06,No
8670-NBART,Female,0,No,No,24,Yes,Yes,No,No internet service,No internet service,No internet service,No internet service,No internet service,No internet service,One year,Yes,Electronic check,19.3,470.65,No
4495-CZFVM,Male,0,No,Yes,31,Yes,No,DSL,No,No,No,Yes,No,Yes,Month-to-month,Yes,Electronic check,62.97,1950.07,No
3088-ITIOM,Male,0,No,Yes,66,No,No phone service,Fiber optic,No,No,Yes,No,No,Yes,Month-to-month,Yes,Electronic check,85.53,5643.65,No
9063-VPBZN,Male,0,Yes,No,7,Yes,Yes,Fiber optic,No,Yes,No,Yes,Yes,No,Month-to-month,No,Electronic check,88.72,622.87,Yes
4322-FBHDU,Female,0,No,No,21,No,No phone service,No,No internet service,No internet service,No internet service,No internet service,No internet service,No internet service,Two year,Yes,Credit card (automatic),18.25,386.16,No
3861-KXNLP,Female,1,Yes,No,34,Yes,No,No,No internet service,No internet service,No internet service,No internet service,No internet service,No internet service,Two year,Yes,Electronic check,20.73,723.21,No
7227-ALGHI,Male,1,Yes,Yes,17,No,No phone service,DSL,Yes,Yes,No,No,Yes,No,Two year,Yes,Electronic check,55.12,931.4,No
4123-MEJLQ,Male,0,No,Yes,15,Yes,Yes,Fiber optic,No,No,Yes,No,Yes,Yes,Month-to-month,Yes,Electronic check,92.63,1401.92,No
5962-OGFDS,Male,0,No,No,63,Yes,No,DSL,Yes,No,No,Yes,Yes,No,One year,Yes,Mailed check,69.9,4400.14,No
2976-IFMVT,Male,0,No,Yes,6,No,No phone service,Fiber optic,No,No,No,Yes,No,No,Two year,No,Bank transfer (automatic),76.12,459.38,No
6987-BZDHM,Female,0,No,No,25,Yes,No,Fiber optic,Yes,No,Yes,No,Yes,No,One year,No,Credit card (automatic),92.21,2300.03,No
9689-IAMRO,Female,1,No,No,72,Yes,Yes,DSL,Yes,No,No,Yes,Yes,Yes,Month-to-month,Yes,Mailed check,71.61,5149.35,No
4681-KNVON,Female,1,No,Yes,5,Yes,No,No,No internet service,No internet service,No internet service,No internet service,No internet service,No internet service,Two year,Yes,Electronic check,31.86,158.79,No
9111-WOSIE,Female,0,Yes,Yes,14,Yes,No,Fiber optic,No,No,No,No,No,Yes,Month-to-month,No,Mailed check,85.66,1205.11,No
7180-KTYXD,Male,0,No,Yes,72,Yes,Yes,DSL,No,No,No,Yes,Yes,No,One year,Yes,Electronic check,68.65,4954.69,Yes
1831-RYCDN,Female,0,No,Yes,0,Yes,Yes,Fiber optic,No,Yes,No,No,No,Yes,Month-to-month,Yes,Bank transfer (automatic),92.93, ,No
9455-XPTOG,Male,0,No,Yes,23,No,No phone service,DSL,No,No,No,No,Yes,No,Month-to-month,Yes,Electronic check,53.06,1217.34,Yes
2529-QVVVL,Male,0,No,No,12,Yes,No,Fiber optic,No,No,No,Yes,No,No,Month-to-month,Yes,Credit card (automatic),81.78,969.19,No
6431-NOOEP,Male,1,No,No,35,Yes,Yes,Fiber optic,No,No,Yes,No,Yes,Yes,Two year,Yes,Bank transfer (automatic),96.68,3387.07,No
6828-BTYIV,Male,1,No,Yes,9,Yes,No,DSL,Yes,Yes,No,Yes,No,No,Month-to-month,No,Mailed check,65.74,593.47,No
6786-IDOKA,Female,0,No,Yes,11,Yes,No,No,No internet service,No internet service,No internet service,No internet service,No internet service,No internet service,Month-to-month,No,Electronic check,30.2,323.28,Yes
3268-AHYPZ,Male,1,Yes,No,17,Yes,No,No,No internet service,No internet service,No internet service,No internet service,No internet service,No internet service,Two year,No,Electronic check,31.87,547.57,No
6973-RVILS,Male,0,Yes,No,10,Yes,No,Fiber optic,Yes,Yes,Yes,Yes,No,Yes,One year,No,Electronic check,112.26,1116.63,No
9024-REBGJ,Male,1,No,No,7,Yes,Yes,No,No internet service,No internet service,No internet service,No internet service,No internet service,No internet service,Two year,Yes,Bank transfer (automatic),26.51,191.46,No
5846-YGEOT,Male,1,Yes,No,10,Yes,No,Fiber optic,No,No,No,No,Yes,Yes,Two year,Yes,Mailed check,90.03,904.42,No
8867-TOJXZ,Female,0,No,No,57,No,No phone service,Fiber optic,No,No,No,Yes,Yes,No,Month-to-month,Yes,Electronic check,79.48,4525.14,No
2404-ZNZZJ,Male,0,Yes,No,10,Yes,No,DSL,No,Yes,No,Yes,Yes,No,One year,Yes,Bank transfer (automatic),67.66,673.54,No
3064-UNBPM,Female,0,No,No,55,Yes,No,DSL,Yes,Yes,Yes,No,Yes,No,Month-to-month,Yes,Electronic check,77.25,4241.56,No
5040-GPJXV,Male,0,No,Yes,5,Yes,No,DSL,No,No,No,No,Yes,No,Two year,Yes,Electronic check,57.93,285.91,No
1008-VWGPI,Female,0,No,No,26,Yes,No,No,No internet service,No internet service,No internet service,No internet service,No internet service,No internet service,Month-to-month,Yes,Bank transfer (automatic),18.25,478.46,No
4667-GKHGS,Male,0,No,Yes,32,Yes,No,No,No internet service,No internet service,No internet service,No internet service,No internet service,No internet service,Month-to-month,Yes,Bank transfer (automatic),24.31,770.31,No
2107-LGHGF,Male,0,No,No,2,Yes,No,DSL,Yes,No,Yes,Yes,Yes,Yes,Two year,Yes,Electronic check,79.5,164.61,No
6400-IMGHV,Female,0,No,No,18,Yes,No,DSL,Yes,Yes,No,No,Yes,No,Month-to-month,No,Bank transfer (automatic),68.05,1227.84,No
3800-QPVBH,Female,1,No,No,0,Yes,Yes,No,No internet service,No internet service,No internet service,No internet service,No internet service,No internet service,Month-to-month,Yes,Electronic check,25.74, ,Yes
7768-MRXVJ,Female,0,No,No,63,Yes,No,Fiber optic,Yes,No,No,No,No,Yes,Two year,Yes,Electronic check,87.47,5515.94,No
6825-NPGUU,Male,0,No,No,17,Yes,Yes,No,No internet service,No internet service,No internet service,No internet service,No internet service,No internet service,Month-to-month,No,Bank transfer (automatic),21.13,364.37,Yes
4807-WNYDZ,Female,0,No,No,0,Yes,Yes,No,No internet service,No internet service,No internet service,No internet service,No internet service,No internet service,One year,No,Mailed check,24.25, ,No
5131-RCAQG,Female,0,Yes,No,27,Yes,No,DSL,Yes,No,Yes,No,No,Yes,One year,Yes,Credit card (automatic),70.35,1888.45,No
8215-ESGNB,Male,0,No,Yes,52,Yes,No,Fiber optic,Yes,Yes,No,No,Yes,Yes,Month-to-month,Yes,Electronic check,101.19,5283.95,Yes
6858-QPHRO,Female,0,No,No,32,Yes,No,Fiber optic,Yes,No,Yes,No,Yes,No,Month-to-month,No,Credit card (automatic),89.92,2877.33,No
7118-IFRRY,Male,0,No,Yes,3,Yes,No,Fiber optic,No,Yes,Yes,No,Yes,No,One year,No,Mailed check,88.87,265.75,No
3615-NNNYD,Male,0,Yes,Yes,18,Yes,Yes,No,No internet service,No internet service,No internet service,No internet service,No internet service,No internet service,Month-to-month,No,Electronic check,29.66,527.51,No
2774-ORNZA,Female,0,Yes,No,31,Yes,Yes,Fiber optic,No,No,Yes,Yes,No,Yes,Two year,No,Electronic check,96.15,2974.61,No
4260-TJJXB,Male,1,Yes,No,38,Yes,Yes,Fiber optic,Yes,No,No,No,No,Yes,Month-to-month,Yes,Electronic check,87.29,3307.19,Yes
9636-HAADG,Male,1,No,No,0,Yes,No,Fiber optic,No,No,Yes,No,Yes,Yes,Month-to-month,Yes,Bank transfer (automatic),99.02, ,No
8816-PEBWK,Male,0,Yes,No,8,Yes,No,Fiber optic,No,Yes,No,No,Yes,Yes,One year,Yes,Electronic check,97.68,782.47,No
8000-YSMXK,Male,0,No,No,51,Yes,No,DSL,Yes,No,Yes,No,No,Yes,Month-to-month,Yes,Electronic check,64.49,3283.55,No
6648-EMTAJ,Female,0,No,No,7,Yes,No,Fiber optic,Yes,No,No,No,No,No,Month-to-month,No,Bank transfer (automatic),80.08,552.35,No
9031-HXHSF,Female,0,Yes,No,15,Yes,No,Fiber optic,Yes,No,No,Yes,Yes,Yes,Two year,Yes,Mailed check,99.08,1488.57,No
8611-GPIUY,Male,0,No,No,28,Yes,Yes,DSL,No,No,No,No,Yes,Yes,Month-to-month,Yes,Mailed check,66.82,1875.49,No
5297-JTPAQ,Female,0,No,No,72,Yes,Yes,DSL,No,No,Yes,Yes,No,Yes,Month-to-month,No,Electronic check,69.53,4988.01,Yes
5893-ZUNSU,Male,0,Yes,No,13,Yes,Yes,DSL,Yes,No,No,Yes,Yes,No,Month-to-month,Yes,Electronic check,63.59,828.61,No
2620-QNHUU,Female,0,No,No,16,Yes,Yes,Fiber optic,No,No,Yes,No,No,Yes,Month-to-month,Yes,Electronic check,89.17,1423.86,Yes
4944-HMQSG,Female,0,Yes,Yes,19,Yes,Yes,Fiber optic,No,No,No,No,Yes,No,Month-to-month,No,Electronic check,80.55,1541.27,No
2104-AEYFZ,Male,1,No,No,6,Yes,Yes,DSL,No,Yes,No,No,Yes,Yes,One year,No,Electronic check,76.31,469.03,No
6761-YPVEE,Male,0,No,No,11,Yes,Yes,DSL,Yes,Yes,Yes,Yes,Yes,No,Month-to-month,Yes,Bank transfer (automatic),78.78,862.89,No
9990-LCPFO,Male,0,No,Yes,13,Yes,Yes,No,No internet service,No internet service,No internet service,No internet service,No internet service,No internet service,Month-to-month,No,Credit card (automatic),24.23,300.58,No
5238-PTMLJ,Male,0,No,No,0,Yes,No,Fiber optic,Yes,No,No,No,No,Yes,Month-to-month,Yes,Credit card (automatic),90.43, ,No
3093-BCIKK,Female,1,No,No,0,Yes,No,No,No internet service,No internet service,No internet service,No internet service,No internet service,No internet service,Month-to-month,Yes,Mailed check,25.17, ,No
3517-JZNIT,Male,0,No,No,6,Yes,No,Fiber optic,No,No,No,No,No,Yes,Month-to-month,No,Credit card (automatic),88.1,513.39,No
8061-IEHKA,Female,0,No,Yes,17,Yes,Yes,Fiber optic,Yes,No,No,No,Yes,Yes,One year,No,Electronic check,103.78,1749.54,Yes
9509-VGNEQ,Female,0,No,No,72,Yes,Yes,No,No internet service,No internet service,No internet service,No internet service,No internet service,No internet service,Month-to-month,Yes,Electronic check,20.25,1457.21,No
8129-UFPKJ,Male,0,No,No,72,Yes,No,No,No internet service,No internet service,No internet service,No internet service,No internet service,No internet service,Two year,No,Bank transfer (automatic),31.41,2260.55,No
3542-GWBLS,Female,0,Yes,No,25,Yes,Yes,DSL,No,No,No,Yes,No,Yes,Two year,Yes,Mailed check,60.84,1518.66,No
6541-CBTEK,Male,0,No,No,42,Yes,No,Fiber optic,No,No,Yes,Yes,Yes,No,Two year,Yes,Bank transfer (automatic),93.19,3931.6,No
9472-CCVEV,Male,0,No,Yes,55,Yes,Yes,Fiber optic,Yes,No,No,Yes,No,No,Two year,No,Mailed check,86.16,4738.65,No
5703-CMUHT,Female,0,No,Yes,43,Yes,No,Fiber optic,No,Yes,No,No,Yes,No,Two year,No,Electronic check,93.26,4002.34,No
3665-BDRSD,Male,0,No,Yes,18,No,No phone service,DSL,No,No,No,No,Yes,No,Month-to-month,Yes,Credit card (automatic),52.47,942.69,Yes
9723-ZIPZF,Male,0,No,No,29,Yes,No,No,No internet service,No internet service,No internet service,No internet service,No internet service,No internet service,Two year,Yes,Credit card (automatic),22.78,669.27,No
8704-DIMIF,Male,0,No,Yes,0,No,No phone service,DSL,Yes,Yes,Yes,No,No,Yes,Two year,Yes,Electronic check,69.52, ,No
2140-SNUOC,Female,0,Yes,No,25,Yes,Yes,DSL,No,No,No,Yes,Yes,Yes,Month-to-month,Yes,Bank transfer (automatic),66.56,1658.71,No
3852-URNPN,Female,0,Yes,No,13,Yes,No,Fiber optic,Yes,Yes,No,Yes,Yes,Yes,Two year,Yes,Mailed check,101.25,1309.6,No
8430-NFUOT,Male,1,No,Yes,24,Yes,No,No,No internet service,No internet service,No internet service,No internet service,No internet service,No internet service,Two year,No,Mailed check,33.36,819.14,No
1839-BHAZQ,Male,0,No,No,28,Yes,No,DSL,Yes,No,Yes,No,No,Yes,Month-to-month,Yes,Electronic check,63.63,1796.96,No
2650-EVTPG,Female,0,Yes,No,2,Yes,No,Fiber optic,No,Yes,No,No,Yes,Yes,Two year,Yes,Bank transfer (automatic),94.09,190.24,No
7278-RRBON,Female,0,No,Yes,49,Yes,No,DSL,No,Yes,Yes,No,Yes,Yes,Month-to-month,No,Electronic check,83.64,4097.54,No
4358-RINEK,Male,1,No,No,4,Yes,No,DSL,Yes,No,No,Yes,No,Yes,Two year,Yes,Bank transfer (automatic),68.55,298.06,No
3791-EKEQV,Female,1,Yes,Yes,0,Yes,No,No,No internet service,No internet service,No internet service,No internet service,No internet service,No internet service,Month-to-month,No,Electronic check,27.67, ,No
5959-DOSVB,Male,0,No,No,13,No,No phone service,No,No internet service,No internet service,No internet service,No internet service,No internet service,No internet service,Month-to-month,No,Electronic check,18.25,238.9,No
8696-LYXQJ,Male,0,Yes,No,2,Yes,Yes,DSL,No,Yes,No,No,No,No,Two year,No,Mailed check,53.63,104.4,No
9401-SRMNX,Male,0,Yes,No,72,Yes,No,Fiber optic,Yes,No,Yes,No,Yes,Yes,Month-to-month,Yes,Credit card (automatic),101.17,7278.96,Yes
3105-RPQGL,Female,0,No,Yes,8,No,No phone service,No,No internet service,No internet service,No internet service,No internet service,No internet service,No internet service,Two year,Yes,Credit card (automatic),18.25,158.54,No
8137-JEUCS,Female,0,Yes,Yes,6,Yes,No,DSL,No,No,No,No,Yes,No,One year,Yes,Bank transfer (automatic),60.87,367.92,No
7764-LCFND,Female,0,Yes,No,7,Yes,Yes,DSL,Yes,No,No,No,Yes,No,Two year,Yes,Electronic check,64.26,432.49,No
7642-RCTFP,Male,0,No,No,7,Yes,No,DSL,No,Yes,No,No,No,Yes,Two year,No,Electronic check,61.88,426.55,No
2171-XCLSS,Female,0,No,No,1,Yes,Yes,DSL,Yes,No,No,No,Yes,No,Two year,Yes,Bank transfer (automatic),70.86,82.09,No
6856-BMZMB,Female,0,No,No,18,Yes,Yes,DSL,No,No,Yes,No,Yes,No,One year,Yes,Electronic check,55.7,1010.71,Yes
3717-SVXPL,Male,0,Yes,No,0,Yes,Yes,DSL,No,No,No,No,No,Yes,Month-to-month,Yes,Mailed check,55.78, ,Yes
8200-IQJRS,Female,0,No,No,32,Yes,No,Fiber optic,Yes,Yes,Yes,No,Yes,Yes,Two year,Yes,Mailed check,105.77,3375.23,Yes
6190-YSXOI,Male,0,Yes,No,35,Yes,No,Fiber optic,No,No,No,No,Yes,No,Month-to-month,Yes,Electronic check,74.97,2616.46,No
7953-WTTDF,Male,0,Yes,Yes,12,Yes,Yes,DSL,No,No,No,No,Yes,Yes,One year,No,Bank transfer (automatic),59.61,718.46,No
6891-EILWH,Female,0,Yes,No,72,Yes,Yes,DSL,No,No,No,Yes,Yes,Yes,Two year,No,Credit card (automatic),73.82,5322.33,No
7260-EKWKM,Female,0,No,No,36,Yes,No,Fiber optic,No,Yes,Yes,Yes,Yes,No,Two year,Yes,Electronic check,88.97,3197.81,No
5039-YRSLL,Male,0,No,No,3,Yes,No,No,No internet service,No internet service,No internet service,No internet service,No internet service,No internet service,Two year,Yes,Credit card (automatic),20.13,54.95,No
2361-JGRLN,Female,0,No,No,72,No,No phone service,No,No internet service,No internet service,No internet service,No internet service,No internet service,No internet service,One year,No,Mailed check,22.03,1599.59,No
6902-PBRLP,Female,0,Yes,Yes,44,Yes,Yes,No,No internet service,No internet service,No internet service,No internet service,No internet service,No internet service,One year,No,Electronic check,32.2,1415.31,No
7476-TQRCW,Female,0,No,No,29,Yes,Yes,Fiber optic,No,No,Yes,Yes,No,Yes,Month-to-month,Yes,Bank transfer (automatic),93.79,2727.83,Yes
7373-CSDTW,Male,0,Yes,No,25,Yes,Yes,No,No internet service,No internet service,No internet service,No internet service,No internet service,No internet service,Month-to-month,No,Credit card (automatic),20.91,534.59,No
3471-GBUFP,Male,0,No,Yes,22,Yes,Yes,No,No internet service,No internet service,No internet service,No internet service,No internet service,No internet service,Month-to-month,No,Credit card (automatic),18.55,411.79,No
4177-DMJUN,Female,0,No,No,72,Yes,Yes,No,No internet service,No internet service,No internet service,No internet service,No internet service,No internet service,Month-to-month,Yes,Bank transfer (automatic),22.11,1588.96,No
2544-KWRKQ,Male,0,Yes,No,15,Yes,No,DSL,Yes,No,Yes,No,No,Yes,Two year,No,Mailed check,62.24,938.18,No
6761-CKRCZ,Female,0,Yes,No,4,Yes,Yes,Fiber optic,No,Yes,No,Yes,Yes,No,Two year,No,Electronic check,97.66,394.55,No
6450-YTYKS,Female,0,No,No,8,Yes,Yes,DSL,No,Yes,No,No,No,No,Month-to-month,No,Bank transfer (automatic),52.9,416.48,Yes
9027-AEJJN,Female,0,Yes,No,11,Yes,No,DSL,No,No,No,No,Yes,No,Month-to-month,Yes,Bank transfer (automatic),66.61,728.94,No
3977-DBRMS,Female,0,Yes,Yes,9,Yes,No,DSL,No,Yes,No,Yes,No,Yes,Month-to-month,Yes,Electronic check,71.06,634.23,No
8443-BKZRF,Male,0,Yes,No,0,Yes,No,No,No internet service,No internet service,No internet service,No internet service,No internet service,No internet service,Month-to-month,Yes,Electronic check,21.91, ,Yes
3742-JVWQV,Female,0,No,Yes,1,Yes,Yes,No,No internet service,No internet service,No internet service,No internet service,No internet service,No internet service,One year,No,Electronic check,19.23,26.81,No
5562-QXDZX,Male,0,Yes,No,0,Yes,No,Fiber optic,No,No,No,No,Yes,No,Two year,No,Credit card (automatic),94.49, ,No
9953-NTDNZ,Male,0,No,Yes,27,Yes,No,DSL,No,No,No,Yes,Yes,Yes,Month-to-month,No,Bank transfer (automatic),65.77,1787.17,No
6539-FIULZ,Female,0,No,Yes,26,Yes,No,DSL,Yes,Yes,No,No,Yes,Yes,Month-to-month,Yes,Electronic check,74.56,1940.22,No
5061-HXDZY,Female,0,Yes,No,1,Yes,No,Fiber optic,Yes,Yes,No,Yes,Yes,No,Two year,Yes,Electronic check,97.58,93.91,Yes
5722-HIODY,Male,0,Yes,No,9,Yes,No,Fiber optic,No,Yes,No,No,No,Yes,One year,Yes,Electronic check,77.11,703.47,No
6855-HOSOE,Female,0,No,No,7,Yes,No,DSL,Yes,No,No,No,No,Yes,Month-to-month,Yes,Electronic check,56.14,392.61,No
8250-GFSYQ,Female,1,No,Yes,14,Yes,No,DSL,No,No,No,Yes,Yes,Yes,Month-to-month,No,Mailed check,72.79,996.07,No
3686-KOJKW,Male,0,Yes,No,10,Yes,Yes,Fiber optic,No,Yes,No,No,Yes,Yes,One year,Yes,Electronic check,95.91,968.96,Yes
1578-CRYKT,Male,0,Yes,No,41,Yes,Yes,DSL,No,Yes,No,No,Yes,No,Month-to-month,Yes,Credit card (automatic),53.53,2187.44,Yes
7321-YOGJU,Male,0,Yes,No,51,Yes,Yes,Fiber optic,No,Yes,No,No,Yes,Yes,Month-to-month,No,Bank transfer (automatic),99.46,5068.95,No
8414-TJMOW,Female,0,No,Yes,5,Yes,Yes,No,No internet service,No internet service,No internet service,No internet service,No internet service,No internet service,Two year,Yes,Bank transfer (automatic),22.1,109.22,No
6169-WDTQC,Female,1,No,Yes,3,Yes,Yes,No,No internet service,No internet service,No internet service,No internet service,No internet service,No internet service,Month-to-month,No,Bank transfer (automatic),18.25,39.28,No
7196-BDAOY,Male,0,No,No,43,Yes,Yes,No,No internet service,No internet service,No internet service,No internet service,No internet service,No internet service,Month-to-month,No,Bank transfer (automatic),28.44,1225.25,No
7240-FGSLA,Male,0,No,Yes,16,Yes,No,DSL,No,Yes,No,No,No,Yes,Month-to-month,Yes,Electronic check,64.85,1036.16,No
8462-SMZLL,Female,1,Yes,No,9,Yes,Yes,No,No internet service,No internet service,No internet service,No internet service,No internet service,No internet service,Month-to-month,Yes,Mailed check,18.25,165.34,Yes
4989-MNVLT,Male,0,Yes,No,1,Yes,No,Fiber optic,No,Yes,No,Yes,Yes,No,Two year,Yes,Electronic check,82.74,91.21,No
7106-FJTXI,Male,0,No,Yes,22,No,No phone service,Fiber optic,No,No,No,No,No,Yes,Month-to-month,Yes,Electronic check,77.69,1704.05,Yes
3721-GIYLE,Female,0,No,Yes,5,Yes,Yes,DSL,Yes,No,Yes,Yes,Yes,Yes,One year,No,Mailed check,75.57,368.31,No
9512-VOHAR,Male,1,No,No,0,Yes,No,No,No internet service,No internet service,No internet service,No internet service,No internet service,No internet service,Month-to-month,Yes,Electronic check,18.25, ,No
2500-AERPZ,Female,1,No,No,14,Yes,Yes,Fiber optic,No,No,Yes,No,No,No,Month-to-month,No,Bank transfer (automatic),72.24,1022.13,No
2865-DAWHE,Male,0,Yes,No,21,Yes,Yes,DSL,Yes,No,No,Yes,Yes,No,Month-to-month,No,Electronic check,58.69,1224.03,No
8959-QGQFV,Female,0,Yes,No,4,Yes,No,Fiber optic,Yes,Yes,Yes,Yes,Yes,Yes,One year,Yes,Mailed check,114.69,467.91,No
4342-EORRY,Female,0,Yes,No,25,Yes,Yes,DSL,Yes,No,No,Yes,No,No,Two year,Yes,Credit card (automatic),54.69,1372.92,No
9244-UWFBQ,Male,0,No,Yes,5,Yes,No,Fiber optic,Yes,No,No,Yes,Yes,Yes,One year,Yes,Electronic check,100.77,523.28,No
4871-UDLSB,Male,0,No,No,0,Yes,No,DSL,No,No,Yes,No,No,No,Two year,No,Bank transfer (automatic),59.6, ,No
5833-NOTBD,Male,0,No,No,3,Yes,Yes,Fiber optic,Yes,Yes,Yes,Yes,No,No,Month-to-month,Yes,Mailed check,92.86,273.85,Yes
9530-IGMLC,Female,0,Yes,No,21,Yes,Yes,DSL,No,No,No,Yes,Yes,Yes,One year,No,Mailed check,78.51,1642.49,No
9076-ONXIM,Male,0,No,No,24,Yes,Yes,DSL,No,No,No,No,Yes,No,Two year,No,Electronic check,50.98,1234.56,No
3006-VDUHC,Female,0,Yes,No,48,Yes,Yes,DSL,No,No,No,No,No,No,Month-to-month,Yes,Credit card (automatic),44.07,2118.62,No
9722-WHQMG,Male,0,Yes,No,1,Yes,No,No,No internet service,No internet service,No internet service,No internet service,No internet service,No internet service,One year,Yes,Mailed check,21.02,27.61,No
2896-LNNOC,Female,1,Yes,Yes,72,Yes,No,Fiber optic,Yes,No,No,No,No,Yes,One year,Yes,Mailed check,94.16,6779.21,No
1782-SXTNH,Male,0,No,Yes,17,Yes,No,DSL,Yes,No,No,No,No,Yes,Month-to-month,No,Credit card (automatic),63.6,1076.99,No
4139-NPTXF,Female,0,No,No,6,No,No phone service,No,No internet service,No internet service,No internet service,No internet service,No internet service,No internet service,Month-to-month,Yes,Electronic check,18.25,106.59,No
4190-YFCOC,Female,0,Yes,Yes,10,Yes,Yes,Fiber optic,Yes,No,Yes,No,Yes,No,One year,Yes,Mailed check,95.73,954.99,Yes
9138-CJRAP,Female,0,No,No,1,Yes,No,DSL,Yes,Yes,Yes,No,No,No,Month-to-month,Yes,Bank transfer (automatic),71.17,60.93,Yes
6408-DCELY,Female,0,Yes,No,2,No,No phone service,Fiber optic,Yes,No,Yes,Yes,Yes,Yes,Month-to-month,No,Credit card (automatic),108.0,226.86,Yes
7443-MXLYP,Female,0,Yes,Yes,51,Yes,No,DSL,Yes,Yes,Yes,Yes,Yes,No,One year,No,Electronic check,82.0,4195.29,No
1991-MEXDU,Female,0,No,Yes,2,Yes,Yes,No,No internet service,No internet service,No internet service,No internet service,No internet service,No internet service,Month-to-month,No,Bank transfer (automatic),26.84,60.73,No
9046-LSUSU,Male,0,Yes,No,1,No,No phone service,No,No internet service,No internet service,No internet service,No internet service,No internet service,No internet service,Two year,No,Credit card (automatic),18.25,32.63,Yes
2099-ZNFAV,Female,0,Yes,Yes,21,Yes,No,DSL,Yes,Yes,No,Yes,Yes,Yes,Two year,Yes,Bank transfer (automatic),83.65,1775.01,No
8457-XKCJF,Male,0,Yes,No,11,Yes,Yes,Fiber optic,Yes,No,No,No,No,No,One year,No,Mailed check,81.08,888.54,Yes
1005-TUBZZ,Male,0,Yes,No,12,Yes,No,Fiber optic,No,No,No,Yes,No,No,Month-to-month,Yes,Credit card (automatic),80.01,972.11,No
9031-JWZFW,Male,0,No,Yes,3,Yes,Yes,No,No internet service,No internet service,No internet service,No internet service,No internet service,No internet service,Two year,Yes,Credit card (automatic),21.56,67.32,No
6083-QNEWQ,Male,0,No,Yes,1,Yes,No,Fiber optic,Yes,Yes,No,No,No,Yes,Month-to-month,No,Bank transfer (automatic),88.32,86.52,Yes
9737-ILSVG,Male,1,No,No,48,Yes,Yes,Fiber optic,Yes,Yes,Yes,Yes,Yes,No,Month-to-month,Yes,Bank transfer (automatic),101.88,4898.36,No
9808-UPTKL,Male,0,Yes,No,11,Yes,No,Fiber optic,Yes,Yes,No,No,Yes,No,One year,No,Mailed check,95.43,1038.72,No
5142-RSPOE,Male,0,No,No,2,Yes,No,Fiber optic,Yes,Yes,Yes,Yes,No,No,One year,No,Electronic check,90.37,205.99,No
9142-RMDQD,Female,0,No,Yes,5,Yes,Yes,Fiber optic,No,Yes,Yes,Yes,No,No,Month-to-month,No,Bank transfer (automatic),76.22,393.73,Yes
8343-WONLC,Male,0,No,No,2,Yes,Yes,Fiber optic,No,Yes,Yes,Yes,No,No,One year,No,Electronic check,90.05,167.34,Yes
9359-FVNQU,Male,0,No,No,15,Yes,No,No,No internet service,No internet service,No internet service,No internet service,No internet service,No internet service,Month-to-month,Yes,Credit card (automatic),20.26,301.52,No
9191-ZOAXW,Female,0,No,No,39,Yes,Yes,Fiber optic,No,Yes,No,No,Yes,No,Two year,Yes,Credit card (automatic),90.94,3539.88,No
4081-NJJTK,Female,0,Yes,Yes,12,No,No phone service,DSL,No,No,No,Yes,No,Yes,Two year,Yes,Electronic check,60.6,725.43,No
2653-PIONS,Male,0,No,No,23,Yes,Yes,No,No internet service,No internet service,No internet service,No internet service,No internet service,No internet service,One year,Yes,Bank transfer (automatic),23.45,538.33,No
2438-IDUGV,Female,0,Yes,Yes,27,Yes,Yes,DSL,No,Yes,No,Yes,No,No,Month-to-month,Yes,Electronic check,54.58,1489.29,No
6977-HXHSO,Male,0,Yes,No,29,Yes,Yes,No,No internet service,No internet service,No internet service,No internet service,No internet service,No internet service,Month-to-month,Yes,Mailed check,19.88,578.86,No
3991-ZVWIZ,Female,0,Yes,No,22,Yes,Yes,No,No internet service,No internet service,No internet service,No internet service,No internet service,No internet service,Month-to-month,No,Bank transfer (automatic),28.91,624.14,Yes
3493-LPDEH,Male,0,No,No,19,Yes,No,No,No internet service,No internet service,No internet service,No internet service,No internet service,No internet service,One year,Yes,Mailed check,31.94,597.13,No
6083-FODUK,Female,0,Yes,No,15,Yes,Yes,Fiber optic,No,Yes,Yes,No,No,Yes,One year,No,Credit card (automatic),92.36,1389.0,No
2284-RXORT,Male,0,No,No,15,Yes,No,Fiber optic,Yes,No,Yes,Yes,No,No,Two year,No,Credit card (automatic),76.01,1148.96,No
5507-MEAVR,Female,0,Yes,No,9,Yes,No,DSL,Yes,No,No,No,Yes,Yes,Month-to-month,Yes,Mailed check,59.2,520.07,No
1429-EFXYP,Male,0,No,Yes,16,Yes,Yes,Fiber optic,No,No,Yes,No,No,No,Two year,Yes,Bank transfer (automatic),79.1,1252.37,No
3996-LTRBW,Female,0,Yes,No,15,Yes,No,Fiber optic,No,Yes,No,No,Yes,No,Two year,No,Electronic check,78.12,1171.65,No
1703-WMQQP,Female,1,No,No,9,Yes,Yes,DSL,Yes,No,Yes,No,No,Yes,Month-to-month,Yes,Electronic check,67.14,607.13,Yes
6297-HCQRZ,Female,0,No,No,8,Yes,No,Fiber optic,No,No,Yes,Yes,Yes,No,Month-to-month,Yes,Bank transfer (automatic),95.99,766.27,Yes
5697-WFHWZ,Female,1,Yes,Yes,14,Yes,Yes,Fiber optic,Yes,Yes,No,Yes,Yes,No,One year,Yes,Credit card (automatic),95.5,1326.78,No
8852-HSFWO,Female,0,No,No,38,Yes,Yes,No,No internet service,No internet service,No internet service,No internet service,No internet service,No internet service,Month-to-month,Yes,Credit card (automatic),26.1,1002.19,Yes
9095-JQAGM,Male,1,Yes,Yes,6,Yes,No,Fiber optic,Yes,No,Yes,Yes,Yes,No,Two year,Yes,Electronic check,101.06,601.49,No
7850-SOEKV,Male,0,No,No,44,Yes,No,DSL,No,Yes,No,Yes,Yes,Yes,Month-to-month,No,Mailed check,73.98,3262.32,No
2617-CFCEI,Male,0,No,No,30,Yes,No,DSL,Yes,Yes,No,No,Yes,Yes,Month-to-month,Yes,Electronic check,79.71,2375.61,No
8707-SMFKU,Female,0,Yes,No,7,Yes,No,Fiber optic,No,No,No,No,Yes,No,Two year,No,Credit card (automatic),80.99,567.75,No
4476-NFFQK,Female,0,No,Yes,0,Yes,Yes,DSL,Yes,No,No,No,No,Yes,Two year,Yes,Bank transfer (automatic),59.86, ,No
5340-QXGGU,Female,1,Yes,No,1,Yes,Yes,Fiber optic,No,No,No,Yes,Yes,No,One year,Yes,Credit card (automatic),84.19,82.87,No
2024-YYHES,Male,0,No,Yes,51,Yes,No,DSL,Yes,No,Yes,No,No,No,Month-to-month,No,Mailed check,55.89,2867.04,No
3567-QSLWO,Male,0,No,Yes,39,Yes,No,Fiber optic,No,No,No,No,No,Yes,Month-to-month,Yes,Electronic check,84.88,3313.13,Yes
8203-WLMNE,Male,0,No,Yes,11,Yes,Yes,DSL,No,No,Yes,Yes,No,Yes,Month-to-month,No,Bank transfer (automatic),63.39,690.46,No
4613-GOMZP,Female,0,No,No,1,Yes,No,Fiber optic,No,No,Yes,No,Yes,No,One year,No,Credit card (automatic),89.97,85.95,Yes
7598-PWWMW,Female,1,No,No,40,Yes,No,DSL,Yes,No,No,No,Yes,No,Two year,Yes,Electronic check,66.66,2662.78,No
5029-RNRSN,Female,0,No,Yes,7,Yes,No,Fiber optic,Yes,No,Yes,No,No,Yes,Two year,Yes,Credit card (automatic),86.84,609.89,No
8443-FHZZG,Male,0,No,No,72,Yes,Yes,DSL,No,No,Yes,No,Yes,No,Two year,Yes,Bank transfer (automatic),64.36,4646.03,No
5145-OTVSV,Female,0,No,Yes,17,Yes,Yes,No,No internet service,No internet service,No internet service,No internet service,No internet service,No internet service,Month-to-month,Yes,Electronic check,18.25,309.63,No
3612-UBHUK,Female,0,No,No,30,Yes,No,DSL,Yes,Yes,No,No,No,No,One year,Yes,Bank transfer (automatic),55.46,1659.71,No
2790-IIQGI,Female,0,No,No,14,Yes,Yes,DSL,No,No,No,No,No,No,Two year,Yes,Electronic check,46.87,661.21,No
8681-DNDBH,Male,0,No,No,0,Yes,No,DSL,No,No,No,No,No,No,Month-to-month,Yes,Electronic check,46.47, ,Yes
6311-NTYJQ,Male,0,Yes,No,1,Yes,Yes,Fiber optic,No,No,Yes,No,Yes,Yes,One year,Yes,Electronic check,106.74,108.7,No
8815-NUWHE,Male,0,Yes,Yes,72,Yes,No,Fiber optic,No,Yes,No,No,Yes,No,Month-to-month,No,Bank transfer (automatic),84.71,6091.77,No
3063-HJHIR,Female,0,Yes,No,12,Yes,No,DSL,No,No,No,Yes,Yes,No,Month-to-month,Yes,Electronic check,61.65,726.51,No
6154-QTOUQ,Female,0,No,No,4,No,No phone service,Fiber optic,No,No,Yes,Yes,No,No,Month-to-month,No,Electronic check,76.05,301.48,Yes
2639-BQREI,Male,0,Yes,Yes,30,Yes,Yes,Fiber optic,Yes,Yes,No,No,No,Yes,Month-to-month,No,Bank transfer (automatic),106.34,3200.81,Yes
9424-BBSWC,Female,1,No,Yes,51,Yes,No,No,No internet service,No internet service,No internet service,No internet service,No internet service,No internet service,Two year,Yes,Electronic check,32.04,1644.35,No
4600-NNNFC,Female,0,No,Yes,7,Yes,No,No,No internet service,No internet service,No internet service,No internet service,No internet service,No internet service,Month-to-month,Yes,Bank transfer (automatic),29.31,205.95,Yes
3944-PDAQR,Female,0,No,No,20,Yes,Yes,Fiber optic,No,Yes,Yes,No,Yes,No,Two year,No,Bank transfer (automatic),85.77,1728.92,No
8518-PZJHL,Male,1,No,No,6,Yes,No,Fiber optic,Yes,No,No,Yes,No,Yes,Two year,No,Credit card (automatic),90.72,549.74,No
7037-PLKTS,Male,0,Yes,Yes,41,Yes,No,Fiber optic,Yes,No,Yes,No,Yes,No,Two year,No,Bank transfer (automatic),100.5,4127.79,No
3688-CLIUV,Male,0,Yes,Yes,2,Yes,No,DSL,No,No,Yes,Yes,Yes,Yes,Month-to-month,No,Bank transfer (automatic),83.92,169.49,No
7820-AJQDO,Female,0,No,Yes,11,Yes,Yes,No,No internet service,No internet service,No internet service,No internet service,No internet service,No internet service,Month-to-month,No,Bank transfer (automatic),18.25,220.73,No
5091-WOGOH,Male,1,No,No,11,Yes,No,Fiber optic,No,Yes,Yes,No,Yes,No,Month-to-month,No,Electronic check,84.73,928.89,Yes
4037-ZWJRD,Male,0,No,Yes,24,Yes,No,Fiber optic,No,Yes,Yes,No,Yes,Yes,Two year,Yes,Mailed check,101.78,2429.06,No
8402-VCOCO,Male,0,No,Yes,4,Yes,Yes,Fiber optic,Yes,No,Yes,No,No,Yes,Month-to-month,Yes,Mailed check,93.16,371.73,Yes
5133-ANPAU,Male,1,Yes,Yes,15,Yes,Yes,No,No internet service,No internet service,No internet service,No internet service,No internet service,No internet service,One year,No,Bank transfer (automatic),29.18,441.07,No
9432-ZHRPF,Male,0,No,No,19,Yes,No,Fiber optic,Yes,No,No,No,No,Yes,Month-to-month,No,Electronic check,90.35,1732.59,Yes
3779-LTQNN,Female,0,Yes,No,53,Yes,No,Fiber optic,No,Yes,No,No,Yes,No,Two year,Yes,Bank transfer (automatic),91.27,4831.33,No
5177-LBBQJ,Female,0,No,No,17,Yes,No,DSL,No,No,Yes,No,No,No,Two year,No,Mailed check,63.56,1074.64,No
5885-SZUAX,Female,0,Yes,Yes,3,Yes,Yes,Fiber optic,No,No,Yes,Yes,No,Yes,Month-to-month,No,Bank transfer (automatic),88.45,265.31,No
2496-DBSUL,Female,0,Yes,No,2,Yes,No,DSL,No,Yes,Yes,No,Yes,Yes,Month-to-month,Yes,Electronic check,71.61,126.07,Yes
8625-MVWTW,Female,0,No,Yes,61,Yes,No,No,No internet service,No internet service,No internet service,No internet service,No internet service,No internet service,Month-to-month,Yes,Electronic check,26.35,1608.31,No
9590-ZCWTM,Female,0,No,Yes,72,Yes,No,Fiber optic,Yes,Yes,No,No,No,Yes,Two year,Yes,Credit card (automatic),95.39,6869.67,No
1551-YGXHR,Male,0,No,No,4,Yes,No,Fiber optic,Yes,No,No,No,No,No,Month-to-month,Yes,Bank transfer (automatic),82.64,318.37,Yes
9360-FDOEZ,Female,0,No,No,33,Yes,Yes,Fiber optic,No,Yes,Yes,No,Yes,Yes,Month-to-month,Yes,Credit card (automatic),95.73,3136.33,No
6380-GIGIT,Female,0,Yes,No,6,Yes,Yes,DSL,No,No,Yes,Yes,Yes,Yes,One year,Yes,Electronic check,74.51,449.96,No
7153-ZDFXN,Female,0,No,No,42,Yes,No,DSL,No,Yes,Yes,No,No,No,Month-to-month,Yes,Credit card (automatic),67.2,2814.45,No
1400-MXGIK,Female,1,No,No,2,Yes,No,No,No internet service,No internet service,No internet service,No internet service,No internet service,No internet service,One year,Yes,Bank transfer (automatic),18.25,42.7,No
4851-UCOUJ,Female,0,No,No,13,Yes,No,No,No internet service,No internet service,No internet service,No internet service,No internet service,No internet service,Month-to-month,No,Bank transfer (automatic),23.0,305.42,Yes
2824-NTFBW,Female,0,No,Yes,21,Yes,No,DSL,Yes,No,No,Yes,No,No,Two year,Yes,Electronic check,63.03,1331.29,No
5775-ADDET,Female,0,Yes,No,45,Yes,Yes,Fiber optic,No,No,Yes,No,No,Yes,One year,Yes,Electronic check,90.46,4090.02,No
8464-WMRQY,Female,0,Yes,No,46,Yes,No,Fiber optic,Yes,Yes,Yes,Yes,No,No,Month-to-month,Yes,Bank transfer (automatic),94.4,4334.01,No
9000-VOBPT,Male,0,No,Yes,4,Yes,Yes,DSL,Yes,Yes,No,No,No,Yes,One year,No,Bank transfer (automatic),68.53,280.71,No
6153-GCQXX,Female,1,Yes,No,72,Yes,No,Fiber optic,No,No,No,Yes,No,No,Two year,Yes,Electronic check,87.27,6292.65,No
8532-GYXCO,Female,0,No,No,24,Yes,No,No,No internet service,No internet service,No internet service,No internet service,No internet service,No internet service,Two year,No,Mailed check,33.45,810.98,No
3481-JWGIE,Female,1,Yes,Yes,25,Yes,No,DSL,No,No,No,No,Yes,Yes,One year,No,Bank transfer (automatic),61.56,1517.55,No
8411-HNDTN,Female,0,No,Yes,52,Yes,Yes,No,No internet service,No internet service,No internet service,No internet service,No internet service,No internet service,Two year,No,Electronic check,21.35,1112.39,No
9107-BMATG,Female,1,Yes,No,9,Yes,Yes,Fiber optic,No,No,No,No,No,No,One year,No,Bank transfer (automatic),77.13,688.31,No
4775-YIZQU,Male,0,No,No,12,Yes,No,DSL,Yes,Yes,No,Yes,Yes,Yes,One year,Yes,Mailed check,82.23,980.86,No
7476-WJPFP,Male,0,No,Yes,72,Yes,Yes,DSL,No,No,No,No,No,Yes,One year,Yes,Electronic check,56.38,4061.43,No
5089-TCIOM,Male,0,Yes,Yes,0,Yes,Yes,DSL,No,No,Yes,No,Yes,No,Month-to-month,Yes,Electronic check,67.36, ,No
7953-TXMQG,Male,0,Yes,No,48,Yes,Yes,DSL,No,No,No,No,Yes,Yes,Month-to-month,No,Mailed check,71.8,3435.36,No
9347-FMQOD,Male,0,Yes,Yes,44,Yes,No,DSL,No,No,No,No,Yes,No,Month-to-month,No,Bank transfer (automatic),55.47,2437.16,No
5315-ONUKX,Female,0,Yes,No,7,Yes,No,No,No internet service,No internet service,No internet service,No internet service,No internet service,No internet service,One year,Yes,Mailed check,24.52,167.37,Yes
2374-DCBTJ,Male,0,Yes,No,41,Yes,Yes,DSL,No,No,Yes,Yes,No,No,One year,Yes,Electronic check,47.71,1960.98,No
4411-ZUWYR,Male,1,No,Yes,9,Yes,No,No,No internet service,No internet service,No internet service,No internet service,No internet service,No internet service,Month-to-month,No,Credit card (automatic),24.61,228.1,No
1111-KJILS,Male,0,Yes,No,23,Yes,No,No,No internet service,No internet service,No internet service,No internet service,No internet service,No internet service,Month-to-month,Yes,Mailed check,20.08,465.94,No
9352-RNVUA,Male,0,Yes,No,14,No,No phone service,DSL,No,Yes,No,Yes,No,No,Month-to-month,Yes,Electronic check,51.2,737.23,No
5592-KTODO,Female,0,No,No,2,Yes,No,Fiber optic,No,No,No,Yes,No,No,Month-to-month,No,Bank transfer (automatic),75.64,154.28,No
5533-VZNVA,Female,0,No,No,54,Yes,Yes,Fiber optic,No,No,Yes,No,No,No,Month-to-month,Yes,Electronic check,84.05,4547.23,Yes
2000-GWKWB,Male,0,Yes,Yes,18,Yes,Yes,No,No internet service,No internet service,No internet service,No internet service,No internet service,No internet service,One year,Yes,Mailed check,31.08,556.35,No
8361-FWSTN,Female,0,No,No,15,Yes,No,DSL,No,No,No,No,No,Yes,Two year,Yes,Electronic check,54.69,822.28,No
3882-GGDWE,Female,0,No,Yes,50,Yes,No,Fiber optic,No,Yes,No,No,Yes,Yes,Month-to-month,No,Mailed check,101.65,5076.87,No
3160-ZDWMP,Female,0,Yes,Yes,9,Yes,Yes,Fiber optic,No,No,No,No,Yes,Yes,One year,Yes,Electronic check,91.53,837.65,No
3543-BRARZ,Female,0,No,Yes,20,Yes,Yes,Fiber optic,No,No,No,Yes,Yes,Yes,Month-to-month,Yes,Credit card (automatic),89.71,1781.58,No
1445-HKXXO,Male,0,No,No,51,Yes,Yes,Fiber optic,No,No,No,No,No,Yes,Two year,Yes,Electronic check,85.2,4354.72,No
4888-QLJTF,Female,0,No,No,10,Yes,No,DSL,Yes,Yes,Yes,No,No,Yes,Two year,Yes,Bank transfer (automatic),72.36,737.66,No
8687-MBSVJ,Female,1,Yes,No,37,Yes,No,Fiber optic,Yes,Yes,Yes,Yes,No,Yes,Two year,Yes,Electronic check,96.89,3587.45,No
2795-LRGTX,Male,0,No,No,17,No,No phone service,No,No internet service,No internet service,No internet service,No internet service,No internet service,No internet service,One year,No,Mailed check,22.13,381.93,No
5150-ZYDGJ,Male,0,Yes,No,4,Yes,No,DSL,Yes,Yes,Yes,Yes,No,Yes,Month-to-month,Yes,Mailed check,79.34,306.66,Yes
8179-ATRYP,Female,1,Yes,No,0,Yes,No,Fiber optic,No,Yes,No,No,No,No,One year,No,Mailed check,78.15, ,No
6458-DFZQG,Male,0,No,No,31,Yes,Yes,DSL,No,Yes,Yes,No,No,No,Month-to-month,Yes,Mailed check,55.73,1718.4,No
7387-NPWIO,Male,0,Yes,No,7,Yes,No,DSL,No,Yes,No,Yes,Yes,No,Two year,No,Credit card (automatic),66.41,462.31,No
5132-RUTHO,Male,0,Yes,Yes,40,No,No phone service,DSL,No,Yes,No,No,Yes,Yes,Month-to-month,No,Electronic check,60.15,2399.37,No
9296-SZVFD,Male,0,No,Yes,5,Yes,Yes,Fiber optic,No,No,No,No,No,Yes,Two year,Yes,Credit card (automatic),85.92,441.59,No
9490-JCALW,Female,1,No,Yes,20,Yes,No,Fiber optic,No,No,Yes,No,No,No,Month-to-month,Yes,Mailed check,80.79,1623.35,Yes
4854-OUNZG,Male,0,Yes,Yes,2,Yes,Yes,Fiber optic,Yes,Yes,Yes,No,No,No,Month-to-month,Yes,Bank transfer (automatic),90.54,184.9,No
5304-XSGCC,Female,0,No,Yes,31,Yes,No,No,No internet service,No internet service,No internet service,No internet service,No internet service,No internet service,Two year,Yes,Electronic check,30.65,936.62,No
5857-YRTVN,Male,1,No,No,34,No,No phone service,Fiber optic,No,Yes,Yes,No,No,No,Month-to-month,No,Mailed check,74.53,2539.32,No
5251-ZZGGE,Female,0,No,No,59,Yes,No,Fiber optic,No,No,Yes,Yes,Yes,Yes,Month-to-month,Yes,Bank transfer (automatic),95.99,5661.09,No
4234-ROTND,Male,0,Yes,No,19,Yes,Yes,Fiber optic,No,No,No,No,No,Yes,Two year,Yes,Electronic check,81.79,1543.34,No
6543-UMVHO,Male,1,No,No,2,Yes,No,DSL,Yes,No,No,No,Yes,Yes,Month-to-month,Yes,Electronic check,76.59,153.85,Yes
6235-DKRJQ,Male,0,Yes,Yes,42,Yes,No,DSL,No,Yes,Yes,Yes,No,Yes,Two year,No,Mailed check,67.31,2824.08,No
9221-OFWUP,Female,0,No,Yes,9,Yes,Yes,Fiber optic,Yes,Yes,No,Yes,No,No,Two year,Yes,Electronic check,96.04,875.42,No
9302-HIKBM,Female,0,No,No,55,Yes,Yes,Fiber optic,Yes,No,Yes,No,Yes,Yes,One year,Yes,Bank transfer (automatic),98.2,5410.87,No
3531-IESVC,Male,1,Yes,Yes,72,Yes,Yes,No,No internet service,No internet service,No internet service,No internet service,No internet service,No internet service,One year,No,Electronic check,28.33,2023.61,No
6268-CFJEY,Male,0,No,No,3,Yes,Yes,DSL,No,Yes,No,No,Yes,No,Two year,No,Credit card (automatic),61.19,202.17,No
7229-XGVRW,Male,0,No,Yes,2,Yes,No,No,No internet service,No internet service,No internet service,No internet service,No internet service,No internet service,Month-to-month,No,Credit card (automatic),28.16,43.12,No
2184-YDXZG,Female,0,No,Yes,54,Yes,Yes,No,No internet service,No internet service,No internet service,No internet service,No internet service,No internet service,Two year,Yes,Electronic check,25.41,1363.29,No
8116-JWRAD,Female,0,No,Yes,54,Yes,No,DSL,No,Yes,Yes,No,No,No,Month-to-month,No,Electronic check,62.55,3381.29,No
5507-PPRHJ,Female,0,No,No,21,Yes,Yes,No,No internet service,No internet service,No internet service,No internet service,No internet service,No internet service,Month-to-month,No,Credit card (automatic),27.87,595.11,No
4535-WXKFA,Female,1,No,No,52,Yes,No,DSL,No,Yes,No,No,No,Yes,Two year,Yes,Electronic check,65.21,3377.67,No
4773-LYFMZ,Male,0,No,No,64,Yes,No,No,No internet service,No internet service,No internet service,No internet service,No internet service,No internet service,Month-to-month,Yes,Electronic check,22.2,1392.3,No
1848-AHVHX,Female,1,No,No,19,Yes,No,Fiber optic,No,No,No,No,No,Yes,Month-to-month,Yes,Credit card (automatic),80.3,1518.9,Yes
6866-NXJOG,Female,0,No,Yes,27,Yes,Yes,No,No internet service,No internet service,No internet service,No internet service,No internet service,No internet service,Month-to-month,Yes,Bank transfer (automatic),18.25,497.33,No
5681-DYRYJ,Male,0,Yes,Yes,22,Yes,No,Fiber optic,Yes,No,No,No,Yes,Yes,Month-to-month,Yes,Bank transfer (automatic),92.68,2031.24,Yes
9530-NMOPB,Male,0,No,No,4,Yes,Yes,DSL,No,No,Yes,Yes,No,No,Month-to-month,Yes,Electronic check,59.8,232.52,Yes
3652-DURQJ,Female,1,Yes,Yes,13,Yes,Yes,DSL,Yes,No,Yes,No,No,Yes,Month-to-month,No,Mailed check,65.83,859.73,Yes
8054-LUZIN,Female,1,Yes,Yes,27,Yes,Yes,No,No internet service,No internet service,No internet service,No internet service,No internet service,No internet service,Month-to-month,No,Electronic check,32.21,858.07,Yes
3427-ZFSDT,Male,1,No,No,22,Yes,No,DSL,Yes,Yes,No,Yes,Yes,No,Month-to-month,No,Electronic check,79.07,1740.9,Yes
6840-SCNQM,Female,0,No,No,5,Yes,Yes,DSL,No,No,No,Yes,No,Yes,Two year,Yes,Mailed check,68.19,334.63,Yes
8144-AYQPR,Male,0,No,Yes,57,Yes,Yes,DSL,Yes,Yes,Yes,No,No,No,Month-to-month,Yes,Bank transfer (automatic),63.92,3661.26,No
5065-NVWQC,Female,0,Yes,No,36,Yes,Yes,Fiber optic,No,No,No,No,No,No,Month-to-month,Yes,Electronic check,82.99,2982.28,No
3087-YBBZI,Female,0,Yes,No,1,Yes,Yes,DSL,No,No,Yes,No,No,Yes,One year,Yes,Mailed check,60.64,71.32,No
9724-YFZLY,Female,0,No,No,10,Yes,Yes,Fiber optic,No,No,No,Yes,Yes,No,One year,No,Mailed check,91.4,888.95,Yes
5488-GLZYE,Male,0,No,No,72,Yes,No,DSL,No,No,Yes,No,Yes,Yes,Two year,Yes,Credit card (automatic),69.71,5025.49,No
1783-ELXZT,Female,0,No,Yes,11,Yes,No,Fiber optic,Yes,No,No,Yes,No,No,Month-to-month,No,Bank transfer (automatic),88.87,990.26,No
6267-WKULC,Male,0,Yes,Yes,26,Yes,No,DSL,No,No,No,No,No,No,Month-to-month,Yes,Bank transfer (automatic),50.1,1314.5,No
4526-VJWOB,Male,0,No,No,2,Yes,Yes,Fiber optic,Yes,Yes,No,No,Yes,No,Month-to-month,Yes,Bank transfer (automatic),94.18,186.57,Yes
2932-DRXWA,Female,0,No,Yes,8,Yes,Yes,DSL,Yes,No,No,Yes,Yes,No,One year,Yes,Electronic check,67.0,527.17,No
1289-DCQNB,Female,0,Yes,Yes,51,Yes,No,Fiber optic,No,Yes,Yes,Yes,No,Yes,Two year,No,Credit card (automatic),99.05,5045.05,No
6962-YMAYW,Female,0,Yes,No,17,Yes,No,No,No internet service,No internet service,No internet service,No internet service,No internet service,No internet service,One year,Yes,Electronic check,20.6,350.98,No
2473-BUEDL,Male,0,No,No,41,Yes,No,Fiber optic,No,Yes,No,Yes,Yes,No,Month-to-month,Yes,Electronic check,97.33,3990.34,No
8673-CTJTR,Female,0,Yes,No,0,Yes,Yes,DSL,No,No,No,No,Yes,No,Two year,Yes,Credit card (automatic),55.74, ,No
6300-UUJAF,Male,0,Yes,No,26,Yes,Yes,Fiber optic,Yes,Yes,No,No,No,No,One year,No,Electronic check,88.8,2306.94,No
5257-GTUUU,Male,0,Yes,No,8,Yes,Yes,Fiber optic,No,No,No,Yes,No,No,One year,Yes,Credit card (automatic),77.61,608.77,No
6905-USDMR,Female,0,Yes,No,47,Yes,Yes,Fiber optic,No,Yes,No,No,No,No,Two year,Yes,Electronic check,76.51,3600.13,No
2139-YXMSQ,Female,0,Yes,No,69,No,No phone service,Fiber optic,No,No,Yes,Yes,Yes,No,Two year,No,Electronic check,86.41,5970.82,No
6952-FSTAH,Female,0,Yes,No,27,Yes,No,DSL,No,Yes,No,No,No,No,Month-to-month,Yes,Credit card (automatic),55.91,1514.73,No
4920-UVORG,Female,0,Yes,No,3,Yes,No,Fiber optic,No,No,No,Yes,Yes,No,One year,No,Credit card (automatic),99.55,313.83,No
1304-DLMDU,Male,0,No,No,15,Yes,No,DSL,No,Yes,No,No,No,No,Month-to-month,Yes,Credit card (automatic),58.72,887.36,No
4936-GIAPR,Female,0,Yes,Yes,14,Yes,Yes,Fiber optic,No,Yes,Yes,No,Yes,No,Month-to-month,Yes,Electronic check,98.21,1367.16,Yes
9366-FBIDM,Male,0,Yes,No,42,Yes,Yes,DSL,No,No,No,No,Yes,No,Month-to-month,Yes,Bank transfer (automatic),53.33,2246.63,No
7506-MKSHG,Female,0,Yes,No,14,Yes,No,DSL,No,Yes,No,No,No,No,Month-to-month,Yes,Electronic check,63.85,876.48,No
9783-CQROQ,Male,0,No,No,9,Yes,No,Fiber optic,Yes,Yes,No,Yes,Yes,No,One year,Yes,Bank transfer (automatic),92.19,815.7,No
3410-EPOJN,Male,0,Yes,No,22,No,No phone service,DSL,No,No,No,No,No,Yes,Month-to-month,Yes,Bank transfer (automatic),60.72,1325.52,No
9737-PSHOJ,Male,0,Yes,Yes,24,Yes,Yes,DSL,No,No,No,No,Yes,Yes,Month-to-month,No,Credit card (automatic),60.2,1433.33,No
4956-ZVLWM,Male,0,Yes,No,39,Yes,Yes,Fiber optic,No,Yes,No,Yes,No,Yes,Month-to-month,No,Credit card (automatic),92.25,3587.27,Yes
6000-QTLYE,Female,0,No,No,55,Yes,No,No,No internet service,No internet service,No internet service,No internet service,No internet service,No internet service,Month-to-month,No,Electronic check,26.92,1491.16,Yes
4179-ATPLI,Female,0,No,No,52,Yes,Yes,No,No internet service,No internet service,No internet service,No internet service,No internet service,No internet service,Two year,No,Mailed check,27.03,1388.27,No
6996-QQDNS,Female,0,Yes,No,23,Yes,Yes,No,No internet service,No internet service,No internet service,No internet service,No internet service,No internet service,Two year,Yes,Electronic check,24.13,565.07,No
9262-CALOK,Female,0,No,No,17,Yes,No,DSL,No,Yes,No,No,No,Yes,Two year,Yes,Electronic check,60.5,1024.92,No
1105-BZDQQ,Male,1,Yes,No,38,Yes,Yes,Fiber optic,No,Yes,Yes,Yes,No,Yes,Month-to-month,No,Mailed check,97.1,3691.53,No
8899-HWNXD,Female,1,Yes,Yes,8,Yes,No,No,No internet service,No internet service,No internet service,No internet service,No internet service,No internet service,One year,No,Electronic check,19.16,170.57,No
1933-SXDCT,Male,0,No,No,34,Yes,No,Fiber optic,No,No,No,Yes,Yes,Yes,Two year,Yes,Bank transfer (automatic),93.84,3190.12,No
9261-WGNLP,Male,0,No,No,16,Yes,No,DSL,No,No,No,No,No,Yes,Month-to-month,No,Mailed check,66.64,1051.34,No
5787-HWBMH,Male,0,No,No,3,Yes,No,Fiber optic,No,No,No,No,Yes,Yes,Month-to-month,Yes,Electronic check,92.06,278.6,No
7356-TPDPT,Male,1,Yes,No,33,Yes,No,Fiber optic,No,Yes,No,Yes,Yes,No,Month-to-month,Yes,Electronic check,98.29,3241.02,No
7618-DPWWU,Male,1,No,No,25,Yes,Yes,Fiber optic,Yes,No,No,No,Yes,Yes,Month-to-month,No,Electronic check,88.57,2218.66,Yes
1164-OZHGN,Male,1,Yes,No,2,Yes,Yes,Fiber optic,Yes,Yes,No,No,Yes,No,One year,No,Mailed check,88.86,169.95,No
8846-WZRJR,Male,0,Yes,No,14,Yes,Yes,DSL,Yes,No,Yes,No,Yes,Yes,Two year,No,Bank transfer (automatic),82.08,1145.45,No
8149-JGZGG,Male,0,No,No,15,Yes,No,DSL,No,No,No,No,No,No,Month-to-month,Yes,Bank transfer (automatic),50.34,741.73,No
5292-ANRMY,Male,0,No,No,25,Yes,No,Fiber optic,No,Yes,No,No,Yes,Yes,Month-to-month,No,Credit card (automatic),99.26,2467.65,No
6095-HJQFO,Male,0,Yes,Yes,27,Yes,Yes,No,No internet service,No internet service,No internet service,No internet service,No internet service,No internet service,Month-to-month,Yes,Credit card (automatic),18.25,488.01,No
6966-YPHST,Male,0,No,Yes,5,Yes,Yes,DSL,Yes,Yes,Yes,No,No,Yes,Two year,No,Mailed check,69.4,359.9,No
6134-CFYHP,Female,0,No,No,0,Yes,Yes,Fiber optic,Yes,Yes,No,No,No,Yes,Two year,No,Electronic check,96.18, ,No
1366-MZTOR,Male,0,No,No,37,Yes,No,Fiber optic,Yes,No,No,Yes,No,Yes,Two year,No,Bank transfer (automatic),84.32,3130.5,No
1012-XHNKF,Female,0,Yes,Yes,72,Yes,Yes,DSL,No,No,Yes,No,No,Yes,Two year,Yes,Mailed check,69.77,5018.52,No
8485-XYAYB,Male,0,No,No,67,Yes,Yes,DSL,No,Yes,No,No,Yes,No,Month-to-month,No,Mailed check,68.11,4557.59,No
4212-AXXDX,Male,0,No,No,16,Yes,Yes,DSL,No,No,No,No,No,No,Month-to-month,Yes,Electronic check,42.74,688.49,Yes
8446-BUZTP,Male,0,Yes,No,18,Yes,Yes,Fiber optic,Yes,No,Yes,Yes,No,No,Month-to-month,Yes,Electronic check,85.13,1542.52,No
5016-EZHLY,Male,0,Yes,Yes,64,Yes,No,Fiber optic,Yes,No,No,No,No,No,Two year,Yes,Electronic check,73.35,4696.61,No
1442-AAOQB,Male,1,Yes,No,18,Yes,No,Fiber optic,Yes,No,Yes,Yes,No,No,One year,No,Credit card (automatic),93.47,1682.99,No
3995-ZILDM,Female,0,No,No,7,Yes,Yes,Fiber optic,No,No,No,No,Yes,Yes,Month-to-month,Yes,Electronic check,89.6,623.63,Yes
6766-NIWAA,Female,1,No,No,27,Yes,No,Fiber optic,No,No,No,No,Yes,No,Month-to-month,No,Bank transfer (automatic),92.84,2518.59,Yes
9067-AVJBU,Male,0,Yes,No,15,Yes,Yes,DSL,No,No,No,No,No,No,Month-to-month,No,Bank transfer (automatic),52.81,779.13,No
6582-CYWIQ,Male,0,Yes,Yes,36,Yes,No,DSL,Yes,Yes,No,No,No,No,Month-to-month,Yes,Electronic check,53.86,1961.99,No
4220-MCDDK,Male,0,No,No,36,No,No phone service,Fiber optic,No,No,No,No,Yes,No,One year,Yes,Mailed check,69.63,2497.36,No
2499-GZKXK,Female,0,No,No,65,Yes,Yes,DSL,No,No,No,No,No,No,Two year,No,Bank transfer (automatic),42.02,2749.12,No
3788-MLJGS,Female,1,Yes,Yes,3,Yes,No,No,No internet service,No internet service,No internet service,No internet service,No internet service,No internet service,Two year,Yes,Electronic check,18.5,72.56,No
7731-TVOEX,Male,0,Yes,No,17,Yes,No,Fiber optic,No,Yes,No,No,Yes,No,Month-to-month,Yes,Electronic check,83.43,1412.19,Yes
7347-UKEPZ,Male,0,No,No,36,Yes,No,Fiber optic,No,Yes,No,No,Yes,No,One year,No,Bank transfer (automatic),87.87,3162.45,No
2210-EPLWB,Male,0,Yes,No,13,Yes,Yes,DSL,Yes,No,No,No,Yes,Yes,Month-to-month,Yes,Electronic check,69.57,902.35,No
5349-FWUYD,Female,0,Yes,No,23,No,No phone service,DSL,Yes,Yes,Yes,No,No,No,Month-to-month,Yes,Electronic check,52.35,1217.8,No
1989-MJQNX,Male,0,No,No,40,Yes,Yes,Fiber optic,No,No,No,Yes,Yes,Yes,Month-to-month,Yes,Mailed check,91.04,3630.01,No
8342-HWXRC,Male,0,No,No,15,Yes,No,No,No internet service,No internet service,No internet service,No internet service,No internet service,No internet service,Two year,Yes,Credit card (automatic),28.3,422.53,No
7360-QXXGM,Male,0,No,No,12,Yes,No,Fiber optic,Yes,No,No,Yes,No,No,Month-to-month,Yes,Electronic check,82.03,981.13,Yes
6444-DZJMJ,Female,0,Yes,No,4,Yes,No,Fiber optic,No,No,No,No,No,No,Two year,Yes,Electronic check,68.23,283.88,No
4865-VLAUT,Male,0,No,No,41,Yes,No,No,No internet service,No internet service,No internet service,No internet service,No internet service,No internet service,One year,Yes,Electronic check,32.5,1327.25,No
9083-GIHMN,Male,0,Yes,No,38,Yes,No,DSL,No,Yes,No,No,No,No,One year,Yes,Mailed check,56.38,2152.61,No
6735-UVRPK,Male,0,No,No,32,Yes,No,DSL,Yes,No,No,No,No,Yes,Month-to-month,Yes,Bank transfer (automatic),60.04,1917.32,No
4746-UBCDV,Female,0,No,No,11,Yes,No,DSL,Yes,No,Yes,No,No,No,Month-to-month,Yes,Electronic check,60.81,674.43,No
3436-JTBLE,Female,1,Yes,No,21,Yes,Yes,Fiber optic,No,No,No,No,Yes,No,Month-to-month,No,Credit card (automatic),81.56,1722.63,Yes
5004-WADUX,Male,0,No,No,3,Yes,No,No,No internet service,No internet service,No internet service,No internet service,No internet service,No internet service,One year,Yes,Mailed check,22.41,61.49,No
2374-LPXQU,Female,0,Yes,Yes,9,Yes,Yes,DSL,No,No,No,No,Yes,Yes,One year,No,Mailed check,71.47,636.24,No
7704-QRBYD,Male,0,Yes,No,13,Yes,Yes,No,No internet service,No internet service,No internet service,No internet service,No internet service,No internet service,Month-to-month,No,Electronic check,18.25,243.41,No
5274-KQLBF,Female,0,Yes,No,1,Yes,No,Fiber optic,No,No,No,No,No,No,One year,Yes,Bank transfer (automatic),69.46,80.11,No
1968-ETUIW,Male,0,No,No,2,Yes,No,Fiber optic,No,No,No,No,No,No,Month-to-month,Yes,Bank transfer (automatic),74.81,146.01,Yes
8962-HVUWF,Male,1,No,No,42,Yes,No,Fiber optic,No,Yes,Yes,No,Yes,No,Two year,Yes,Mailed check,96.1,4037.77,No
3954-OBMVP,Male,1,Yes,No,72,Yes,Yes,Fiber optic,No,No,No,Yes,Yes,Yes,Two year,Yes,Bank transfer (automatic),94.21,6780.46,No
1774-HFXGR,Female,0,No,No,9,Yes,No,No,No internet service,No internet service,No internet service,No internet service,No internet service,No internet service,Month-to-month,No,Electronic check,30.12,273.91,Yes
8197-VYVTG,Female,0,No,No,2,Yes,Yes,DSL,No,No,Yes,Yes,Yes,No,Two year,No,Bank transfer (automatic),69.4,145.83,No
2986-EAOZC,Female,0,Yes,No,65,Yes,Yes,DSL,No,Yes,Yes,No,Yes,No,One year,No,Mailed check,76.05,4941.52,No
7311-YIOJB,Male,0,No,Yes,58,Yes,Yes,Fiber optic,Yes,No,No,Yes,Yes,Yes,Two year,No,Bank transfer (automatic),92.99,5392.43,No
6363-ESMKA,Female,0,No,No,25,Yes,No,DSL,No,Yes,No,No,Yes,No,One year,No,Electronic check,62.66,1563.54,No
4477-OZRPI,Male,0,No,Yes,9,Yes,No,No,No internet service,No internet service,No internet service,No internet service,No internet service,No internet service,Month-to-month,Yes,Bank transfer (automatic),22.09,203.45,No
4839-WKMZB,Female,0,No,No,2,Yes,No,No,No internet service,No internet service,No internet service,No internet service,No internet service,No internet service,Month-to-month,No,Credit card (automatic),24.04,44.64,Yes
5389-HRPUL,Male,1,No,No,67,Yes,No,Fiber optic,No,No,Yes,Yes,Yes,No,Month-to-month,Yes,Electronic check,94.21,6328.62,Yes
6322-FCNBK,Male,0,Yes,No,60,Yes,No,Fiber optic,No,No,Yes,No,Yes,Yes,Two year,Yes,Credit card (automatic),98.28,5899.51,No
5721-AXALO,Male,0,No,No,32,Yes,Yes,DSL,No,Yes,No,No,No,No,Month-to-month,No,Bank transfer (automatic),52.8,1682.85,Yes
6668-FPLLC,Male,0,Yes,Yes,65,Yes,No,DSL,No,Yes,No,Yes,Yes,Yes,Month-to-month,Yes,Mailed check,71.46,4636.95,No
3589-WBGBU,Female,0,Yes,No,3,Yes,Yes,DSL,No,No,No,No,Yes,Yes,Month-to-month,Yes,Electronic check,65.79,201.14,No
1938-KNCNK,Male,0,Yes,Yes,2,Yes,Yes,Fiber optic,Yes,Yes,No,Yes,Yes,No,Two year,Yes,Mailed check,96.99,209.54,No
7627-QPCYJ,Female,0,Yes,Yes,5,No,No phone service,Fiber optic,No,Yes,No,No,Yes,Yes,Two year,Yes,Mailed check,98.98,490.49,Yes
9564-OHRCG,Male,1,No,No,5,Yes,Yes,Fiber optic,Yes,Yes,No,No,No,No,One year,Yes,Electronic check,81.95,411.26,No
9893-JTINW,Male,1,No,No,42,Yes,No,Fiber optic,Yes,No,No,Yes,No,No,Month-to-month,Yes,Credit card (automatic),90.85,3829.25,No
7587-ADZFV,Male,0,No,No,61,Yes,No,Fiber optic,Yes,Yes,No,Yes,Yes,No,One year,Yes,Electronic check,98.84,6027.49,No
2561-VECBC,Female,0,Yes,No,5,Yes,Yes,Fiber optic,No,No,Yes,No,No,Yes,Two year,Yes,Bank transfer (automatic),89.34,448.46,No
4656-SSQRK,Male,0,No,Yes,14,No,No phone service,Fiber optic,No,Yes,Yes,No,Yes,Yes,Month-to-month,No,Mailed check,98.37,1369.54,No
1209-XFGAF,Male,0,No,No,14,Yes,Yes,Fiber optic,Yes,No,Yes,No,No,Yes,Two year,No,Credit card (automatic),92.88,1285.24,Yes
5945-MVSGS,Male,0,Yes,Yes,4,Yes,No,Fiber optic,No,Yes,No,Yes,No,No,Month-to-month,No,Mailed check,90.75,358.24,Yes
3824-CWLTX,Male,0,Yes,Yes,46,Yes,Yes,Fiber optic,Yes,Yes,Yes,No,No,Yes,Month-to-month,No,Electronic check,97.37,4495.39,No
2853-RHIMH,Female,0,Yes,No,17,Yes,Yes,DSL,No,Yes,No,No,No,No,One year,No,Bank transfer (automatic),59.15,999.87,No
1181-JQGQW,Male,0,No,No,20,Yes,No,Fiber optic,Yes,No,Yes,Yes,No,Yes,Two year,No,Bank transfer (automatic),95.21,1899.11,No
8089-XBCSA,Male,0,No,No,7,Yes,No,Fiber optic,No,No,No,Yes,Yes,Yes,Month-to-month,Yes,Credit card (automatic),103.91,738.11,No
5244-UJUNM,Male,0,No,No,19,No,No phone service,Fiber optic,No,No,No,No,Yes,Yes,Two year,Yes,Bank transfer (automatic),92.77,1761.16,No
3021-FSUJW,Female,0,Yes,Yes,37,Yes,No,Fiber optic,No,No,No,Yes,Yes,No,Two year,No,Electronic check,87.88,3250.69,No
6969-USEYK,Female,0,Yes,Yes,8,Yes,No,No,No internet service,No internet service,No internet service,No internet service,No internet service,No internet service,One year,Yes,Credit card (automatic),18.25,140.2,No
1713-QDZUR,Male,1,No,No,2,Yes,Yes,Fiber optic,No,No,Yes,No,Yes,Yes,Month-to-month,Yes,Mailed check,95.18,195.7,No
6307-RANHB,Female,0,Yes,Yes,21,Yes,No,DSL,No,Yes,No,No,Yes,No,One year,No,Electronic check,52.81,1125.07,Yes
7734-BDASU,Male,1,No,No,24,Yes,Yes,Fiber optic,No,Yes,No,No,Yes,Yes,Two year,No,Credit card (automatic),98.38,2334.49,No
3857-ATVOD,Female,0,Yes,No,5,Yes,No,DSL,No,No,Yes,No,Yes,Yes,One year,No,Bank transfer (automatic),70.73,363.37,No
3737-MJXHJ,Male,1,No,Yes,6,Yes,No,No,No internet service,No internet service,No internet service,No internet service,No internet service,No internet service,Month-to-month,No,Credit card (automatic),24.42,150.26,Yes
6933-TVKFU,Male,0,Yes,No,3,Yes,No,DSL,No,No,Yes,No,No,Yes,One year,Yes,Electronic check,58.54,166.99,No
7333-ASGXR,Female,0,Yes,No,61,Yes,Yes,No,No internet service,No internet service,No internet service,No internet service,No internet service,No internet service,Two year,No,Bank transfer (automatic),27.86,1724.87,No
5925-KESUX,Male,0,No,No,5,Yes,No,DSL,No,No,Yes,No,No,Yes,Month-to-month,No,Bank transfer (automatic),58.15,292.64,No
7723-YJBHA,Male,0,Yes,Yes,0,No,No phone service,Fiber optic,No,No,No,No,Yes,Yes,Two year,No,Mailed check,79.2, ,No
2002-JMABC,Female,1,No,No,44,Yes,No,DSL,No,No,Yes,Yes,Yes,No,Month-to-month,Yes,Electronic check,71.16,3135.46,No
8017-JLRZU,Male,0,Yes,Yes,39,Yes,Yes,Fiber optic,No,Yes,No,No,No,No,Month-to-month,No,Mailed check,69.36,2703.94,No
6524-ACEYZ,Male,0,No,No,14,Yes,No,Fiber optic,No,Yes,Yes,No,No,Yes,Month-to-month,Yes,Mailed check,88.37,1235.84,Yes
1319-QHQIF,Male,0,No,No,38,Yes,No,Fiber optic,No,Yes,Yes,No,No,No,Month-to-month,No,Bank transfer (automatic),81.34,3103.33,No
2767-UGGOG,Female,0,No,No,14,Yes,No,DSL,No,No,No,No,Yes,Yes,Month-to-month,No,Mailed check,65.04,894.9,Yes
9949-HIOBG,Female,0,No,No,6,Yes,Yes,DSL,No,Yes,No,No,Yes,Yes,One year,Yes,Mailed check,67.41,410.55,No
6166-RVRJV,Male,0,No,No,13,Yes,Yes,DSL,No,Yes,No,No,No,No,Month-to-month,Yes,Electronic check,49.98,661.84,No
6489-AGCNL,Female,0,Yes,No,16,Yes,Yes,Fiber optic,Yes,Yes,No,No,No,Yes,Month-to-month,No,Credit card (automatic),86.62,1386.1,No
7957-DMPPV,Male,1,Yes,Yes,0,Yes,No,DSL,No,No,No,Yes,No,No,Two year,Yes,Bank transfer (automatic),49.24, ,No
7276-TYFFR,Female,1,Yes,No,2,Yes,Yes,Fiber optic,No,Yes,Yes,No,Yes,Yes,Month-to-month,Yes,Credit card (automatic),98.38,194.63,Yes
1037-GXXPI,Female,0,No,Yes,49,Yes,No,Fiber optic,Yes,Yes,No,Yes,Yes,Yes,Two year,No,Credit card (automatic),97.84,4791.69,No
1473-MLSZW,Female,0,Yes,Yes,11,Yes,Yes,No,No internet service,No internet service,No internet service,No internet service,No internet service,No internet service,One year,Yes,Credit card (automatic),21.3,232.04,No
8296-HDUVS,Male,0,Yes,Yes,9,Yes,No,No,No internet service,No internet service,No internet service,No internet service,No internet service,No internet service,Month-to-month,Yes,Electronic check,24.25,209.44,No
7436-QCSAW,Female,0,Yes,No,52,Yes,No,No,No internet service,No internet service,No internet service,No internet service,No internet service,No internet service,Month-to-month,No,Bank transfer (automatic),31.49,1657.51,No
4190-TIWEG,Male,0,No,Yes,4,Yes,No,No,No internet service,No internet service,No internet service,No internet service,No internet service,No internet service,Month-to-month,No,Electronic check,22.0,88.58,No
4577-FQVQM,Male,1,Yes,No,5,Yes,No,No,No internet service,No internet service,No internet service,No internet service,No internet service,No internet service,Two year,No,Credit card (automatic),27.65,142.8,No
4787-DHEEM,Female,0,No,No,42,Yes,No,No,No internet service,No internet service,No internet service,No internet service,No internet service,No internet service,Month-to-month,No,Credit card (automatic),27.32,1151.06,No
8914-HHAME,Male,0,Yes,No,7,Yes,No,No,No internet service,No internet service,No internet service,No internet service,No internet service,No internet service,One year,No,Electronic check,38.48,256.72,No
5852-HQWWM,Female,1,No,No,24,Yes,No,DSL,No,No,No,No,No,No,Month-to-month,Yes,Bank transfer (automatic),54.0,1288.81,Yes
4646-STQGZ,Male,1,No,No,32,Yes,No,No,No internet service,No internet service,No internet service,No internet service,No internet service,No internet service,Month-to-month,No,Credit card (automatic),20.85,651.95,No
7658-SSXIJ,Male,0,Yes,No,6,Yes,No,Fiber optic,Yes,No,Yes,No,Yes,No,One year,Yes,Mailed check,86.04,512.56,No
9313-OZAYF,Male,0,No,Yes,7,No,No phone service,Fiber optic,Yes,No,No,No,No,Yes,Month-to-month,No,Mailed check,86.76,595.83,No
3749-OYFRA,Female,0,No,No,17,No,No phone service,DSL,Yes,Yes,No,No,Yes,No,Month-to-month,Yes,Electronic check,51.82,893.89,No
4773-XCQPH,Male,0,No,Yes,37,Yes,No,DSL,No,No,No,Yes,Yes,No,Month-to-month,No,Bank transfer (automatic),73.07,2690.88,No
6616-HQYIL,Female,1,No,No,19,Yes,Yes,DSL,No,Yes,No,No,Yes,No,Month-to-month,No,Credit card (automatic),64.79,1243.99,No
9306-DUVYK,Male,0,Yes,Yes,1,Yes,No,No,No internet service,No internet service,No internet service,No internet service,No internet service,No internet service,Month-to-month,Yes,Electronic check,27.65,25.71,No
5923-DNNFQ,Male,1,No,No,10,Yes,Yes,DSL,Yes,Yes,Yes,No,No,No,Two year,Yes,Credit card (automatic),67.8,667.77,Yes
9001-HDJGD,Male,1,No,Yes,9,No,No phone service,Fiber optic,No,Yes,Yes,No,Yes,Yes,One year,Yes,Electronic check,98.34,877.45,No
2549-PYIDX,Male,0,Yes,Yes,39,Yes,Yes,No,No internet service,No internet service,No internet service,No internet service,No internet service,No internet service,Month-to-month,Yes,Mailed check,25.57,994.35,No
7661-AGASH,Female,0,No,No,8,Yes,Yes,Fiber optic,No,No,No,Yes,No,No,Month-to-month,No,Credit card (automatic),77.48,627.16,No
1064-AGUMA,Male,0,No,No,55,Yes,Yes,Fiber optic,No,Yes,No,No,No,No,One year,No,Credit card (automatic),80.33,4423.12,No
7063-VVNDW,Male,0,Yes,No,9,Yes,No,No,No internet service,No internet service,No internet service,No internet service,No internet service,No internet service,Two year,Yes,Electronic check,21.66,188.89,No
7582-LYLQU,Male,1,Yes,Yes,5,Yes,No,No,No internet service,No internet service,No internet service,No internet service,No internet service,No internet service,Month-to-month,No,Credit card (automatic),24.26,135.68,No
2486-JCWTT,Male,1,No,Yes,18,Yes,No,DSL,Yes,Yes,Yes,No,No,No,Month-to-month,Yes,Electronic check,56.03,998.5,Yes
9284-LAAJR,Female,0,No,No,11,Yes,No,DSL,No,Yes,No,No,Yes,No,One year,Yes,Mailed check,59.88,675.61,No
6441-QHVVZ,Male,0,Yes,No,25,Yes,No,No,No internet service,No internet service,No internet service,No internet service,No internet service,No internet service,Month-to-month,Yes,Bank transfer (automatic),29.14,722.74,No
6849-IUTKF,Female,0,No,No,59,Yes,Yes,Fiber optic,No,No,No,No,Yes,No,Month-to-month,Yes,Electronic check,75.16,4442.26,No
4597-AGXIK,Male,0,No,No,67,Yes,No,Fiber optic,Yes,No,Yes,Yes,No,Yes,Month-to-month,Yes,Mailed check,93.51,6269.87,Yes
3774-PSBOC,Female,0,Yes,Yes,6,Yes,No,Fiber optic,No,No,Yes,Yes,Yes,No,Two year,Yes,Credit card (automatic),87.35,533.18,No
2523-VGLDJ,Female,0,No,No,4,Yes,Yes,DSL,No,No,Yes,No,No,Yes,Month-to-month,No,Mailed check,64.12,261.34,Yes
4845-YVNCQ,Male,0,Yes,No,67,Yes,Yes,DSL,No,Yes,No,Yes,Yes,No,Month-to-month,Yes,Electronic check,59.24,3962.63,No
5297-ZUJJC,Female,0,No,No,40,Yes,Yes,Fiber optic,No,No,Yes,No,No,No,One year,No,Credit card (automatic),76.49,3046.3,No
4959-ZOQRS,Male,0,Yes,No,7,Yes,No,DSL,Yes,No,Yes,Yes,Yes,No,Month-to-month,Yes,Electronic check,66.43,469.2,Yes
4927-EXPOO,Male,0,Yes,Yes,39,Yes,No,Fiber optic,No,No,No,No,Yes,Yes,Two year,Yes,Credit card (automatic),87.37,3414.16,No
8141-LBTID,Female,0,No,No,32,Yes,No,DSL,No,No,Yes,No,No,No,Two year,No,Credit card (automatic),52.92,1685.26,Yes
6892-UZHVJ,Male,0,Yes,No,7,Yes,Yes,DSL,Yes,No,No,Yes,No,No,One year,No,Bank transfer (automatic),65.51,448.74,No
2941-NEPOE,Male,1,No,No,56,Yes,Yes,No,No internet service,No internet service,No internet service,No internet service,No internet service,No internet service,One year,No,Electronic check,20.95,1163.73,No
2558-JEWOR,Female,1,No,Yes,9,Yes,No,No,No internet service,No internet service,No internet service,No internet service,No internet service,No internet service,One year,No,Bank transfer (automatic),23.24,206.67,No
6656-HUBVH,Male,0,Yes,Yes,15,Yes,Yes,DSL,No,Yes,No,Yes,Yes,Yes,Month-to-month,Yes,Electronic check,79.58,1189.91,No
2878-HDSWR,Male,0,Yes,No,22,Yes,No,No,No internet service,No internet service,No internet service,No internet service,No internet service,No internet service,One year,Yes,Electronic check,30.3,670.37,No
6852-WATOR,Female,0,Yes,No,5,Yes,No,DSL,No,Yes,No,No,No,Yes,Month-to-month,No,Bank transfer (automatic),66.75,330.66,Yes
9107-AGSAX,Female,0,Yes,No,22,Yes,No,Fiber optic,Yes,No,Yes,No,No,No,Two year,Yes,Electronic check,82.95,1833.66,No
9417-GSMYX,Male,0,No,Yes,29,Yes,No,Fiber optic,No,Yes,No,No,No,No,One year,No,Electronic check,72.31,2096.71,No
2234-AARXA,Male,0,No,No,2,Yes,Yes,Fiber optic,Yes,No,No,No,No,Yes,One year,No,Electronic check,82.08,163.2,No
2695-EILIR,Female,0,No,No,11,Yes,No,Fiber optic,Yes,No,No,Yes,Yes,Yes,Two year,Yes,Bank transfer (automatic),104.46,1142.55,No
5234-ASVYJ,Male,0,No,Yes,22,No,No phone service,Fiber optic,Yes,No,No,Yes,Yes,No,Two year,Yes,Mailed check,89.26,1962.48,No
9734-TBSFJ,Female,1,Yes,No,62,Yes,Yes,Fiber optic,No,Yes,Yes,Yes,Yes,No,Two year,Yes,Electronic check,94.52,5861.42,No
6736-HZKIT,Male,1,Yes,No,53,Yes,Yes,No,No internet service,No internet service,No internet service,No internet service,No internet service,No internet service,One year,No,Electronic check,34.35,1797.92,No
3555-TIHOB,Female,1,Yes,No,4,Yes,Yes,DSL,No,No,No,Yes,No,Yes,Month-to-month,No,Credit card (automatic),63.15,253.96,No
8127-AIIMH,Male,1,Yes,Yes,22,Yes,Yes,No,No internet service,No internet service,No internet service,No internet service,No internet service,No internet service,One year,Yes,Credit card (automatic),27.93,605.29,No
2242-UECUD,Male,0,Yes,No,2,Yes,Yes,No,No internet service,No internet service,No internet service,No internet service,No internet service,No internet service,Month-to-month,Yes,Mailed check,30.13,56.87,No
8160-ZTCFA,Female,0,Yes,No,8,No,No phone service,DSL,Yes,Yes,Yes,No,Yes,Yes,Two year,Yes,Electronic check,76.97,614.71,No
1788-POGBJ,Male,0,No,No,21,Yes,Yes,DSL,Yes,Yes,No,No,No,No,One year,Yes,Electronic check,54.6,1154.2,No
7264-OFBXX,Female,0,Yes,No,2,Yes,Yes,DSL,No,No,Yes,No,Yes,Yes,Month-to-month,Yes,Electronic check,66.35,117.3,No
9752-AADTP,Female,0,No,Yes,52,Yes,Yes,Fiber optic,No,No,No,No,No,No,Month-to-month,Yes,Bank transfer (automatic),72.0,3751.5,No
6959-AZSKQ,Female,1,Yes,No,42,Yes,No,Fiber optic,No,Yes,No,Yes,Yes,Yes,One year,Yes,Mailed check,97.13,4086.45,No
3758-LOHQE,Male,0,Yes,Yes,15,Yes,Yes,Fiber optic,No,No,Yes,No,No,Yes,Month-to-month,Yes,Mailed check,84.4,1265.57,No
3829-BPQCW,Male,0,Yes,No,16,Yes,No,Fiber optic,No,No,No,No,No,Yes,Month-to-month,Yes,Mailed check,87.55,1407.22,Yes
7458-RRDOS,Female,0,Yes,No,51,Yes,Yes,Fiber optic,No,No,No,No,Yes,No,Month-to-month,Yes,Credit card (automatic),92.62,4730.47,Yes
3802-JESKG,Female,0,Yes,No,1,Yes,No,Fiber optic,No,Yes,No,No,Yes,Yes,Two year,No,Mailed check,97.7,91.23,No
7724-TLSOL,Female,0,Yes,Yes,3,Yes,No,Fiber optic,No,Yes,No,No,Yes,No,Month-to-month,Yes,Electronic check,82.26,246.8,No
2149-LRQSP,Male,1,Yes,Yes,8,Yes,Yes,Fiber optic,No,No,No,Yes,Yes,No,Month-to-month,No,Bank transfer (automatic),85.04,679.67,No
1751-AQRYM,Female,0,Yes,Yes,10,Yes,No,DSL,Yes,No,Yes,No,Yes,No,Month-to-month,No,Bank transfer (automatic),59.41,582.92,No
2540-YXFAJ,Female,0,No,No,72,Yes,No,Fiber optic,No,No,No,Yes,Yes,No,Month-to-month,Yes,Electronic check,85.2,6127.84,No
6796-AWZKX,Male,0,Yes,No,3,No,No phone service,DSL,No,No,No,No,Yes,No,One year,No,Bank transfer (automatic),47.91,128.86,No
2649-UTUJY,Female,1,No,No,8,Yes,No,Fiber optic,Yes,No,No,No,No,No,Month-to-month,No,Electronic check,78.18,622.5,Yes
3478-DPOOL,Male,0,No,No,42,Yes,Yes,Fiber optic,Yes,No,Yes,Yes,Yes,No,Month-to-month,Yes,Bank transfer (automatic),102.53,4301.38,No
9433-FEBLZ,Female,1,No,No,36,Yes,No,No,No internet service,No internet service,No internet service,No internet service,No internet service,No internet service,Month-to-month,Yes,Electronic check,23.95,871.84,Yes
3256-PIZAO,Female,1,No,No,25,Yes,Yes,Fiber optic,No,No,No,No,Yes,No,Month-to-month,Yes,Credit card (automatic),83.86,2079.61,Yes
3827-EWXRT,Female,0,No,No,9,Yes,No,Fiber optic,No,No,No,No,No,Yes,Two year,No,Mailed check,86.16,761.92,No
4521-DOFVL,Male,1,Yes,No,3,No,No phone service,Fiber optic,Yes,Yes,No,No,No,No,One year,Yes,Electronic check,72.79,206.37,Yes
2212-RTDAO,Male,1,Yes,Yes,72,Yes,Yes,DSL,No,Yes,Yes,Yes,No,No,Month-to-month,Yes,Credit card (automatic),64.12,4626.88,No
1061-RNCOE,Male,0,No,No,6,Yes,No,DSL,No,Yes,No,No,Yes,Yes,Month-to-month,Yes,Credit card (automatic),66.72,399.92,No
6242-XVCVG,Female,0,Yes,No,44,Yes,No,Fiber optic,Yes,Yes,Yes,Yes,Yes,No,Month-to-month,Yes,Bank transfer (automatic),100.22,4415.13,No
4269-ZVASG,Female,1,No,No,54,Yes,No,DSL,No,No,No,No,Yes,Yes,One year,No,Mailed check,67.9,3658.13,Yes
4403-TWYRI,Female,0,No,Yes,13,Yes,Yes,Fiber optic,No,Yes,Yes,Yes,Yes,Yes,Month-to-month,No,Electronic check,107.6,1393.84,No
4194-OVHOO,Female,1,No,No,45,Yes,No,DSL,Yes,Yes,No,No,Yes,No,Month-to-month,Yes,Bank transfer (automatic),63.1,2833.22,No
6350-VRPBD,Male,0,Yes,No,7,Yes,No,No,No internet service,No internet service,No internet service,No internet service,No internet service,No internet service,One year,Yes,Credit card (automatic),30.28,214.6,No
3959-CXWBC,Female,0,Yes,No,52,Yes,No,Fiber optic,No,No,Yes,No,No,No,Month-to-month,No,Mailed check,81.97,4269.13,Yes
4097-YEBSX,Female,0,Yes,No,24,Yes,Yes,DSL,No,No,No,No,No,No,Two year,No,Electronic check,39.51,950.44,No
1723-BBVXW,Male,0,No,No,5,No,No phone service,DSL,No,No,Yes,No,Yes,Yes,Two year,Yes,Credit card (automatic),62.55,318.72,No
2299-RYTYU,Female,1,No,No,37,Yes,Yes,DSL,No,No,No,Yes,No,No,Month-to-month,No,Bank transfer (automatic),61.93,2283.56,No
4051-KKGLP,Male,0,Yes,No,58,Yes,Yes,Fiber optic,No,No,No,No,Yes,No,Month-to-month,No,Credit card (automatic),87.8,5107.69,Yes
3372-BVPWO,Female,0,Yes,No,20,No,No phone service,Fiber optic,No,No,No,Yes,No,Yes,Month-to-month,No,Electronic check,81.44,1641.95,No
8082-FMSJX,Male,0,Yes,No,34,Yes,Yes,DSL,No,No,No,Yes,Yes,Yes,Month-to-month,Yes,Electronic check,68.3,2331.48,No
1370-EYUGK,Female,0,No,Yes,38,Yes,No,Fiber optic,Yes,Yes,No,No,Yes,No,One year,Yes,Electronic check,90.71,3458.69,No
8028-PRUWW,Male,0,Yes,No,37,Yes,Yes,DSL,No,Yes,No,Yes,Yes,Yes,Month-to-month,No,Electronic check,71.13,2626.71,No
5021-ONSED,Male,0,Yes,Yes,14,Yes,No,No,No internet service,No internet service,No internet service,No internet service,No internet service,No internet service,Two year,No,Electronic check,24.71,345.3,No
2004-RLWUO,Female,0,Yes,Yes,32,Yes,Yes,Fiber optic,No,No,No,No,No,No,Two year,No,Electronic check,77.99,2519.08,Yes
5637-WIDEI,Female,0,Yes,Yes,19,Yes,Yes,No,No internet service,No internet service,No internet service,No internet service,No internet service,No internet service,Two year,Yes,Bank transfer (automatic),32.57,624.4,No
3732-JPMDU,Male,0,No,No,12,Yes,Yes,Fiber optic,No,Yes,Yes,Yes,No,Yes,Month-to-month,No,Credit card (automatic),100.64,1216.67,No
1684-UHMOT,Male,0,Yes,No,4,No,No phone service,Fiber optic,Yes,Yes,No,No,No,Yes,One year,No,Electronic check,92.56,382.83,No
5691-MWEVV,Female,0,No,Yes,57,No,No phone service,No,No internet service,No internet service,No internet service,No internet service,No internet service,No internet service,Two year,Yes,Electronic check,18.25,1050.55,No
6919-FZEME,Male,0,Yes,No,12,Yes,No,DSL,Yes,Yes,No,No,Yes,No,Month-to-month,Yes,Electronic check,68.06,830.45,No
8902-TWHIU,Female,0,No,No,6,Yes,No,Fiber optic,Yes,No,No,Yes,No,Yes,Month-to-month,No,Mailed check,93.77,564.48,No
2918-TOZVJ,Female,0,No,No,6,Yes,No,DSL,No,Yes,No,No,Yes,Yes,Month-to-month,Yes,Credit card (automatic),63.89,371.59,Yes
1394-EIKSB,Female,0,Yes,Yes,6,Yes,No,No,No internet service,No internet service,No internet service,No internet service,No internet service,No internet service,Month-to-month,Yes,Electronic check,29.56,179.24,Yes
9741-WUACC,Female,0,Yes,Yes,0,Yes,Yes,No,No internet service,No internet service,No internet service,No internet service,No internet service,No internet service,Month-to-month,No,Electronic check,26.76, ,No
7811-NTZVE,Female,0,Yes,No,13,Yes,No,Fiber optic,No,No,No,No,Yes,Yes,Month-to-month,Yes,Credit card (automatic),85.84,1124.14,No
5464-OFNNY,Female,0,Yes,No,53,No,No phone service,DSL,No,No,No,No,Yes,No,Month-to-month,No,Credit card (automatic),51.35,2724.8,No
2466-QHHSI,Male,0,No,Yes,0,Yes,Yes,Fiber optic,No,Yes,Yes,Yes,Yes,No,One year,Yes,Bank transfer (automatic),90.2, ,No
5426-MMXSZ,Female,0,No,Yes,72,Yes,No,Fiber optic,Yes,No,Yes,Yes,No,No,Month-to-month,Yes,Mailed check,88.35,6353.95,Yes
7322-EPITV,Male,0,Yes,Yes,4,Yes,Yes,Fiber optic,Yes,No,No,No,Yes,Yes,Month-to-month,Yes,Credit card (automatic),96.0,391.54,Yes
7386-EHNXC,Female,0,No,No,30,Yes,Yes,Fiber optic,No,No,Yes,Yes,Yes,No,Month-to-month,No,Mailed check,84.72,2549.3,Yes
2292-KHSJZ,Female,1,Yes,Yes,36,Yes,No,Fiber optic,Yes,Yes,No,No,No,Yes,One year,No,Credit card (automatic),85.75,3089.56,No
2017-RYGPF,Female,0,Yes,No,31,No,No phone service,Fiber optic,No,Yes,Yes,No,Yes,No,Month-to-month,No,Mailed check,88.72,2739.21,No
9239-PWXAX,Male,0,No,No,9,Yes,No,DSL,No,No,No,No,Yes,No,Two year,Yes,Mailed check,57.25,522.13,No
5722-CFDDD,Female,1,No,No,29,Yes,Yes,Fiber optic,No,No,No,No,Yes,No,Two year,Yes,Credit card (automatic),85.26,2458.54,No
3089-IHSQQ,Female,0,Yes,No,15,Yes,No,No,No internet service,No internet service,No internet service,No internet service,No internet service,No internet service,Month-to-month,Yes,Electronic check,22.21,330.22,Yes
4680-TNVTK,Female,0,Yes,Yes,3,Yes,No,Fiber optic,No,No,No,No,Yes,No,Month-to-month,Yes,Electronic check,83.76,240.77,No
8383-HVYJQ,Female,0,No,No,5,Yes,No,No,No internet service,No internet service,No internet service,No internet service,No internet service,No internet service,One year,No,Bank transfer (automatic),18.25,89.22,No
2436-HVATU,Male,0,No,No,0,Yes,No,DSL,No,No,Yes,No,Yes,Yes,Month-to-month,Yes,Credit card (automatic),79.01, ,No
5552-LVZIT,Male,0,No,Yes,9,No,No phone service,DSL,No,No,Yes,No,No,Yes,Month-to-month,No,Electronic check,61.05,559.73,No
7327-CDJDV,Female,0,Yes,Yes,31,Yes,Yes,Fiber optic,No,No,No,No,No,No,Month-to-month,Yes,Mailed check,76.09,2354.48,No
3046-IVAEI,Female,0,No,Yes,72,Yes,No,Fiber optic,No,Yes,Yes,No,No,No,Month-to-month,No,Mailed check,80.94,5832.63,Yes
1722-HJKMT,Male,1,Yes,No,3,Yes,Yes,No,No internet service,No internet service,No internet service,No internet service,No internet service,No internet service,Two year,Yes,Credit card (automatic),27.54,87.6,No
5835-KLEJY,Female,0,No,Yes,10,Yes,Yes,No,No internet service,No internet service,No internet service,No internet service,No internet service,No internet service,Month-to-month,No,Bank transfer (automatic),25.88,253.63,Yes
3780-XGUII,Male,0,Yes,No,4,Yes,No,DSL,Yes,No,No,No,No,Yes,Month-to-month,No,Electronic check,69.15,265.9,No
1425-JBDHN,Male,0,Yes,No,34,Yes,No,Fiber optic,No,No,No,No,No,No,One year,No,Mailed check,67.5,2301.8,No
3124-UXRRM,Male,1,No,No,60,Yes,Yes,Fiber optic,No,Yes,No,No,No,Yes,Month-to-month,Yes,Electronic check,90.75,5442.63,Yes
6567-HZLYW,Male,1,No,Yes,2,Yes,Yes,DSL,No,No,No,No,No,No,Month-to-month,No,Bank transfer (automatic),52.41,81.5,Yes
3039-UATRC,Male,0,Yes,No,56,Yes,No,DSL,No,No,No,No,Yes,Yes,One year,No,Mailed check,60.81,3401.51,No
9172-JOTBS,Male,0,No,Yes,7,Yes,No,DSL,Yes,No,No,Yes,No,Yes,Month-to-month,No,Bank transfer (automatic),61.76,449.1,No
5077-GHKVT,Male,0,No,Yes,6,Yes,No,DSL,No,No,Yes,No,No,Yes,One year,No,Credit card (automatic),64.97,385.79,No
2989-KQJXQ,Female,0,Yes,No,1,Yes,No,DSL,No,No,No,No,Yes,Yes,Month-to-month,Yes,Credit card (automatic),72.85,77.86,No
6150-UBFYE,Male,0,Yes,No,2,Yes,No,No,No internet service,No internet service,No internet service,No internet service,No internet service,No internet service,Month-to-month,Yes,Credit card (automatic),23.69,42.69,Yes
6885-BLCFX,Female,1,Yes,No,1,No,No phone service,No,No internet service,No internet service,No internet service,No internet service,No internet service,No internet service,One year,No,Electronic check,18.25,31.74,No
2785-NCPOG,Female,0,Yes,No,14,Yes,No,Fiber optic,Yes,No,No,No,Yes,Yes,One year,Yes,Bank transfer (automatic),90.26,1278.21,No
8660-FOQDV,Female,0,No,No,25,Yes,No,No,No internet service,No internet service,No internet service,No internet service,No internet service,No internet service,Month-to-month,No,Electronic check,32.87,830.42,Yes
9491-SVJFY,Male,0,No,No,4,Yes,Yes,Fiber optic,No,Yes,No,Yes,Yes,No,Month-to-month,Yes,Electronic check,93.66,379.41,No
5323-IOMTH,Male,0,No,No,5,Yes,Yes,DSL,Yes,Yes,No,Yes,No,Yes,One year,Yes,Bank transfer (automatic),73.18,358.9,No
1569-SSYPK,Male,0,No,No,4,Yes,No,No,No internet service,No internet service,No internet service,No internet service,No internet service,No internet service,One year,No,Mailed check,23.4,76.38,No
5000-JRCKR,Female,0,No,Yes,39,Yes,No,DSL,No,Yes,Yes,No,Yes,Yes,Two year,Yes,Credit card (automatic),78.26,3052.78,No
1514-HNFON,Female,0,Yes,No,3,Yes,Yes,DSL,No,No,Yes,Yes,No,No,Month-to-month,No,Mailed check,61.75,185.84,Yes
1414-JVQSQ,Female,0,No,No,1,Yes,Yes,Fiber optic,Yes,No,No,Yes,No,No,Month-to-month,Yes,Electronic check,81.81,61.66,Yes
6611-OZLYI,Female,0,No,No,0,Yes,No,DSL,No,Yes,No,No,No,No,One year,No,Mailed check,54.56, ,No
9260-DLPIY,Male,0,Yes,No,0,Yes,Yes,Fiber optic,Yes,Yes,Yes,No,No,No,Month-to-month,No,Electronic check,88.4, ,Yes
9898-ZRQJB,Female,0,No,No,18,Yes,Yes,DSL,No,Yes,No,No,Yes,Yes,Month-to-month,No,Credit card (automatic),73.64,1328.38,No
9535-KXCWW,Male,0,Yes,No,2,Yes,Yes,Fiber optic,Yes,Yes,No,No,Yes,No,Month-to-month,No,Electronic check,95.31,203.2,Yes
2345-SBOXU,Female,0,No,No,6,Yes,Yes,No,No internet service,No internet service,No internet service,No internet service,No internet service,No internet service,Month-to-month,Yes,Mailed check,23.92,150.68,No
1930-EKXGF,Male,0,No,No,42,Yes,Yes,Fiber optic,Yes,No,Yes,No,Yes,No,One year,No,Mailed check,85.37,3594.88,No
4360-ZQQNJ,Female,0,No,No,72,Yes,No,DSL,No,Yes,No,No,Yes,Yes,Month-to-month,Yes,Bank transfer (automatic),64.5,4638.62,No
6469-HHNGF,Male,0,Yes,No,47,No,No phone service,DSL,No,No,No,No,No,Yes,Two year,No,Mailed check,60.52,2855.98,No
5992-OYOAT,Female,0,No,No,72,Yes,No,Fiber optic,Yes,No,Yes,No,No,Yes,Month-to-month,No,Credit card (automatic),94.25,6785.3,No
7818-WEEDQ,Male,0,No,No,26,Yes,No,No,No internet service,No internet service,No internet service,No internet service,No internet service,No internet service,Month-to-month,Yes,Electronic check,30.49,786.98,No
7451-NZHBH,Male,0,No,No,72,Yes,No,Fiber optic,No,Yes,No,No,Yes,No,One year,Yes,Electronic check,93.34,6713.53,Yes
5864-DSEEU,Male,0,Yes,No,16,Yes,No,Fiber optic,Yes,No,No,Yes,No,No,One year,Yes,Credit card (automatic),82.43,1317.05,No
9315-TXSLT,Female,0,No,No,37,Yes,No,Fiber optic,No,Yes,Yes,Yes,No,No,Month-to-month,Yes,Credit card (automatic),84.58,3126.06,Yes
5224-GQBKG,Male,0,Yes,No,72,Yes,No,Fiber optic,No,Yes,Yes,Yes,Yes,No,Two year,Yes,Mailed check,108.35,7799.49,No
2210-CVFVK,Male,0,No,No,29,Yes,Yes,Fiber optic,No,No,No,No,No,No,Month-to-month,Yes,Credit card (automatic),75.32,2176.42,No
9689-RVJEW,Male,0,No,No,72,Yes,No,Fiber optic,No,No,Yes,No,No,No,Month-to-month,Yes,Mailed check,81.52,5871.35,No
9182-UXZVO,Male,0,No,No,7,Yes,No,Fiber optic,No,No,No,No,No,No,Two year,No,Bank transfer (automatic),74.57,517.29,No
4859-WDUUA,Male,1,No,No,8,Yes,Yes,Fiber optic,No,No,Yes,No,No,Yes,Month-to-month,No,Bank transfer (automatic),92.71,732.7,Yes
4600-SNSRB,Female,0,No,Yes,12,Yes,Yes,DSL,No,No,Yes,Yes,No,No,One year,Yes,Credit card (automatic),63.64,767.66,No
6748-VEGAM,Male,0,No,No,14,No,No phone service,Fiber optic,Yes,Yes,No,No,Yes,No,Month-to-month,No,Electronic check,84.34,1173.77,Yes
7066-VAMKG,Female,0,No,No,54,Yes,No,Fiber optic,Yes,Yes,No,Yes,No,Yes,Month-to-month,Yes,Electronic check,98.38,5330.39,No
9066-ZYAHQ,Male,0,Yes,Yes,52,Yes,No,Fiber optic,Yes,No,Yes,No,No,Yes,Two year,Yes,Mailed check,84.75,4408.56,Yes
5780-NEZXV,Female,0,No,Yes,25,Yes,Yes,DSL,Yes,No,Yes,No,No,Yes,Month-to-month,Yes,Electronic check,76.03,1907.01,No
7359-FVFUH,Female,0,Yes,Yes,6,Yes,Yes,No,No internet service,No internet service,No internet service,No internet service,No internet service,No internet service,Two year,Yes,Bank transfer (automatic),28.19,173.58,No
2566-DQECD,Female,0,No,No,6,Yes,No,Fiber optic,No,No,No,No,No,Yes,Month-to-month,Yes,Bank transfer (automatic),84.47,514.96,Yes
9109-OTQFJ,Female,0,Yes,Yes,23,Yes,No,DSL,No,No,Yes,No,Yes,Yes,Month-to-month,No,Credit card (automatic),70.28,1604.72,Yes
7005-WPQNT,Female,0,Yes,Yes,16,Yes,Yes,Fiber optic,Yes,Yes,No,No,No,No,Month-to-month,No,Electronic check,82.78,1334.69,No
4883-IOLNZ,Female,0,No,No,7,Yes,No,Fiber optic,No,Yes,Yes,No,No,Yes,One year,Yes,Electronic check,96.82,659.57,Yes
1305-TFDZW,Male,0,No,No,4,Yes,No,Fiber optic,No,Yes,No,Yes,No,No,One year,No,Bank transfer (automatic),84.34,343.19,No
8595-MSVML,Male,0,Yes,No,30,Yes,Yes,Fiber optic,No,Yes,No,Yes,No,Yes,Two year,No,Bank transfer (automatic),92.83,2775.59,No
9258-CNRSJ,Male,0,Yes,Yes,40,Yes,Yes,DSL,Yes,No,No,No,Yes,Yes,Month-to-month,Yes,Mailed check,70.67,2837.97,No
4120-OSIDO,Male,0,Yes,No,7,Yes,No,Fiber optic,No,No,No,Yes,No,Yes,Month-to-month,Yes,Bank transfer (automatic),90.63,639.8,Yes
1178-PHQUA,Female,0,No,Yes,13,Yes,Yes,Fiber optic,No,Yes,No,Yes,No,Yes,Two year,No,Credit card (automatic),93.79,1211.1,Yes
9350-RLPAO,Female,1,Yes,Yes,29,Yes,Yes,DSL,Yes,Yes,No,No,Yes,Yes,Month-to-month,Yes,Bank transfer (automatic),75.02,2189.15,No
2542-QCKFF,Female,0,No,No,15,Yes,No,No,No internet service,No internet service,No internet service,No internet service,No internet service,No internet service,Month-to-month,No,Bank transfer (automatic),23.71,343.15,No
6902-GKQWR,Male,0,Yes,No,72,No,No phone service,DSL,No,No,Yes,No,No,No,Month-to-month,Yes,Bank transfer (automatic),49.88,3596.31,No
8740-XUZSH,Male,0,No,No,3,Yes,Yes,Fiber optic,No,Yes,No,No,Yes,No,Two year,No,Bank transfer (automatic),89.15,282.68,No
3391-THUKU,Female,0,No,No,46,Yes,Yes,No,No internet service,No internet service,No internet service,No internet service,No internet service,No internet service,Month-to-month,No,Bank transfer (automatic),26.13,1209.76,No
9066-WNIYA,Male,0,Yes,No,8,Yes,Yes,DSL,No,Yes,Yes,No,Yes,No,One year,Yes,Electronic check,70.75,578.4,No
6419-KUATL,Female,0,Yes,No,27,Yes,No,Fiber optic,Yes,No,No,Yes,Yes,No,Month-to-month,Yes,Bank transfer (automatic),85.07,2298.23,No
5496-OBRPD,Female,0,No,Yes,7,Yes,Yes,Fiber optic,No,Yes,Yes,Yes,Yes,No,One year,Yes,Credit card (automatic),99.17,672.05,No
3413-YOIBQ,Male,0,No,No,72,Yes,No,Fiber optic,No,No,Yes,No,No,No,Two year,No,Electronic check,84.81,6112.28,No
7969-JIBXS,Female,1,No,Yes,1,Yes,No,Fiber optic,No,Yes,No,Yes,No,Yes,Two year,Yes,Mailed check,91.54,77.08,No
4178-QJRWF,Male,0,Yes,No,17,Yes,No,Fiber optic,Yes,No,No,No,No,No,Month-to-month,Yes,Mailed check,78.02,1326.28,Yes
3671-RTRAC,Male,0,Yes,No,57,Yes,No,No,No internet service,No internet service,No internet service,No internet service,No internet service,No internet service,One year,Yes,Electronic check,18.25,1033.99,No
1206-TJUEO,Male,0,Yes,No,15,Yes,No,DSL,No,No,Yes,No,Yes,No,One year,Yes,Bank transfer (automatic),66.1,989.56,No
7861-OJXIL,Male,0,Yes,No,44,Yes,Yes,DSL,Yes,Yes,No,No,Yes,No,Month-to-month,Yes,Electronic check,65.31,2875.21,No
6926-EYXJY,Female,0,Yes,No,71,Yes,Yes,No,No internet service,No internet service,No internet service,No internet service,No internet service,No internet service,Two year,No,Credit card (automatic),18.25,1302.27,No
9793-HVTYP,Female,1,No,Yes,1,Yes,No,Fiber optic,Yes,No,No,Yes,No,No,Two year,Yes,Electronic check,77.41,86.23,No
7639-JIZCS,Female,0,No,Yes,16,Yes,No,No,No internet service,No internet service,No internet service,No internet service,No internet service,No internet service,One year,Yes,Credit card (automatic),23.33,367.21,No
3666-FFOOM,Female,0,No,No,27,Yes,No,Fiber optic,No,Yes,Yes,No,Yes,No,One year,Yes,Electronic check,90.08,2435.94,No
7196-BWLTN,Male,0,Yes,No,42,Yes,Yes,Fiber optic,No,Yes,Yes,No,Yes,No,Month-to-month,Yes,Mailed check,100.23,4201.24,Yes
1658-XTOTX,Male,0,Yes,No,4,Yes,Yes,Fiber optic,Yes,No,No,No,No,No,Two year,Yes,Electronic check,85.22,356.27,Yes
6776-YNWRV,Female,0,Yes,No,20,Yes,Yes,DSL,No,Yes,Yes,Yes,No,No,One year,Yes,Credit card (automatic),61.4,1221.78,Yes
8735-EVLJH,Male,0,No,No,4,Yes,No,DSL,No,No,Yes,No,No,No,Month-to-month,Yes,Credit card (automatic),54.97,237.92,No
2404-FYOLY,Male,0,No,No,33,No,No phone service,DSL,Yes,No,Yes,No,No,Yes,Month-to-month,No,Electronic check,69.54,2301.06,No
3968-FLOLI,Female,0,Yes,No,8,Yes,No,Fiber optic,Yes,No,Yes,No,Yes,Yes,One year,Yes,Electronic check,94.66,752.76,Yes
1050-UBMMH,Female,0,No,Yes,7,Yes,No,Fiber optic,Yes,Yes,No,No,No,No,Month-to-month,No,Electronic check,83.69,592.17,No
5300-DFFUL,Male,0,Yes,No,35,Yes,No,Fiber optic,Yes,No,No,Yes,No,No,Month-to-month,No,Electronic check,89.02,3111.85,Yes
8019-QGZOX,Female,0,No,No,44,No,No phone service,No,No internet service,No internet service,No internet service,No internet service,No internet service,No internet service,One year,Yes,Electronic check,23.93,1059.79,No
9598-TFIOP,Male,0,Yes,No,10,Yes,No,DSL,No,No,No,Yes,No,No,One year,Yes,Electronic check,50.28,485.68,No
6412-RTNBW,Male,0,Yes,No,16,Yes,No,Fiber optic,No,Yes,Yes,Yes,Yes,No,Month-to-month,Yes,Credit card (automatic),102.11,1628.77,Yes
4262-CNGOQ,Female,0,Yes,No,28,Yes,Yes,No,No internet service,No internet service,No internet service,No internet service,No internet service,No internet service,Month-to-month,No,Credit card (automatic),18.25,521.14,No
6376-IVNPU,Female,0,No,No,32,Yes,Yes,Fiber optic,Yes,No,No,No,Yes,Yes,Month-to-month,Yes,Mailed check,100.63,3233.29,No
3783-FVAUY,Female,0,Yes,No,35,Yes,Yes,Fiber optic,Yes,No,Yes,No,No,Yes,Two year,No,Credit card (automatic),98.51,3453.17,No
4331-CQBST,Male,0,No,Yes,11,Yes,Yes,Fiber optic,Yes,Yes,No,Yes,No,Yes,One year,Yes,Mailed check,100.36,1087.32,Yes
3262-VHYOF,Female,0,No,No,18,Yes,No,Fiber optic,No,No,No,Yes,No,No,One year,No,Electronic check,84.96,1521.84,Yes
8574-TBYYO,Female,0,No,No,2,Yes,Yes,Fiber optic,No,Yes,Yes,Yes,No,No,One year,Yes,Electronic check,90.16,185.15,No
8147-CJNVN,Female,0,Yes,No,71,Yes,No,DSL,No,No,Yes,No,No,Yes,Month-to-month,No,Electronic check,60.28,4265.74,No
7242-ATABS,Female,0,No,Yes,29,Yes,Yes,DSL,Yes,No,No,No,Yes,No,Month-to-month,Yes,Credit card (automatic),67.71,1988.27,No
5073-DDMZI,Male,0,No,No,11,Yes,No,DSL,No,No,Yes,No,No,No,One year,Yes,Bank transfer (automatic),63.83,703.51,No
9550-PRCTT,Female,0,Yes,Yes,11,Yes,No,Fiber optic,Yes,Yes,Yes,No,Yes,Yes,One year,Yes,Electronic check,103.26,1144.38,Yes
6495-ZZVPC,Male,0,Yes,Yes,2,Yes,Yes,DSL,No,No,No,No,Yes,No,Month-to-month,Yes,Mailed check,61.06,114.97,Yes
4544-JPHIO,Female,0,Yes,No,14,No,No phone service,Fiber optic,No,No,Yes,Yes,No,Yes,Month-to-month,No,Electronic check,78.08,1103.27,Yes
6151-UCDML,Female,1,No,No,26,Yes,Yes,Fiber optic,Yes,No,Yes,No,No,No,Month-to-month,Yes,Electronic check,87.1,2261.19,Yes
7125-SGPVT,Female,0,Yes,No,72,Yes,No,DSL,No,No,No,No,No,Yes,Month-to-month,Yes,Electronic check,50.29,3613.56,No
2054-JRKGN,Male,0,No,Yes,25,Yes,No,Fiber optic,No,No,No,Yes,No,No,One year,Yes,Bank transfer (automatic),82.94,2070.55,No
1275-RKVLR,Female,0,Yes,Yes,25,Yes,No,Fiber optic,No,No,Yes,No,No,Yes,Two year,Yes,Bank transfer (automatic),95.18,2380.63,Yes
9022-AWJUA,Female,0,Yes,Yes,37,Yes,No,Fiber optic,Yes,No,Yes,No,Yes,No,Month-to-month,No,Electronic check,96.48,3564.84,Yes
8077-GQIGQ,Female,1,No,Yes,17,Yes,No,No,No internet service,No internet service,No internet service,No internet service,No internet service,No internet service,Month-to-month,Yes,Bank transfer (automatic),28.63,507.32,No
3402-PETRA,Male,0,No,No,0,Yes,Yes,DSL,Yes,Yes,No,No,No,Yes,Month-to-month,Yes,Bank transfer (automatic),66.72, ,No
5355-WKTIH,Female,1,Yes,No,52,Yes,No,Fiber optic,Yes,No,No,Yes,Yes,No,Month-to-month,Yes,Mailed check,92.38,4799.62,No
3279-ELAOY,Female,0,Yes,No,12,Yes,No,Fiber optic,Yes,Yes,No,No,Yes,Yes,Month-to-month,Yes,Bank transfer (automatic),105.15,1250.71,No
9657-FJNUZ,Male,0,No,Yes,72,Yes,Yes,Fiber optic,Yes,No,Yes,Yes,Yes,No,One year,No,Electronic check,94.83,6807.4,No
7716-HCVVZ,Male,0,Yes,No,12,Yes,No,Fiber optic,No,No,No,No,No,Yes,One year,Yes,Electronic check,85.41,1014.39,No
5075-LOGDU,Male,1,Yes,No,26,Yes,No,DSL,No,No,No,No,Yes,No,Month-to-month,No,Credit card (automatic),58.36,1521.22,No
9053-PZMDX,Male,0,No,No,14,Yes,Yes,Fiber optic,Yes,No,No,No,No,Yes,Two year,No,Credit card (automatic),91.36,1287.83,No
7015-IZURO,Female,0,No,No,6,Yes,No,DSL,No,No,Yes,Yes,Yes,No,Two year,Yes,Mailed check,66.97,407.97,No
1027-HUQXY,Female,0,Yes,Yes,64,Yes,No,No,No internet service,No internet service,No internet service,No internet service,No internet service,No internet service,Two year,No,Bank transfer (automatic),30.38,1953.85,No
2264-XZRDO,Male,0,Yes,Yes,23,Yes,No,DSL,No,Yes,No,No,No,No,Month-to-month,No,Bank transfer (automatic),54.2,1236.29,Yes
7177-BJCHT,Male,0,Yes,Yes,14,Yes,Yes,No,No internet service,No internet service,No internet service,No internet service,No internet service,No internet service,One year,Yes,Bank transfer (automatic),28.29,393.63,No
2670-LZSZO,Male,0,No,No,3,Yes,No,No,No internet service,No internet service,No internet service,No internet service,No internet service,No internet service,Two year,Yes,Mailed check,21.57,71.79,No
3172-NCRVF,Male,0,No,Yes,72,Yes,No,No,No internet service,No internet service,No internet service,No internet service,No internet service,No internet service,One year,Yes,Electronic check,21.72,1561.86,No
1944-WNNTM,Female,0,Yes,No,54,Yes,Yes,DSL,Yes,No,No,No,Yes,No,Month-to-month,No,Credit card (automatic),59.59,3197.52,No
8770-CMXBI,Male,0,No,No,13,Yes,No,DSL,No,No,No,No,No,Yes,Month-to-month,Yes,Mailed check,59.19,767.89,No
8084-HPXCM,Male,1,No,No,4,Yes,No,Fiber optic,No,Yes,No,Yes,No,No,Two year,No,Credit card (automatic),88.3,368.01,No
8537-BTVUO,Female,0,No,No,0,Yes,No,Fiber optic,No,No,No,Yes,Yes,No,Two year,No,Credit card (automatic),90.41, ,No
1543-JAFCS,Female,0,No,Yes,3,Yes,No,Fiber optic,Yes,No,No,Yes,Yes,Yes,One year,Yes,Bank transfer (automatic),105.17,320.46,No
3246-MMQAN,Male,0,No,No,18,No,No phone service,DSL,Yes,No,No,Yes,Yes,Yes,Month-to-month,No,Bank transfer (automatic),62.55,1148.76,No
1348-ZCNXA,Male,0,Yes,No,40,Yes,Yes,Fiber optic,No,No,No,No,No,Yes,Two year,No,Credit card (automatic),84.42,3377.35,Yes
2455-JMDIN,Male,0,Yes,No,10,Yes,No,Fiber optic,Yes,No,No,No,No,Yes,Two year,Yes,Bank transfer (automatic),80.63,809.05,Yes
9086-CWGJC,Female,0,No,No,13,Yes,Yes,DSL,Yes,Yes,Yes,Yes,No,No,Month-to-month,Yes,Mailed check,68.57,894.62,No
3894-IOQGT,Female,1,Yes,No,15,Yes,No,Fiber optic,No,No,Yes,Yes,Yes,Yes,Month-to-month,No,Mailed check,102.14,1527.98,No
2681-ORXWL,Female,0,Yes,No,0,Yes,No,DSL,No,No,Yes,Yes,No,No,Month-to-month,No,Credit card (automatic),63.89, ,No
9854-UZHBB,Male,0,Yes,No,4,Yes,No,Fiber optic,No,Yes,No,No,Yes,No,Month-to-month,No,Bank transfer (automatic),88.53,351.75,Yes
2781-DFWMS,Male,0,No,No,16,Yes,No,Fiber optic,No,No,No,No,Yes,No,One year,Yes,Bank transfer (automatic),88.47,1425.09,Yes
8551-KMHGM,Female,0,Yes,No,7,Yes,Yes,Fiber optic,Yes,Yes,Yes,No,No,No,Month-to-month,No,Electronic check,90.8,642.72,No
2157-GPOTB,Female,0,Yes,No,17,Yes,No,Fiber optic,No,No,No,No,Yes,Yes,Two year,No,Bank transfer (automatic),95.38,1625.15,No
1511-ZYWPQ,Female,1,No,No,2,Yes,No,DSL,No,No,No,Yes,Yes,No,Month-to-month,Yes,Electronic check,62.65,104.24,Yes
9791-OCDLE,Male,1,No,No,38,Yes,Yes,DSL,Yes,Yes,Yes,No,No,No,Month-to-month,No,Mailed check,60.62,2319.44,Yes
3064-FJVRJ,Female,0,No,Yes,36,Yes,No,Fiber optic,No,No,No,No,No,No,One year,Yes,Mailed check,72.03,2613.09,No
2925-TODYP,Female,0,No,No,26,Yes,Yes,No,No internet service,No internet service,No internet service,No internet service,No internet service,No internet service,Month-to-month,Yes,Electronic check,32.32,846.67,No
9181-XHGSZ,Female,1,Yes,Yes,18,Yes,No,No,No internet service,No internet service,No internet service,No internet service,No internet service,No internet service,Month-to-month,Yes,Credit card (automatic),18.25,330.62,No
4824-UMOZZ,Male,0,Yes,No,11,Yes,No,Fiber optic,Yes,Yes,No,No,No,No,Month-to-month,Yes,Mailed check,79.47,870.75,No
2310-BJMRW,Female,0,Yes,Yes,27,Yes,Yes,Fiber optic,No,No,No,No,Yes,No,One year,No,Bank transfer (automatic),78.88,2127.58,No
9906-MSXYX,Male,0,No,No,36,Yes,Yes,DSL,Yes,No,No,Yes,Yes,No,Month-to-month,No,Electronic check,69.11,2487.08,No
2845-ECSWM,Male,0,No,Yes,39,Yes,Yes,DSL,Yes,Yes,No,No,Yes,No,Month-to-month,Yes,Bank transfer (automatic),65.34,2539.57,Yes
9909-FVIQH,Male,0,No,No,10,Yes,No,Fiber optic,No,No,Yes,Yes,No,Yes,Month-to-month,No,Electronic check,97.41,976.91,Yes
3284-EVVQC,Female,0,Yes,No,5,Yes,No,DSL,Yes,No,No,Yes,Yes,No,Month-to-month,Yes,Mailed check,60.82,304.0,No
7181-NONKK,Male,0,No,No,10,Yes,No,Fiber optic,No,Yes,Yes,Yes,Yes,No,One year,Yes,Electronic check,94.59,942.18,Yes
8973-OLFAY,Female,0,Yes,No,0,Yes,No,DSL,No,No,No,No,No,Yes,Month-to-month,No,Bank transfer (automatic),50.23, ,No
7927-TOBQC,Male,0,Yes,No,13,No,No phone service,No,No internet service,No internet service,No internet service,No internet service,No internet service,No internet service,Two year,No,Credit card (automatic),18.68,236.59,No
8874-EQWQT,Male,0,No,Yes,7,Yes,Yes,Fiber optic,No,No,Yes,No,No,No,Two year,Yes,Bank transfer (automatic),77.34,546.31,No
6171-VKWNM,Male,0,No,No,37,Yes,Yes,DSL,Yes,No,Yes,No,Yes,Yes,Two year,No,Electronic check,74.61,2756.36,No
6459-ZYIIP,Female,0,No,No,26,Yes,Yes,No,No internet service,No internet service,No internet service,No internet service,No internet service,No internet service,Month-to-month,Yes,Electronic check,29.49,774.78,No
2161-FRBTI,Female,0,No,Yes,0,Yes,Yes,Fiber optic,Yes,No,Yes,No,Yes,No,Month-to-month,Yes,Mailed check,92.35, ,No
1978-FBOQP,Female,0,No,No,3,Yes,No,No,No internet service,No internet service,No internet service,No internet service,No internet service,No internet service,Month-to-month,Yes,Electronic check,19.92,48.53,Yes
6129-JRJIX,Female,1,Yes,Yes,18,Yes,No,DSL,No,Yes,No,Yes,Yes,No,One year,Yes,Electronic check,77.64,1383.1,No
8392-DXCJL,Male,0,Yes,No,23,Yes,Yes,DSL,No,No,No,No,Yes,No,Month-to-month,No,Electronic check,57.07,1310.81,No
6253-UBJBI,Male,0,No,Yes,35,No,No phone service,Fiber optic,No,No,No,No,No,No,Month-to-month,No,Electronic check,73.66,2583.68,No
4034-JBHXQ,Male,0,Yes,Yes,72,Yes,Yes,DSL,Yes,No,No,Yes,No,Yes,One year,No,Mailed check,68.22,4901.15,No
4484-DRLQI,Male,0,Yes,Yes,29,Yes,No,Fiber optic,No,Yes,No,Yes,Yes,Yes,Month-to-month,No,Electronic check,105.99,3083.05,No
7844-SNNQB,Male,0,No,No,18,Yes,Yes,DSL,No,No,No,Yes,No,Yes,Two year,Yes,Mailed check,64.94,1174.52,No
6479-EGVPP,Female,0,No,No,12,Yes,Yes,DSL,No,Yes,Yes,No,No,No,Two year,Yes,Bank transfer (automatic),63.29,759.8,No
1592-VGTHH,Male,0,Yes,No,32,Yes,Yes,DSL,No,Yes,No,Yes,Yes,Yes,One year,Yes,Electronic check,79.8,2557.88,No
2238-KORFV,Female,0,Yes,No,65,Yes,Yes,DSL,No,No,Yes,No,Yes,Yes,Two year,Yes,Credit card (automatic),72.53,4710.74,No
4598-WFRXT,Female,1,No,No,13,Yes,No,No,No internet service,No internet service,No internet service,No internet service,No internet service,No internet service,Month-to-month,No,Electronic check,23.82,313.02,No
7407-NSSHB,Female,0,No,No,21,Yes,Yes,DSL,Yes,No,No,Yes,No,Yes,Month-to-month,Yes,Electronic check,66.52,1401.87,Yes
4011-FCCSK,Male,0,No,No,5,Yes,No,No,No internet service,No internet service,No internet service,No internet service,No internet service,No internet service,Month-to-month,Yes,Mailed check,24.67,117.16,Yes
6916-JLNRX,Female,0,No,No,46,Yes,No,Fiber optic,Yes,No,Yes,Yes,Yes,No,One year,Yes,Mailed check,99.98,4600.94,No
4528-OXZCW,Female,0,Yes,No,30,Yes,Yes,DSL,No,No,No,No,No,No,One year,No,Credit card (automatic),48.24,1443.52,No
6578-JRDMF,Female,0,No,No,10,No,No phone service,No,No internet service,No internet service,No internet service,No internet service,No internet service,No internet service,Month-to-month,Yes,Electronic check,18.54,180.38,Yes
4066-UMYZT,Female,0,Yes,No,49,Yes,Yes,Fiber optic,No,No,No,No,No,Yes,Month-to-month,No,Electronic check,82.37,4029.44,No
3948-TNMNH,Male,0,Yes,Yes,72,Yes,Yes,Fiber optic,No,No,Yes,Yes,Yes,Yes,Month-to-month,Yes,Credit card (automatic),99.14,7144.89,No
9983-OSAVB,Male,1,Yes,Yes,8,Yes,No,DSL,Yes,No,Yes,No,Yes,Yes,Two year,Yes,Bank transfer (automatic),72.94,579.09,No
6170-HCWZN,Male,0,Yes,No,4,Yes,No,Fiber optic,Yes,Yes,No,No,Yes,No,Month-to-month,Yes,Electronic check,93.77,371.62,No
4897-IHQWW,Female,0,Yes,No,42,Yes,No,DSL,No,Yes,Yes,No,No,No,Month-to-month,Yes,Mailed check,60.81,2550.7,No
7775-PJUJY,Female,0,Yes,Yes,20,Yes,No,DSL,No,Yes,Yes,No,No,Yes,One year,No,Electronic check,67.34,1368.64,No
2335-FVQPO,Male,0,No,Yes,51,Yes,No,No,No internet service,No internet service,No internet service,No internet service,No internet service,No internet service,Month-to-month,No,Credit card (automatic),25.04,1285.51,No
2987-DBKDU,Male,0,Yes,No,10,Yes,Yes,DSL,Yes,No,Yes,No,No,No,Month-to-month,No,Credit card (automatic),51.29,508.87,Yes
1252-UPUDA,Female,0,Yes,No,20,Yes,No,Fiber optic,No,No,No,Yes,Yes,No,One year,No,Credit card (automatic),88.97,1771.68,No
4389-ZXSBI,Female,0,No,No,20,Yes,Yes,Fiber optic,Yes,No,Yes,Yes,Yes,Yes,Two year,No,Electronic check,102.32,2054.07,No
9632-MRPPY,Male,1,Yes,No,5,Yes,Yes,Fiber optic,No,No,Yes,No,No,Yes,Two year,Yes,Credit card (automatic),99.66,503.99,No
1553-IKYZZ,Male,1,No,No,72,Yes,No,Fiber optic,No,Yes,No,No,No,Yes,Two year,No,Electronic check,87.37,6292.73,No
2314-FCICR,Female,1,No,No,26,No,No phone service,DSL,No,No,No,No,No,Yes,Month-to-month,Yes,Bank transfer (automatic),46.75,1218.74,No
8015-VHOMG,Male,0,No,No,26,Yes,No,Fiber optic,No,No,No,Yes,No,No,Two year,Yes,Mailed check,74.06,1922.05,No
5583-JQAMZ,Male,0,Yes,No,8,Yes,Yes,Fiber optic,No,No,Yes,No,No,Yes,One year,Yes,Mailed check,82.83,661.73,Yes
6431-PIJFE,Female,0,No,Yes,25,Yes,Yes,Fiber optic,No,Yes,No,No,No,Yes,Month-to-month,Yes,Electronic check,95.7,2391.92,Yes
3506-IFHII,Male,0,No,Yes,42,Yes,No,Fiber optic,No,No,No,No,Yes,No,One year,No,Mailed check,85.19,3587.16,No
6479-CMSBQ,Male,1,No,Yes,40,Yes,,No,No internet service,No internet service,No internet service,No internet service,No internet service,No internet service,Month-to-month,Yes,Electronic check,30.64,1212.12,Yes
7993-NBMUT,Female,0,No,No,60,Yes,No,No,No internet service,No internet service,No internet service,No internet service,No internet service,No internet service,Month-to-month,Yes,Credit card (automatic),18.25,1090.49,No
4742-OYTEG,Male,0,No,No,3,Yes,No,No,No internet service,No internet service,No internet service,No internet service,No internet service,No internet service,Month-to-month,Yes,Mailed check,27.78,71.36,No
8735-KRZEM,Female,0,Yes,No,4,Yes,Yes,No,No internet service,No internet service,No internet service,No internet service,No internet service,No internet service,Two year,Yes,Credit card (automatic),29.26,105.09,No
1539-RBTDM,Male,0,No,No,29,Yes,Yes,Fiber optic,No,Yes,No,No,No,Yes,Month-to-month,Yes,Mailed check,81.54,2377.8,Yes
4439-FZHPM,Male,0,No,No,39,Yes,No,Fiber optic,No,No,No,No,Yes,Yes,One year,No,Electronic check,104.52,4093.09,No
2910-ZDBIR,Female,0,No,No,26,Yes,Yes,No,No internet service,No internet service,No internet service,No internet service,No internet service,No internet service,One year,Yes,Credit card (automatic),22.47,574.41,No
4335-ZOIQW,Male,0,No,No,3,No,No phone service,Fiber optic,No,No,No,No,No,Yes,Two year,Yes,Mailed check,74.99,208.25,No
3753-FEQBR,Male,0,Yes,No,21,Yes,No,No,No internet service,No internet service,No internet service,No internet service,No internet service,No internet service,One year,Yes,Electronic check,34.38,715.83,No
1063-JJFLQ,Female,0,Yes,No,33,Yes,No,No,No internet service,No internet service,No internet service,No internet service,No internet service,No internet service,Month-to-month,Yes,Credit card (automatic),28.34,922.38,No
1140-TPJUB,Female,0,Yes,Yes,3,Yes,No,Fiber optic,Yes,Yes,Yes,No,Yes,No,One year,Yes,Credit card (automatic),89.23,280.22,No
5446-WGFAL,Male,1,Yes,Yes,1,Yes,No,Fiber optic,No,No,Yes,No,No,No,Two year,Yes,Bank transfer (automatic),79.49,79.56,Yes
4659-SIJQR,Male,0,Yes,Yes,7,Yes,Yes,DSL,Yes,No,No,No,No,No,Month-to-month,Yes,Credit card (automatic),55.05,375.44,No
8592-JLOOD,Male,0,No,No,2,Yes,Yes,DSL,Yes,Yes,No,No,Yes,Yes,Month-to-month,Yes,Bank transfer (automatic),83.87,151.75,No
1832-ZLYBO,Female,0,No,Yes,3,Yes,Yes,DSL,Yes,No,Yes,Yes,No,No,Month-to-month,Yes,Bank transfer (automatic),65.01,212.86,No
1891-UZNDE,Male,0,No,No,5,Yes,No,No,No internet service,No internet service,No internet service,No internet service,No internet service,No internet service,Month-to-month,Yes,Credit card (automatic),22.82,134.76,No
5192-AUFEB,Male,0,Yes,No,18,Yes,Yes,No,No internet service,No internet service,No internet service,No internet service,No internet service,No internet service,Month-to-month,Yes,Electronic check,25.5,463.61,No
7394-EZISU,Female,0,Yes,No,4,No,No phone service,DSL,No,Yes,No,Yes,No,No,Two year,No,Mailed check,55.74,216.25,No
5782-MLEBD,Female,1,No,No,22,Yes,No,Fiber optic,No,Yes,No,Yes,No,No,Two year,No,Mailed check,77.05,1727.07,No
5154-RUJML,Female,1,No,Yes,8,Yes,No,DSL,No,Yes,Yes,Yes,No,Yes,One year,No,Bank transfer (automatic),71.38,562.26,No
5313-ONYJV,Female,0,No,No,8,Yes,No,Fiber optic,No,Yes,Yes,No,No,No,One year,Yes,Mailed check,81.02,648.82,No
8911-YOMHU,Male,0,Yes,Yes,72,Yes,Yes,DSL,No,No,No,No,No,Yes,Two year,Yes,Mailed check,58.4,4206.58,No
6588-VNAMH,Male,0,Yes,No,39,Yes,No,No,No internet service,No internet service,No internet service,No internet service,No internet service,No internet service,Month-to-month,No,Credit card (automatic),22.26,871.93,No
2905-VIMCR,Male,0,Yes,No,13,No,No phone service,DSL,Yes,Yes,Yes,Yes,No,Yes,One year,No,Credit card (automatic),78.12,1028.1,No
2321-EYFHX,Female,0,Yes,No,14,Yes,Yes,DSL,No,No,Yes,Yes,Yes,Yes,Two year,Yes,Mailed check,74.54,1048.65,No
8014-URNOJ,Male,1,No,No,2,Yes,Yes,Fiber optic,Yes,No,No,No,No,No,Month-to-month,Yes,Bank transfer (automatic),73.47,148.52,Yes
4481-ULGGK,Male,0,Yes,No,44,Yes,Yes,DSL,No,No,Yes,Yes,Yes,No,Month-to-month,Yes,Mailed check,67.79,2992.78,No
1159-MORGF,Male,0,No,No,0,Yes,No,DSL,No,No,Yes,No,No,No,Two year,Yes,Credit card (automatic),56.85, ,No
8798-KHTAH,Female,0,No,No,3,Yes,No,DSL,No,Yes,No,No,No,Yes,Month-to-month,Yes,Electronic check,54.76,163.65,Yes
5999-SCECO,Male,0,No,Yes,18,Yes,No,DSL,No,No,No,No,No,No,Two year,Yes,Credit card (automatic),48.81,899.16,No
4405-UOXQR,Male,0,Yes,No,5,Yes,Yes,No,No internet service,No internet service,No internet service,No internet service,No internet service,No internet service,Two year,Yes,Mailed check,40.3,201.06,No
6848-BNKMY,Female,0,Yes,No,24,Yes,Yes,Fiber optic,No,No,Yes,No,No,No,Month-to-month,Yes,Mailed check,75.05,1820.47,No
8881-XAUYD,Male,0,No,No,0,Yes,No,DSL,No,No,No,Yes,Yes,Yes,Month-to-month,No,Credit card (automatic),73.87, ,Yes
2607-PSRFN,Female,0,No,No,2,Yes,Yes,DSL,No,No,Yes,Yes,Yes,No,Two year,No,Electronic check,72.15,157.06,No
1066-PALNS,Female,0,Yes,Yes,34,Yes,No,DSL,No,Yes,No,No,Yes,No,Two year,Yes,Electronic check,62.66,2149.88,No
8925-SIGNE,Male,0,No,Yes,20,Yes,No,Fiber optic,Yes,No,No,No,No,Yes,Month-to-month,No,Bank transfer (automatic),86.97,1744.92,No
3993-IUGID,Female,1,Yes,No,0,Yes,No,DSL,Yes,Yes,No,No,Yes,Yes,One year,Yes,Electronic check,78.5, ,No
8371-FRHUO,Female,0,No,Yes,5,Yes,No,Fiber optic,No,No,No,Yes,No,No,Month-to-month,Yes,Bank transfer (automatic),72.44,365.58,No
2151-CBXWI,Female,0,No,No,6,Yes,Yes,Fiber optic,Yes,Yes,Yes,No,No,Yes,Month-to-month,No,Electronic check,89.91,528.5,No
9039-DBNBB,Male,0,Yes,No,45,Yes,Yes,Fiber optic,Yes,No,Yes,Yes,No,No,One year,No,Mailed check,89.98,4041.72,No
5378-VGLFR,Female,0,No,No,20,Yes,Yes,Fiber optic,No,Yes,Yes,Yes,Yes,No,One year,No,Electronic check,99.4,1995.72,No
9722-MTUWY,Male,0,No,No,18,Yes,No,DSL,Yes,No,Yes,Yes,No,Yes,Month-to-month,Yes,Electronic check,71.34,1291.28,No
1097-HSIZD,Male,0,No,Yes,2,Yes,Yes,Fiber optic,No,No,Yes,Yes,No,No,Month-to-month,Yes,Electronic check,91.26,196.77,No
1079-SJFPJ,Female,0,Yes,No,25,Yes,Yes,Fiber optic,No,No,Yes,Yes,No,Yes,Two year,Yes,Credit card (automatic),93.75,2362.35,No
5518-DSZDS,Female,0,Yes,No,4,Yes,Yes,DSL,Yes,No,No,Yes,No,Yes,Month-to-month,Yes,Electronic check,76.64,304.59,No
3623-SLMYD,Male,1,No,No,17,Yes,No,DSL,No,No,No,Yes,No,No,Month-to-month,No,Bank transfer (automatic),52.53,891.68,No
9233-UGEQR,Female,0,No,No,21,Yes,No,Fiber optic,No,No,No,No,No,Yes,Two year,Yes,Mailed check,84.33,1766.55,No
3154-OUVGR,Male,0,Yes,No,44,Yes,No,DSL,No,No,No,Yes,Yes,Yes,Month-to-month,Yes,Mailed check,70.3,3090.42,No
9697-YFRPB,Male,0,Yes,No,39,Yes,No,No,No internet service,No internet service,No internet service,No internet service,No internet service,No internet service,One year,Yes,Mailed check,24.25,942.35,No
1256-YZKTE,Female,1,No,No,5,Yes,No,Fiber optic,Yes,No,No,Yes,No,No,Month-to-month,No,Mailed check,86.35,426.37,No
2071-WASNC,Female,0,No,No,59,Yes,No,DSL,No,No,No,No,No,No,One year,No,Credit card (automatic),53.15,3137.01,No
1897-XEQRA,Female,0,Yes,Yes,0,Yes,No,Fiber optic,Yes,No,Yes,No,No,No,One year,Yes,Mailed check,80.89, ,No
5174-VIWEM,Female,0,Yes,No,9,Yes,Yes,No,No internet service,No internet service,No internet service,No internet service,No internet service,No internet service,One year,No,Mailed check,24.99,220.64,Yes
3935-JTYUN,Female,0,No,No,1,No,No phone service,No,No internet service,No internet service,No internet service,No internet service,No internet service,No internet service,Two year,No,Bank transfer (automatic),18.25,23.48,No
1116-ZLKWG,Female,0,No,Yes,30,Yes,Yes,DSL,No,No,No,No,No,No,One year,No,Mailed check,51.04,1541.06,No
5561-GXTFK,Female,0,Yes,Yes,16,Yes,No,Fiber optic,Yes,No,Yes,Yes,No,No,Month-to-month,Yes,Mailed check,87.31,1392.53,No
2586-KPWLH,Female,0,No,Yes,4,Yes,No,Fiber optic,No,No,No,No,No,Yes,Month-to-month,Yes,Electronic check,84.54,351.39,Yes
3882-BFPTX,Female,0,Yes,No,2,Yes,No,No,No internet service,No internet service,No internet service,No internet service,No internet service,No internet service,Month-to-month,No,Electronic check,27.57,73.95,Yes
2884-ONBTR,Female,0,No,No,6,Yes,Yes,Fiber optic,No,No,No,Yes,No,No,Two year,Yes,Electronic check,86.41,515.11,No
6073-BATBI,Male,0,Yes,No,60,Yes,No,Fiber optic,Yes,Yes,Yes,No,Yes,No,Month-to-month,No,Credit card (automatic),94.36,5672.08,Yes
6800-PKWFL,Female,1,Yes,No,27,Yes,Yes,DSL,No,No,No,Yes,No,No,Two year,Yes,Credit card (automatic),46.4,1244.61,No
5930-LWAIT,Female,0,Yes,No,6,Yes,Yes,DSL,No,No,No,No,Yes,No,One year,Yes,Mailed check,62.75,378.35,No
8173-KCDJS,Female,0,Yes,No,53,Yes,No,Fiber optic,Yes,No,No,Yes,No,No,Two year,No,Mailed check,77.42,4104.23,No
1293-AHHYF,Male,0,Yes,No,3,Yes,No,DSL,No,No,No,Yes,No,No,Month-to-month,Yes,Mailed check,46.83,144.75,No
9016-SAOMU,Female,1,Yes,Yes,27,Yes,No,Fiber optic,Yes,Yes,Yes,Yes,Yes,No,One year,No,Electronic check,96.28,2603.57,No
9641-CIPXM,Female,0,Yes,No,13,Yes,No,Fiber optic,Yes,No,No,No,No,Yes,Two year,No,Bank transfer (automatic),77.54,1000.28,No
6874-RULLA,Female,0,No,No,7,Yes,No,Fiber optic,No,No,No,No,No,Yes,Month-to-month,Yes,Credit card (automatic),83.14,566.6,No
2235-HQUTV,Female,0,No,No,7,Yes,Yes,DSL,No,Yes,No,No,No,Yes,Month-to-month,Yes,Bank transfer (automatic),74.23,537.07,No
6352-QJDVZ,Female,0,Yes,No,16,Yes,Yes,Fiber optic,Yes,Yes,No,No,No,Yes,One year,No,Bank transfer (automatic),92.03,1464.51,No
2853-ZXXHP,Male,0,No,No,64,Yes,No,Fiber optic,No,Yes,Yes,Yes,No,No,Two year,No,Bank transfer (automatic),92.23,5902.37,No
3990-HVICV,Female,0,No,No,32,Yes,No,Fiber optic,No,Yes,No,No,No,Yes,Month-to-month,No,Electronic check,90.06,2874.15,Yes
1862-POXDT,Female,0,Yes,Yes,26,Yes,No,Fiber optic,No,No,No,No,No,No,Two year,No,Mailed check,75.04,1963.07,No
1527-JKZEK,Male,1,Yes,Yes,50,No,No phone service,Fiber optic,No,Yes,Yes,No,No,Yes,Month-to-month,Yes,Mailed check,97.92,4899.8,Yes
1846-FPOKT,Male,0,No,No,20,Yes,Yes,Fiber optic,No,No,Yes,No,Yes,No,Two year,Yes,Electronic check,93.19,1849.58,No
4323-BLPSB,Male,0,Yes,Yes,5,Yes,Yes,No,No internet service,No internet service,No internet service,No internet service,No internet service,No internet service,Month-to-month,Yes,Bank transfer (automatic),24.58,117.26,Yes
9752-NXPEJ,Female,0,No,No,72,Yes,No,No,No internet service,No internet service,No internet service,No internet service,No internet service,No internet service,Month-to-month,Yes,Credit card (automatic),31.87,2298.82,No
4948-PIXDX,Female,0,No,No,18,Yes,No,Fiber optic,Yes,No,No,Yes,Yes,No,Two year,No,Credit card (automatic),91.67,1652.51,No
7172-ZPWKG,Male,0,Yes,No,9,Yes,Yes,Fiber optic,No,No,Yes,No,No,Yes,Month-to-month,No,Bank transfer (automatic),81.31,727.16,No
7448-VMDNJ,Female,0,No,No,36,Yes,Yes,No,No internet service,No internet service,No internet service,No internet service,No internet service,No internet service,Month-to-month,Yes,Bank transfer (automatic),31.39,1128.58,No
8354-LBZWI,Female,0,Yes,No,14,Yes,Yes,DSL,Yes,No,No,No,No,Yes,Month-to-month,Yes,Bank transfer (automatic),65.56,916.39,No
2532-EHUNG,Female,0,Yes,Yes,0,Yes,No,Fiber optic,Yes,Yes,Yes,No,No,No,Month-to-month,No,Bank transfer (automatic),89.59, ,Yes
9582-ICNQR,Female,1,No,No,9,Yes,No,Fiber optic,No,No,Yes,No,No,No,Month-to-month,No,Electronic check,82.71,750.63,No
2195-VNZZM,Female,0,No,Yes,14,Yes,Yes,No,No internet service,No internet service,No internet service,No internet service,No internet service,No internet service,Month-to-month,Yes,Electronic check,31.73,453.89,Yes
9077-ISZBK,Male,0,Yes,No,11,Yes,No,No,No internet service,No internet service,No internet service,No internet service,No internet service,No internet service,Month-to-month,No,Mailed check,21.5,226.72,No
6200-BSGRM,Male,0,Yes,No,19,Yes,No,Fiber optic,No,No,Yes,No,No,No,Two year,Yes,Mailed check,76.09,1461.6,No
9836-RWZXX,Male,0,No,No,4,No,No phone service,DSL,Yes,Yes,Yes,No,Yes,No,Month-to-month,Yes,Bank transfer (automatic),64.51,254.0,Yes
6020-POHZO,Female,0,No,Yes,20,Yes,No,DSL,No,Yes,Yes,No,No,No,Two year,No,Bank transfer (automatic),58.65,1196.14,No
5864-QONNJ,Male,0,No,No,72,Yes,Yes,DSL,Yes,Yes,Yes,No,Yes,No,One year,Yes,Mailed check,75.06,5408.64,No
6818-FQEEO,Female,0,Yes,No,33,Yes,Yes,DSL,Yes,No,Yes,Yes,No,No,Two year,Yes,Mailed check,62.06,2047.82,No
5074-EAKKF,Male,1,Yes,Yes,27,No,No phone service,Fiber optic,Yes,Yes,Yes,Yes,Yes,No,Two year,No,Electronic check,94.58,2571.2,No
1662-HBOWV,Male,0,No,No,5,Yes,No,DSL,No,No,No,No,No,Yes,Two year,Yes,Mailed check,54.01,255.29,Yes
1942-HPNOT,Male,0,Yes,No,20,Yes,No,Fiber optic,Yes,Yes,No,No,No,No,Month-to-month,Yes,Electronic check,85.54,1722.69,No
3106-FHTRR,Male,0,Yes,No,41,Yes,No,DSL,No,No,Yes,No,No,Yes,Two year,No,Electronic check,59.32,2422.58,No
2375-ZQUPM,Female,1,No,No,6,Yes,No,Fiber optic,No,Yes,Yes,Yes,No,No,Month-to-month,No,Electronic check,95.92,567.69,Yes
1479-EPNNN,Male,1,Yes,No,2,Yes,No,Fiber optic,Yes,Yes,No,No,No,No,Month-to-month,Yes,Electronic check,83.82,158.51,No
1087-YNSCQ,Male,0,Yes,No,26,Yes,Yes,Fiber optic,Yes,No,Yes,No,No,Yes,Month-to-month,Yes,Bank transfer (automatic),88.76,2293.26,No
3348-VDKOO,Male,0,Yes,No,26,Yes,No,DSL,No,No,Yes,No,Yes,Yes,Two year,Yes,Credit card (automatic),75.98,1979.99,No
5503-BKBWE,Female,0,No,No,39,Yes,No,DSL,No,No,Yes,Yes,No,No,Month-to-month,Yes,Electronic check,63.26,2467.04,No
6830-GJFTL,Male,0,No,Yes,23,Yes,Yes,No,No internet service,No internet service,No internet service,No internet service,No internet service,No internet service,Two year,No,Bank transfer (automatic),27.17,614.68,No
8871-MXKRB,Male,1,No,No,45,Yes,No,DSL,No,Yes,No,No,Yes,No,Month-to-month,Yes,Bank transfer (automatic),59.49,2689.92,No
2903-BSFAK,Male,0,No,No,7,No,No phone service,DSL,No,No,No,No,No,No,One year,Yes,Credit card (automatic),48.15,337.91,Yes
7385-JRASP,Male,0,No,No,0,Yes,No,DSL,No,No,Yes,Yes,Yes,No,Two year,No,Credit card (automatic),63.23, ,No
4577-GOAWU,Male,0,No,No,31,Yes,No,DSL,No,No,Yes,No,No,No,Two year,Yes,Credit card (automatic),47.8,1489.25,No
5321-QYXJF,Female,0,Yes,Yes,11,No,No phone service,Fiber optic,Yes,Yes,No,No,No,Yes,One year,No,Credit card (automatic),86.19,941.11,No
6828-HHELG,Male,0,No,Yes,5,Yes,No,Fiber optic,Yes,No,Yes,No,Yes,Yes,One year,No,Electronic check,92.33,464.19,No
7668-QDRJC,Female,0,Yes,No,1,Yes,Yes,DSL,No,Yes,No,No,Yes,Yes,Month-to-month,Yes,Mailed check,65.48,62.15,Yes
9843-AKRMQ,Female,0,No,No,33,Yes,No,Fiber optic,No,No,No,Yes,No,Yes,Month-to-month,Yes,Bank transfer (automatic),88.6,2912.1,No
4271-TSQBC,Male,0,No,No,42,No,No phone service,No,No internet service,No internet service,No internet service,No internet service,No internet service,No internet service,Two year,No,Electronic check,19.74,835.11,No
9425-XVRRN,Male,0,Yes,No,11,Yes,No,Fiber optic,No,No,No,No,Yes,No,Month-to-month,No,Mailed check,81.76,920.99,No
9623-GAQWY,Female,0,No,No,51,Yes,No,No,No internet service,No internet service,No internet service,No internet service,No internet service,No internet service,Month-to-month,No,Electronic check,25.84,1298.11,No
4044-AUQJL,Male,0,No,No,12,Yes,No,Fiber optic,No,No,No,Yes,Yes,Yes,Month-to-month,Yes,Bank transfer (automatic),100.11,1199.92,No
2688-TYBWP,Male,0,Yes,No,72,Yes,No,No,No internet service,No internet service,No internet service,No internet service,No internet service,No internet service,Month-to-month,No,Electronic check,29.39,2100.74,No
5507-MRTVN,Female,0,Yes,No,72,Yes,No,Fiber optic,No,Yes,No,No,Yes,Yes,Month-to-month,Yes,Bank transfer (automatic),102.51,7377.32,No
2486-LIZNU,Male,0,Yes,Yes,40,Yes,No,DSL,Yes,No,No,No,Yes,No,Month-to-month,No,Mailed check,55.08,2224.04,No
4749-JHPCB,Female,0,No,No,7,Yes,No,DSL,No,Yes,Yes,No,No,Yes,Month-to-month,Yes,Electronic check,67.4,463.11,Yes
8055-SIPVZ,Female,0,Yes,Yes,10,Yes,No,DSL,No,Yes,Yes,No,No,Yes,Two year,No,Credit card (automatic),68.93,691.52,Yes
2539-JSMRO,Male,0,No,No,18,No,No phone service,Fiber optic,Yes,No,No,No,No,No,Month-to-month,Yes,Bank transfer (automatic),73.56,1328.4,No
5509-DIDPU,Male,0,Yes,No,9,Yes,No,Fiber optic,No,Yes,No,Yes,Yes,No,One year,Yes,Bank transfer (automatic),90.94,816.42,No
4950-XBNCV,Female,0,Yes,Yes,41,Yes,No,No,No internet service,No internet service,No internet service,No internet service,No internet service,No internet service,Month-to-month,Yes,Electronic check,28.68,1149.32,No
3301-AWIQN,Female,0,No,No,62,Yes,Yes,Fiber optic,Yes,No,Yes,Yes,No,No,Two year,No,Electronic check,92.79,5760.52,No
8216-AJWPY,Male,1,Yes,Yes,72,Yes,No,Fiber optic,Yes,No,Yes,No,Yes,No,Month-to-month,Yes,Credit card (automatic),95.0,6840.71,No
9607-SXYCL,Female,0,No,No,9,Yes,Yes,Fiber optic,No,No,No,No,Yes,Yes,One year,No,Mailed check,87.98,797.22,No
8921-GSGEZ,Female,1,Yes,No,7,Yes,No,No,No internet service,No internet service,No internet service,No internet service,No internet service,No internet service,Two year,No,Electronic check,18.25,130.74,No
7191-SYOGE,Male,0,Yes,No,4,Yes,No,Fiber optic,Yes,No,Yes,No,Yes,No,Month-to-month,Yes,Credit card (automatic),91.97,370.31,No
2354-JYUWI,Male,0,No,Yes,1,Yes,No,No,No internet service,No internet service,No internet service,No internet service,No internet service,No internet service,Two year,Yes,Mailed check,23.6,36.01,No
9032-TAHCB,Female,0,Yes,No,4,Yes,Yes,DSL,No,No,No,Yes,No,No,Month-to-month,No,Bank transfer (automatic),65.05,255.01,No
7973-DSKEX,Male,0,Yes,Yes,8,Yes,No,Fiber optic,No,No,Yes,No,No,Yes,Month-to-month,Yes,Electronic check,94.91,775.13,Yes
4081-XWHME,Female,0,Yes,No,11,Yes,Yes,Fiber optic,No,Yes,Yes,No,Yes,No,Month-to-month,Yes,Credit card (automatic),92.12,993.86,No
2529-ZLMVH,Female,0,No,No,2,Yes,No,Fiber optic,No,No,No,No,No,Yes,Month-to-month,Yes,Mailed check,83.56,160.94,Yes
1204-AVFKM,Male,0,Yes,Yes,41,Yes,No,Fiber optic,No,No,Yes,No,Yes,No,Month-to-month,Yes,Mailed check,87.09,3567.07,No
8219-AKZKH,Female,1,Yes,Yes,23,Yes,No,Fiber optic,No,No,Yes,No,No,No,Month-to-month,Yes,Electronic check,74.33,1718.49,No
3018-SLFWH,Female,0,Yes,Yes,19,Yes,No,Fiber optic,No,No,No,Yes,Yes,Yes,Month-to-month,Yes,Bank transfer (automatic),99.06,1882.17,Yes
3052-JVPLQ,Female,0,Yes,No,18,Yes,No,DSL,No,Yes,Yes,No,No,Yes,Month-to-month,No,Mailed check,64.32,1147.24,Yes
5517-IJTNN,Male,0,No,No,8,Yes,Yes,Fiber optic,Yes,No,No,Yes,No,Yes,Two year,No,Credit card (automatic),97.91,774.6,No
2244-QYPDB,Male,0,No,No,66,Yes,No,DSL,No,No,No,No,No,No,Month-to-month,No,Electronic check,50.59,3329.06,No
6839-ACWKP,Female,0,No,No,6,Yes,No,DSL,No,Yes,No,No,No,Yes,One year,No,Mailed check,69.84,428.42,No
8097-ROILR,Female,0,Yes,No,26,Yes,Yes,DSL,Yes,No,No,No,Yes,No,One year,Yes,Electronic check,64.19,1679.12,No
8876-XZHCB,Female,0,Yes,No,7,Yes,Yes,No,No internet service,No internet service,No internet service,No internet service,No internet service,No internet service,One year,Yes,Bank transfer (automatic),26.88,189.62,Yes
8832-SHBSA,Male,1,Yes,No,72,Yes,Yes,DSL,Yes,No,No,No,No,No,Two year,Yes,Electronic check,58.2,4188.58,No
3237-VMWTQ,Female,0,Yes,No,58,Yes,No,DSL,No,No,Yes,Yes,Yes,Yes,Month-to-month,No,Credit card (automatic),70.94,4120.37,No
5005-DQUUU,Male,1,No,Yes,7,Yes,No,Fiber optic,No,No,No,Yes,Yes,No,Month-to-month,No,Bank transfer (automatic),91.78,645.51,Yes
2694-PVKBQ,Female,1,No,No,72,Yes,No,Fiber optic,No,No,No,No,No,Yes,Month-to-month,Yes,Mailed check,76.57,5504.86,No
1142-RJFUP,Female,0,Yes,No,23,Yes,No,Fiber optic,No,No,Yes,No,No,No,Month-to-month,Yes,Mailed check,79.28,1813.45,No
9484-LFNZW,Male,0,Yes,No,31,No,No phone service,Fiber optic,Yes,No,No,No,No,Yes,Month-to-month,No,Mailed check,80.9,2508.72,No
9463-YGBFI,Male,0,Yes,Yes,7,Yes,Yes,Fiber optic,No,Yes,Yes,Yes,No,No,Two year,Yes,Bank transfer (automatic),87.49,626.75,No
4174-BSHKY,Male,0,No,No,5,Yes,No,Fiber optic,No,Yes,No,No,No,No,Month-to-month,Yes,Bank transfer (automatic),84.29,415.29,Yes
4171-PYRME,Female,0,No,Yes,46,No,No phone service,Fiber optic,No,No,Yes,No,No,Yes,Month-to-month,Yes,Mailed check,79.2,3652.72,No
6985-KAMER,Female,0,No,Yes,7,Yes,No,Fiber optic,Yes,Yes,Yes,No,No,No,Month-to-month,Yes,Electronic check,95.16,677.07,No
1589-MGHRG,Male,0,No,Yes,59,Yes,No,Fiber optic,No,Yes,No,No,No,No,Month-to-month,Yes,Electronic check,79.6,4700.42,No
7515-QPKSA,Male,0,No,No,10,Yes,No,DSL,No,Yes,Yes,Yes,No,No,Month-to-month,No,Credit card (automatic),69.54,691.78,No
5222-HAISU,Female,1,Yes,No,0,Yes,Yes,Fiber optic,No,Yes,No,No,No,Yes,Month-to-month,No,Mailed check,86.87, ,No
5392-UYJXW,Female,0,No,Yes,21,Yes,Yes,Fiber optic,No,No,No,Yes,Yes,No,Two year,Yes,Bank transfer (automatic),97.7,2054.65,No
8257-HTLAJ,Male,0,No,Yes,10,Yes,No,DSL,No,Yes,No,No,No,No,Two year,Yes,Mailed check,51.36,510.95,No
6938-FEERC,Female,0,No,No,72,No,No phone service,No,No internet service,No internet service,No internet service,No internet service,No internet service,No internet service,Month-to-month,No,Bank transfer (automatic),22.41,1613.39,No
5474-VBDRI,Male,0,Yes,Yes,11,No,No phone service,No,No internet service,No internet service,No internet service,No internet service,No internet service,No internet service,Two year,No,Credit card (automatic),22.45,238.71,No
2394-ZJVOA,Female,0,Yes,Yes,9,Yes,No,Fiber optic,No,No,Yes,No,No,Yes,Two year,Yes,Mailed check,82.94,737.99,Yes
4434-NJSXU,Male,1,Yes,No,20,Yes,Yes,DSL,No,No,No,Yes,Yes,Yes,One year,Yes,Electronic check,70.96,1409.47,No
1711-BWYGS,Female,0,Yes,No,31,Yes,No,Fiber optic,No,No,No,Yes,Yes,Yes,One year,Yes,Electronic check,83.29,2573.73,No
1390-OHNAM,Female,1,No,No,72,Yes,Yes,No,No internet service,No internet service,No internet service,No internet service,No internet service,No internet service,Two year,No,Credit card (automatic),29.12,2103.78,No
9116-FSODU,Female,0,No,No,1,Yes,Yes,Fiber optic,No,Yes,Yes,Yes,Yes,Yes,One year,Yes,Mailed check,99.81,112.32,No
8769-YJHLV,Male,0,No,Yes,13,Yes,No,Fiber optic,No,Yes,No,No,Yes,No,Month-to-month,No,Credit card (automatic),96.43,1241.54,No
7905-CRWHZ,Male,0,No,No,26,Yes,Yes,DSL,No,No,Yes,Yes,No,No,Month-to-month,Yes,Mailed check,60.01,1566.5,No
7240-NVWMY,Male,0,No,No,0,Yes,No,DSL,No,No,No,No,Yes,Yes,Month-to-month,Yes,Electronic check,68.45, ,Yes
6602-RUMOJ,Female,0,Yes,Yes,16,Yes,No,Fiber optic,Yes,No,Yes,No,No,Yes,Two year,Yes,Electronic check,90.46,1448.06,No
9956-FIJOI,Female,1,Yes,No,39,Yes,No,DSL,Yes,No,Yes,No,No,Yes,Two year,Yes,Electronic check,66.42,2600.56,No
6642-GXZBN,Male,0,No,No,1,No,No phone service,Fiber optic,No,No,No,No,Yes,Yes,One year,No,Electronic check,85.35,84.62,No
2637-EESSF,Female,0,Yes,No,9,Yes,Yes,Fiber optic,No,No,Yes,No,No,Yes,Month-to-month,Yes,Electronic check,89.58,799.58,No
9089-JWNQC,Male,0,No,No,12,Yes,Yes,DSL,No,Yes,No,Yes,No,No,Two year,No,Bank transfer (automatic),61.4,722.44,No
7107-AJCEY,Female,0,No,No,30,No,No phone service,DSL,No,Yes,Yes,Yes,No,No,Month-to-month,Yes,Credit card (automatic),59.06,1775.36,No
9361-ZYPAF,Female,0,No,Yes,8,Yes,No,Fiber optic,No,No,No,No,Yes,Yes,One year,Yes,Electronic check,99.99,803.05,Yes
3248-ENJBE,Female,1,No,Yes,6,Yes,No,DSL,Yes,No,No,No,Yes,No,Month-to-month,Yes,Mailed check,63.02,374.92,Yes
2688-JZYVI,Male,0,Yes,No,2,Yes,Yes,Fiber optic,Yes,Yes,Yes,Yes,No,Yes,Month-to-month,Yes,Mailed check,101.43,213.51,Yes
7030-DMFTQ,Male,0,No,No,72,Yes,Yes,Fiber optic,No,Yes,No,Yes,No,No,Month-to-month,Yes,Electronic check,82.29,5920.33,Yes
5516-OHYEX,Male,0,No,No,15,Yes,No,DSL,No,No,Yes,No,No,No,Month-to-month,Yes,Electronic check,55.37,819.39,No
6728-AGVEN,Female,0,No,Yes,1,Yes,Yes,No,No internet service,No internet service,No internet service,No internet service,No internet service,No internet service,Month-to-month,No,Mailed check,23.58,18.36,No
4598-UYQXR,Female,0,No,No,1,Yes,No,DSL,Yes,Yes,Yes,No,Yes,No,Two year,Yes,Credit card (automatic),71.65,68.25,No
7790-VZRST,Female,0,Yes,Yes,3,Yes,Yes,Fiber optic,No,No,Yes,Yes,Yes,No,Month-to-month,No,Bank transfer (automatic),97.42,298.55,No
3438-HMRXK,Female,0,Yes,No,5,Yes,No,DSL,No,No,No,No,Yes,No,Month-to-month,No,Electronic check,54.83,288.73,No
6480-WAVHU,Male,0,No,No,32,Yes,Yes,Fiber optic,No,No,No,No,Yes,Yes,Month-to-month,Yes,Bank transfer (automatic),93.02,2978.07,Yes
2835-BOUXR,Male,0,Yes,No,19,Yes,Yes,No,No internet service,No internet service,No internet service,No internet service,No internet service,No internet service,One year,Yes,Credit card (automatic),26.78,503.45,No
2744-OTTIC,Female,0,Yes,No,35,Yes,No,Fiber optic,No,No,No,No,No,No,Month-to-month,No,Credit card (automatic),71.58,2508.14,Yes
8378-RTHAX,Male,0,No,No,0,Yes,No,DSL,No,No,Yes,No,No,Yes,Month-to-month,No,Credit card (automatic),57.39, ,Yes
5779-FMDMQ,Female,0,No,No,7,Yes,No,Fiber optic,Yes,Yes,No,Yes,Yes,No,One year,Yes,Credit card (automatic),99.47,698.67,No
3045-AEXQR,Female,0,No,No,12,Yes,Yes,No,No internet service,No internet service,No internet service,No internet service,No internet service,No internet service,Month-to-month,No,Electronic check,23.92,304.25,No
4563-NSKLM,Male,0,No,Yes,13,Yes,No,No,No internet service,No internet service,No internet service,No internet service,No internet service,No internet service,Month-to-month,Yes,Bank transfer (automatic),26.26,324.61,Yes
4591-AIBNM,Male,0,No,Yes,1,Yes,No,Fiber optic,Yes,Yes,Yes,No,Yes,No,Month-to-month,No,Electronic check,100.15,91.32,Yes
4311-BDLPJ,Male,0,No,No,17,No,No phone service,Fiber optic,Yes,No,No,No,Yes,No,Two year,No,Electronic check,86.85,1461.08,No
6462-ERCJK,Female,0,No,No,8,Yes,Yes,Fiber optic,No,No,Yes,Yes,No,No,Two year,Yes,Mailed check,86.24,702.56,No
4730-NUKUD,Female,0,Yes,No,5,Yes,Yes,Fiber optic,No,No,No,No,Yes,No,Two year,Yes,Mailed check,85.92,415.97,Yes
7423-VFQVS,Female,0,Yes,Yes,26,Yes,Yes,Fiber optic,No,No,No,No,No,Yes,Month-to-month,Yes,Mailed check,84.15,2188.1,No
1841-KFBAK,Male,0,Yes,Yes,2,Yes,No,DSL,No,Yes,No,No,Yes,No,Month-to-month,Yes,Bank transfer (automatic),64.31,127.97,No
7558-PCEOO,Male,0,No,Yes,48,No,No phone service,No,No internet service,No internet service,No internet service,No internet service,No internet service,No internet service,Month-to-month,No,Bank transfer (automatic),18.25,869.5,No
4801-YQOEM,Male,0,Yes,No,55,Yes,No,DSL,Yes,Yes,No,No,No,No,Two year,Yes,Bank transfer (automatic),57.84,3184.82,No
1899-VQVQN,Male,0,No,No,9,Yes,No,Fiber optic,No,No,Yes,Yes,Yes,No,Two year,No,Bank transfer (automatic),85.73,777.19,No
2633-ZMVPP,Male,0,Yes,No,72,Yes,No,No,No internet service,No internet service,No internet service,No internet service,No internet service,No internet service,Month-to-month,Yes,Electronic check,23.83,1716.34,Yes
2013-XDCFD,Male,1,No,No,12,Yes,No,Fiber optic,No,No,No,No,Yes,No,One year,No,Mailed check,86.64,1024.89,No
1977-FZEIK,Male,0,No,No,72,Yes,No,DSL,No,No,Yes,Yes,No,No,Month-to-month,Yes,Credit card (automatic),53.71,3858.31,No
5901-PSKUO,Female,0,No,No,72,Yes,No,Fiber optic,No,No,No,Yes,No,No,Two year,No,Bank transfer (automatic),82.81,5956.31,No
1473-XIXSY,Male,0,Yes,Yes,42,Yes,No,No,No internet service,No internet service,No internet service,No internet service,No internet service,No internet service,One year,No,Credit card (automatic),18.87,807.47,No
5310-DJISO,Male,0,Yes,No,3,Yes,Yes,Fiber optic,Yes,No,No,Yes,No,Yes,Two year,No,Mailed check,87.77,274.63,No
4570-BJSQT,Female,0,Yes,Yes,21,Yes,No,Fiber optic,Yes,Yes,No,Yes,Yes,No,Month-to-month,Yes,Bank transfer (automatic),95.78,1999.94,Yes
5279-UBSQR,Female,0,Yes,No,31,Yes,No,Fiber optic,No,Yes,No,No,Yes,No,Month-to-month,Yes,Electronic check,86.97,2697.33,Yes
3369-SAKYJ,Male,0,Yes,Yes,1,Yes,No,DSL,Yes,No,No,Yes,No,No,Month-to-month,Yes,Credit card (automatic),65.35,86.9,No
1687-XEXWL,Female,1,Yes,No,53,Yes,Yes,DSL,Yes,Yes,No,Yes,No,No,Month-to-month,Yes,Electronic check,69.24,3690.85,Yes
1419-WFSIL,Male,0,Yes,No,45,Yes,No,No,No internet service,No internet service,No internet service,No internet service,No internet service,No internet service,One year,Yes,Mailed check,23.61,1063.61,No
6593-OPMYU,Male,0,No,No,65,Yes,Yes,Fiber optic,Yes,Yes,Yes,Yes,Yes,No,Month-to-month,Yes,Bank transfer (automatic),107.4,6982.35,No
1439-GYWTD,Male,0,No,No,17,Yes,Yes,DSL,No,Yes,No,Yes,No,Yes,Month-to-month,Yes,Bank transfer (automatic),71.49,1231.23,No
8466-HFYJG,Female,0,No,No,9,Yes,No,Fiber optic,No,Yes,No,No,No,Yes,Month-to-month,Yes,Electronic check,80.8,716.08,Yes
4078-DCXGD,Female,1,No,No,16,Yes,No,Fiber optic,Yes,No,Yes,No,Yes,No,Two year,Yes,Electronic check,94.49,1514.36,No
2900-TQGQZ,Male,0,Yes,No,31,Yes,No,Fiber optic,Yes,No,No,Yes,Yes,Yes,Month-to-month,Yes,Electronic check,100.39,3116.83,No
3329-DKCKC,Female,0,Yes,Yes,12,Yes,No,No,No internet service,No internet service,No internet service,No internet service,No internet service,No internet service,Two year,No,Credit card (automatic),25.98,308.3,No
1749-MMXOQ,Male,0,Yes,No,10,Yes,No,DSL,No,Yes,No,Yes,No,No,Month-to-month,No,Credit card (automatic),62.66,603.05,No
4837-VWZNL,Male,0,No,Yes,1,Yes,Yes,Fiber optic,Yes,No,No,No,No,No,Month-to-month,Yes,Bank transfer (automatic),77.92,79.24,Yes
3161-DNSMY,Female,0,Yes,No,14,Yes,No,Fiber optic,No,No,No,No,No,Yes,Two year,No,Credit card (automatic),77.89,1089.49,No
7141-WRKFI,Female,0,No,Yes,11,Yes,Yes,No,No internet service,No internet service,No internet service,No internet service,No internet service,No internet service,One year,Yes,Bank transfer (automatic),31.94,353.4,No
6037-OKFNC,Female,0,Yes,No,26,Yes,No,No,No internet service,No internet service,No internet service,No internet service,No internet service,No internet service,Month-to-month,Yes,Bank transfer (automatic),18.25,466.55,No
3451-YKXQQ,Male,0,No,No,13,Yes,Yes,Fiber optic,Yes,Yes,No,Yes,No,No,Two year,Yes,Credit card (automatic),92.16,1188.29,No
2186-NGYSC,Female,0,Yes,No,0,Yes,Yes,Fiber optic,Yes,No,Yes,No,Yes,No,Two year,Yes,Electronic check,100.49, ,No
5089-QIVFX,Female,0,No,Yes,15,Yes,No,DSL,No,No,No,Yes,Yes,No,One year,No,Electronic check,64.33,959.03,No
8450-UIEBV,Female,0,No,No,35,Yes,Yes,No,No internet service,No internet service,No internet service,No internet service,No internet service,No internet service,One year,Yes,Bank transfer (automatic),20.15,699.69,No
7792-SJDJH,Male,0,No,Yes,69,Yes,No,No,No internet service,No internet service,No internet service,No internet service,No internet service,No internet service,Month-to-month,Yes,Electronic check,30.64,2119.16,No
2845-MGGDO,Male,0,No,No,5,Yes,Yes,Fiber optic,Yes,No,No,No,Yes,No,Two year,Yes,Electronic check,91.41,467.04,No
6835-PFICH,Male,0,Yes,No,13,Yes,No,DSL,No,Yes,Yes,No,Yes,Yes,Month-to-month,Yes,Credit card (automatic),71.47,930.55,No
7732-SGJYL,Male,0,No,Yes,45,Yes,No,No,No internet service,No internet service,No internet service,No internet service,No internet service,No internet service,Two year,Yes,Bank transfer (automatic),31.01,1395.71,No
6177-YXLSO,Male,1,No,No,1,Yes,No,Fiber optic,Yes,Yes,Yes,Yes,Yes,Yes,Month-to-month,Yes,Mailed check,107.66,110.09,No
4915-TFJBX,Female,0,Yes,Yes,10,Yes,No,Fiber optic,Yes,No,Yes,No,Yes,Yes,Month-to-month,Yes,Electronic check,104.44,1045.55,No
2432-GHWPK,Female,0,No,No,21,Yes,No,Fiber optic,No,No,No,No,Yes,No,Month-to-month,No,Electronic check,80.29,1699.45,Yes
9611-QPSWK,Male,0,Yes,No,10,Yes,Yes,Fiber optic,Yes,Yes,No,Yes,No,No,Month-to-month,No,Mailed check,86.82,865.8,Yes
5102-MSQZY,Female,1,Yes,No,16,Yes,No,DSL,No,Yes,Yes,No,No,No,Month-to-month,Yes,Bank transfer (automatic),64.13,1016.31,No
6243-VMLGA,Male,0,No,Yes,67,Yes,No,Fiber optic,No,No,No,No,Yes,Yes,Two year,Yes,Credit card (automatic),88.03,5888.23,No
8466-XZIQD,Male,1,Yes,No,0,Yes,No,Fiber optic,Yes,No,Yes,No,No,No,Month-to-month,Yes,Bank transfer (automatic),84.58, ,No
2523-SGAIM,Male,1,Yes,No,1,Yes,No,Fiber optic,No,No,No,No,No,No,Month-to-month,No,Electronic check,74.25,76.4,No
4671-BBXOQ,Male,0,Yes,No,5,No,No phone service,No,No internet service,No internet service,No internet service,No internet service,No internet service,No internet service,One year,No,Electronic check,18.25,81.55,No
2982-CWVOG,Male,0,No,No,11,Yes,No,No,No internet service,No internet service,No internet service,No internet service,No internet service,No internet service,One year,Yes,Electronic check,20.14,218.5,No
6529-ANSPJ,Male,0,No,Yes,15,Yes,Yes,Fiber optic,No,Yes,No,Yes,Yes,No,One year,Yes,Bank transfer (automatic),86.38,1285.42,No
7208-ECQRZ,Female,0,Yes,No,0,Yes,No,Fiber optic,No,No,Yes,No,No,No,Month-to-month,Yes,Electronic check,76.02, ,No
8476-SVYVR,Female,0,No,No,51,Yes,Yes,DSL,No,No,Yes,No,No,Yes,Month-to-month,Yes,Mailed check,60.82,3087.42,No
8951-BOMMP,Female,1,Yes,Yes,34,Yes,Yes,DSL,No,No,No,No,Yes,No,Month-to-month,Yes,Credit card (automatic),58.96,2011.86,Yes
4015-VJWAL,Female,0,No,No,7,Yes,No,DSL,No,Yes,No,No,Yes,Yes,Month-to-month,Yes,Bank transfer (automatic),67.27,462.26,No
2608-PRHWK,Female,1,Yes,No,7,Yes,No,DSL,No,Yes,Yes,Yes,No,Yes,Month-to-month,Yes,Bank transfer (automatic),78.02,544.96,No
6565-TSDTZ,Female,0,Yes,Yes,0,No,No phone service,Fiber optic,No,No,Yes,No,No,No,One year,Yes,Bank transfer (automatic),73.01, ,No
5169-XMTNU,Male,0,No,No,12,Yes,No,DSL,No,No,No,No,Yes,Yes,Month-to-month,Yes,Bank transfer (automatic),69.61,847.95,No
2692-DGSQP,Male,0,No,No,7,Yes,No,DSL,Yes,No,No,No,No,No,Month-to-month,Yes,Electronic check,53.5,380.49,Yes
7092-XXVWZ,Male,0,No,No,23,No,No phone service,DSL,No,No,No,No,Yes,Yes,Month-to-month,No,Bank transfer (automatic),64.24,1487.07,Yes
7228-LWYAO,Male,1,No,No,19,Yes,Yes,No,No internet service,No internet service,No internet service,No internet service,No internet service,No internet service,Month-to-month,Yes,Bank transfer (automatic),34.15,641.12,No
3498-FNWFA,Female,0,Yes,Yes,72,Yes,No,DSL,No,No,Yes,No,Yes,No,Two year,Yes,Electronic check,67.48,4862.41,Yes
9307-FHZON,Male,0,No,No,38,Yes,No,Fiber optic,Yes,Yes,Yes,Yes,No,No,Two year,Yes,Credit card (automatic),93.55,3560.28,No
6999-TWPSX,Female,0,Yes,No,2,Yes,No,No,No internet service,No internet service,No internet service,No internet service,No internet service,No internet service,Month-to-month,No,Credit card (automatic),18.25,41.05,Yes
9160-DXJTR,Female,0,No,No,29,Yes,No,No,No internet service,No internet service,No internet service,No internet service,No internet service,No internet service,One year,Yes,Mailed check,28.31,818.1,No
5897-DODPO,Female,0,No,No,2,Yes,No,No,No internet service,No internet service,No internet service,No internet service,No internet service,No internet service,Two year,Yes,Bank transfer (automatic),24.75,58.11,No
7161-GOVKS,Female,0,Yes,No,9,Yes,Yes,Fiber optic,No,Yes,No,No,Yes,Yes,Month-to-month,Yes,Bank transfer (automatic),95.55,867.94,Yes
9103-XACER,Female,0,No,Yes,19,Yes,No,Fiber optic,No,Yes,No,No,No,No,One year,Yes,Bank transfer (automatic),79.88,1525.35,No
3251-UZSIK,Female,0,No,No,16,Yes,No,DSL,No,Yes,Yes,No,No,No,Two year,No,Electronic check,59.23,966.02,No
1432-PDJVO,Male,0,Yes,No,28,Yes,No,DSL,No,Yes,No,No,No,No,Month-to-month,No,Mailed check,50.49,1415.97,No
5600-SCUWE,Male,1,No,No,39,Yes,No,No,No internet service,No internet service,No internet service,No internet service,No internet service,No internet service,Two year,No,Bank transfer (automatic),30.53,1199.61,No
9287-KXEGF,Male,0,No,No,42,Yes,No,No,No internet service,No internet service,No internet service,No internet service,No internet service,No internet service,Month-to-month,No,Credit card (automatic),25.92,1096.11,No
7045-ZMBSK,Male,0,Yes,Yes,1,Yes,No,DSL,Yes,Yes,No,Yes,Yes,No,Two year,Yes,Bank transfer (automatic),69.87,78.44,No
6562-TEIFQ,Male,0,No,No,24,Yes,No,No,No internet service,No internet service,No internet service,No internet service,No internet service,No internet service,Two year,Yes,Bank transfer (automatic),18.25,437.15,No
7406-EOJXP,Male,0,Yes,No,72,Yes,No,No,No internet service,No internet service,No internet service,No internet service,No internet service,No internet service,Two year,No,Credit card (automatic),27.66,1998.92,No
7154-IQICV,Male,0,No,Yes,33,Yes,Yes,DSL,No,Yes,Yes,Yes,No,Yes,Month-to-month,Yes,Bank transfer (automatic),71.85,2369.14,No
3003-PGGTY,Female,1,No,No,17,Yes,Yes,No,No internet service,No internet service,No internet service,No internet service,No internet service,No internet service,One year,Yes,Bank transfer (automatic),31.7,526.28,No
8458-LXHMT,Female,1,No,No,72,Yes,No,DSL,No,Yes,Yes,Yes,No,Yes,Month-to-month,No,Mailed check,67.18,4817.34,No
3159-GDLQA,Male,0,Yes,No,1,Yes,No,Fiber optic,Yes,No,No,No,Yes,No,One year,Yes,Electronic check,90.77,97.26,Yes
6765-LZKUK,Male,0,Yes,No,2,Yes,Yes,No,No internet service,No internet service,No internet service,No internet service,No internet service,No internet service,Month-to-month,No,Mailed check,28.64,62.0,No
1209-HYGNP,Female,0,Yes,No,35,Yes,Yes,Fiber optic,No,No,Yes,Yes,No,No,Month-to-month,No,Electronic check,80.68,2832.02,No
9075-ITWUP,Male,1,No,No,19,Yes,No,DSL,No,Yes,No,No,No,Yes,Month-to-month,No,Credit card (automatic),51.01,988.19,No
8257-EVSJG,Female,0,No,No,3,Yes,No,No,No internet service,No internet service,No internet service,No internet service,No internet service,No internet service,One year,Yes,Electronic check,26.52,66.58,No
2624-NOMJN,Male,0,No,No,11,Yes,No,DSL,No,Yes,No,No,No,No,One year,No,Mailed check,48.23,510.26,No
8769-UWLSF,Female,1,No,No,1,Yes,No,Fiber optic,No,No,Yes,Yes,No,No,Month-to-month,Yes,Bank transfer (automatic),80.97,65.65,No
7667-XMHPB,Female,1,No,No,17,Yes,No,DSL,No,No,Yes,No,Yes,Yes,Month-to-month,Yes,Mailed check,66.49,1137.65,No
1422-LGSNI,Male,0,No,Yes,2,Yes,Yes,Fiber optic,Yes,No,No,No,No,Yes,Two year,Yes,Electronic check,85.76,156.03,Yes
9945-KPSKR,Male,0,No,No,0,Yes,No,DSL,Yes,No,Yes,Yes,Yes,Yes,Month-to-month,No,Credit card (automatic),86.71, ,No
3712-DRSMD,Female,0,No,Yes,9,Yes,Yes,DSL,No,Yes,No,Yes,No,Yes,Month-to-month,Yes,Credit card (automatic),66.46,590.99,No
2533-JVECP,Male,0,No,Yes,6,No,No phone service,Fiber optic,No,No,No,Yes,Yes,No,Month-to-month,No,Electronic check,88.96,522.0,No
9887-GSNOQ,Male,0,Yes,No,10,Yes,No,Fiber optic,No,Yes,No,No,No,No,Month-to-month,Yes,Mailed check,87.64,877.84,No
8877-WOLUT,Female,0,No,No,10,Yes,No,Fiber optic,No,No,Yes,No,Yes,No,Month-to-month,No,Electronic check,80.07,803.84,Yes
1065-EITNR,Female,0,No,Yes,23,Yes,Yes,No,No internet service,No internet service,No internet service,No internet service,No internet service,No internet service,Month-to-month,No,Mailed check,24.64,560.06,Yes
6447-BIGRP,Male,0,Yes,No,27,Yes,No,No,No internet service,No internet service,No internet service,No internet service,No internet service,No internet service,Month-to-month,Yes,Electronic check,18.25,483.55,No
2748-EWOEK,Male,0,Yes,No,3,Yes,No,Fiber optic,No,No,Yes,Yes,No,No,One year,Yes,Electronic check,77.75,238.19,No
4093-NYSCX,Female,0,No,No,16,Yes,Yes,Fiber optic,No,Yes,No,Yes,No,Yes,One year,No,Mailed check,97.3,1560.59,No
5329-FZCBM,Female,0,No,No,52,No,No phone service,No,No internet service,No internet service,No internet service,No internet service,No internet service,No internet service,Month-to-month,Yes,Electronic check,25.73,1335.93,Yes
9497-BOEOU,Female,0,No,No,3,Yes,Yes,No,No internet service,No internet service,No internet service,No internet service,No internet service,No internet service,One year,Yes,Credit card (automatic),23.89,74.51,No
8903-ROTWC,Male,0,Yes,No,72,Yes,No,DSL,No,No,No,No,Yes,Yes,Month-to-month,No,Mailed check,71.87,5195.83,No
6156-KIEYA,Female,0,No,Yes,0,Yes,No,DSL,Yes,No,No,No,Yes,No,Two year,Yes,Credit card (automatic),63.96, ,No
3599-UNPFH,Male,0,No,No,2,Yes,No,Fiber optic,Yes,No,No,No,Yes,No,Month-to-month,Yes,Electronic check,89.62,180.42,Yes
6473-SIEEY,Female,0,Yes,Yes,4,No,No phone service,No,No internet service,No internet service,No internet service,No internet service,No internet service,No internet service,Two year,Yes,Bank transfer (automatic),18.25,79.21,No
5505-SDPPP,Male,0,No,Yes,15,Yes,No,Fiber optic,No,No,No,No,No,No,One year,Yes,Credit card (automatic),78.32,1172.29,No
5863-GRXUA,Male,1,No,No,8,Yes,Yes,Fiber optic,No,No,No,Yes,No,Yes,Month-to-month,No,Credit card (automatic),83.41,672.26,Yes
7622-YUHAG,Female,0,No,No,12,Yes,No,No,No internet service,No internet service,No internet service,No internet service,No internet service,No internet service,Month-to-month,Yes,Electronic check,18.25,211.2,No
2159-SQKOI,Male,0,Yes,No,67,Yes,No,DSL,No,Yes,No,No,Yes,No,Month-to-month,No,Mailed check,58.78,3951.87,Yes
7117-IRTBD,Female,0,No,No,10,Yes,No,Fiber optic,Yes,No,Yes,No,Yes,No,One year,No,Bank transfer (automatic),94.12,931.87,No
9177-AKCHE,Male,0,No,No,45,Yes,Yes,No,No internet service,No internet service,No internet service,No internet service,No internet service,No internet service,Two year,Yes,Mailed check,24.02,1089.94,No
8679-TUVVE,Male,0,Yes,No,1,Yes,No,DSL,Yes,No,No,No,Yes,No,Month-to-month,No,Credit card (automatic),70.38,81.89,Yes
6898-LVIUM,Male,1,Yes,Yes,40,Yes,Yes,Fiber optic,No,No,Yes,No,Yes,Yes,Two year,Yes,Credit card (automatic),92.09,3668.04,No
5723-CMVKK,Female,0,Yes,Yes,55,Yes,,Fiber optic,No,No,No,No,Yes,No,Month-to-month,Yes,Bank transfer (automatic),88.25,4844.37,Yes
2876-TUGQP,Female,0,Yes,Yes,8,Yes,No,DSL,Yes,No,No,No,No,Yes,One year,No,Bank transfer (automatic),64.82,524.12,No
3750-AKMAB,Male,0,Yes,No,19,No,No phone service,DSL,No,Yes,No,No,No,No,One year,No,Mailed check,54.45,1044.33,No
5172-EIMEO,Female,0,No,No,4,Yes,Yes,Fiber optic,No,No,Yes,Yes,No,No,Month-to-month,Yes,Mailed check,74.49,283.52,Yes
3182-NPFBP,Male,0,Yes,No,2,Yes,No,No,No internet service,No internet service,No internet service,No internet service,No internet service,No internet service,Month-to-month,No,Credit card (automatic),18.25,34.61,Yes
2522-EDNFH,Female,0,No,No,35,Yes,No,DSL,Yes,No,No,Yes,No,Yes,Two year,No,Electronic check,67.97,2387.7,No
5887-CDABM,Female,1,No,Yes,23,Yes,Yes,DSL,Yes,No,No,No,No,Yes,One year,Yes,Credit card (automatic),61.86,1412.35,No
8944-LJJRL,Male,0,Yes,No,33,Yes,Yes,DSL,No,Yes,No,Yes,No,No,Two year,Yes,Credit card (automatic),59.76,1969.28,No
6629-PWFXY,Male,0,Yes,No,13,Yes,No,Fiber optic,No,Yes,Yes,No,No,No,One year,No,Bank transfer (automatic),87.41,1127.7,No
3199-UXJOZ,Male,1,No,No,6,Yes,No,Fiber optic,No,No,No,No,No,Yes,One year,No,Bank transfer (automatic),91.72,539.27,No
1360-XBRLC,Female,0,No,Yes,13,Yes,Yes,No,No internet service,No internet service,No internet service,No internet service,No internet service,No internet service,Month-to-month,No,Electronic check,23.98,320.27,No
4943-YFANP,Male,0,Yes,No,1,Yes,Yes,No,No internet service,No internet service,No internet service,No internet service,No internet service,No internet service,One year,Yes,Credit card (automatic),22.63,20.36,No
5795-PDFOV,Male,1,No,Yes,8,Yes,Yes,Fiber optic,No,No,No,No,No,Yes,Month-to-month,Yes,Mailed check,82.46,662.69,Yes
7270-HAMRR,Female,0,No,No,8,Yes,Yes,Fiber optic,Yes,Yes,Yes,No,No,Yes,Month-to-month,No,Mailed check,109.16,885.55,No
9149-NKGRU,Female,0,No,No,30,Yes,Yes,Fiber optic,No,Yes,No,No,Yes,No,Two year,No,Credit card (automatic),87.5,2632.15,No
6333-DQSNJ,Male,0,Yes,No,1,Yes,Yes,Fiber optic,No,No,No,No,No,No,Two year,Yes,Electronic check,63.73,57.43,No
2848-FRYDK,Male,0,No,No,6,Yes,Yes,No,No internet service,No internet service,No internet service,No internet service,No internet service,No internet service,One year,Yes,Credit card (automatic),25.89,166.03,Yes
6351-JWKCO,Female,0,No,No,7,Yes,No,DSL,No,Yes,No,Yes,Yes,No,Month-to-month,No,Mailed check,55.56,394.66,No
2543-TRUAX,Female,0,Yes,No,19,No,No phone service,DSL,Yes,Yes,No,No,Yes,Yes,Month-to-month,Yes,Electronic check,72.26,1371.2,No
2181-HCATY,Female,1,No,Yes,6,Yes,Yes,No,No internet service,No internet service,No internet service,No internet service,No internet service,No internet service,Month-to-month,No,Mailed check,20.83,106.35,Yes
1719-IQPWF,Female,0,Yes,No,3,No,No phone service,Fiber optic,Yes,Yes,No,Yes,Yes,No,One year,No,Bank transfer (automatic),94.47,282.81,No
9861-WGXPH,Male,0,No,No,7,Yes,Yes,Fiber optic,No,Yes,No,Yes,No,No,Two year,No,Bank transfer (automatic),86.4,591.6,No
7090-BLTTM,Male,0,Yes,Yes,13,Yes,Yes,No,No internet service,No internet service,No internet service,No internet service,No internet service,No internet service,Two year,No,Credit card (automatic),26.75,348.09,No
3458-ZLMHP,Female,0,Yes,Yes,17,Yes,Yes,Fiber optic,No,No,Yes,No,No,Yes,Month-to-month,Yes,Mailed check,94.22,1604.59,No
3749-CMLSB,Male,0,Yes,Yes,0,Yes,Yes,DSL,No,Yes,No,Yes,Yes,No,Two year,Yes,Mailed check,74.46, ,No
1189-IYHUQ,Male,0,No,Yes,8,Yes,No,Fiber optic,Yes,Yes,No,No,Yes,No,Two year,Yes,Electronic check,89.83,712.36,No
9168-FOWXM,Male,1,Yes,No,34,Yes,No,Fiber optic,No,No,No,No,No,Yes,Month-to-month,Yes,Bank transfer (automatic),88.25,2999.21,Yes
9788-VLMGW,Female,0,Yes,No,21,Yes,No,No,No internet service,No internet service,No internet service,No internet service,No internet service,No internet service,Month-to-month,Yes,Credit card (automatic),20.79,431.13,No
6873-NKNQX,Male,1,Yes,No,14,Yes,No,No,No internet service,No internet service,No internet service,No internet service,No internet service,No internet service,Month-to-month,No,Mailed check,19.74,267.03,No
4513-BSPVJ,Female,0,Yes,Yes,14,Yes,No,Fiber optic,Yes,No,No,No,No,Yes,Month-to-month,No,Electronic check,89.35,1239.5,Yes
3247-UEGZM,Male,1,No,No,11,Yes,Yes,DSL,No,Yes,No,No,No,Yes,Month-to-month,Yes,Mailed check,63.48,708.93,No
7532-POIVW,Female,0,No,No,10,Yes,No,Fiber optic,No,Yes,Yes,No,Yes,Yes,One year,Yes,Credit card (automatic),99.15,1006.56,No
8975-MENPK,Female,0,No,No,12,Yes,No,No,No internet service,No internet service,No internet service,No internet service,No internet service,No internet service,One year,Yes,Credit card (automatic),27.56,329.17,No
4539-LOXLZ,Female,0,No,Yes,48,Yes,Yes,DSL,No,Yes,No,No,Yes,No,Two year,No,Electronic check,61.33,2949.47,No
7882-LTMWF,Male,0,Yes,No,15,Yes,Yes,Fiber optic,Yes,Yes,No,No,No,Yes,One year,Yes,Bank transfer (automatic),102.64,1528.86,No
5841-JPAPD,Male,0,Yes,Yes,26,Yes,No,DSL,Yes,No,Yes,No,Yes,No,Month-to-month,Yes,Electronic check,77.65,2007.36,Yes
9965-SBRJD,Male,0,No,Yes,39,Yes,No,No,No internet service,No internet service,No internet service,No internet service,No internet service,No internet service,Month-to-month,Yes,Credit card (automatic),29.39,1144.73,No
6884-AOJRP,Male,0,No,No,13,Yes,No,No,No internet service,No internet service,No internet service,No internet service,No internet service,No internet service,Month-to-month,Yes,Mailed check,19.37,257.77,No
9108-ZOBTD,Male,1,No,No,43,Yes,No,Fiber optic,No,Yes,Yes,No,No,Yes,Two year,No,Credit card (automatic),97.59,4194.98,No
9576-GWZKZ,Female,0,No,Yes,72,Yes,No,Fiber optic,No,No,No,No,No,Yes,Two year,Yes,Electronic check,84.93,6117.93,No
9041-AKXJN,Male,0,Yes,Yes,16,Yes,No,Fiber optic,No,No,Yes,Yes,No,Yes,Month-to-month,Yes,Electronic check,94.2,1505.51,Yes
3765-GWKVD,Male,0,No,No,12,Yes,No,No,No internet service,No internet service,No internet service,No internet service,No internet service,No internet service,Two year,No,Credit card (automatic),18.97,238.13,Yes
1410-XBGSN,Male,1,Yes,No,39,No,No phone service,No,No internet service,No internet service,No internet service,No internet service,No internet service,No internet service,Month-to-month,Yes,Bank transfer (automatic),18.25,708.58,No
1786-GLCOE,Male,0,Yes,Yes,25,Yes,No,Fiber optic,No,Yes,No,Yes,Yes,Yes,Month-to-month,No,Electronic check,101.82,2571.94,No
6709-DGGRN,Female,0,Yes,No,22,Yes,No,DSL,Yes,Yes,No,No,No,Yes,Two year,No,Credit card (automatic),66.57,1459.5,No
4295-HZLJN,Female,0,No,No,52,Yes,No,Fiber optic,Yes,Yes,No,No,No,No,Month-to-month,No,Credit card (automatic),89.65,4668.91,No
5197-EAAYT,Female,0,Yes,No,25,Yes,Yes,Fiber optic,No,Yes,Yes,Yes,Yes,No,One year,Yes,Mailed check,89.02,2222.33,No
9645-KMKHJ,Female,0,Yes,No,24,Yes,No,No,No internet service,No internet service,No internet service,No internet service,No internet service,No internet service,One year,No,Electronic check,27.72,659.97,No
3349-PQKBX,Male,0,Yes,Yes,5,Yes,No,No,No internet service,No internet service,No internet service,No internet service,No internet service,No internet service,Two year,No,Mailed check,18.25,69.38,No
8358-PPZBP,Female,0,Yes,Yes,27,Yes,Yes,Fiber optic,No,No,No,Yes,No,No,Two year,No,Mailed check,76.68,2065.61,No
7808-EHTNY,Male,0,No,No,58,Yes,No,Fiber optic,No,Yes,Yes,No,No,Yes,One year,Yes,Electronic check,96.03,5561.74,No
4094-BCRUB,Female,0,No,Yes,20,Yes,No,No,No internet service,No internet service,No internet service,No internet service,No internet service,No internet service,One year,No,Credit card (automatic),25.24,504.8,No
6279-UIBYG,Female,0,No,No,56,Yes,No,Fiber optic,No,No,No,Yes,No,No,One year,Yes,Credit card (automatic),78.78,4405.25,No
7279-WVRFN,Male,0,No,Yes,9,Yes,Yes,Fiber optic,Yes,No,No,No,Yes,Yes,Month-to-month,No,Electronic check,101.62,921.35,No
4944-MPUJJ,Male,0,No,Yes,1,Yes,No,DSL,Yes,No,No,No,Yes,No,Month-to-month,Yes,Electronic check,53.63,48.85,No
1131-LHOUW,Female,0,No,Yes,14,Yes,No,DSL,No,Yes,Yes,Yes,Yes,No,Two year,No,Mailed check,71.31,1001.41,No
6906-OHHSI,Male,0,Yes,No,0,Yes,Yes,Fiber optic,No,No,No,No,Yes,No,Month-to-month,No,Credit card (automatic),86.35, ,No
6277-XQHLO,Male,0,No,No,4,Yes,Yes,DSL,No,Yes,No,No,No,Yes,One year,No,Bank transfer (automatic),63.1,254.67,No
9131-FPZYE,Male,0,No,No,5,Yes,No,DSL,No,No,No,Yes,Yes,No,Month-to-month,No,Credit card (automatic),65.46,346.37,No
3966-MOQYV,Female,0,No,No,18,Yes,Yes,Fiber optic,No,No,No,Yes,Yes,No,Month-to-month,No,Electronic check,91.55,1637.83,No
9410-TVESG,Female,0,No,No,71,No,No phone service,Fiber optic,No,Yes,No,No,No,Yes,One year,Yes,Credit card (automatic),85.38,6057.04,No
1140-NPMBN,Female,0,No,No,0,Yes,No,Fiber optic,Yes,Yes,No,No,Yes,Yes,One year,Yes,Mailed check,97.59, ,No
6171-GENIJ,Female,0,No,No,6,Yes,No,No,No internet service,No internet service,No internet service,No internet service,No internet service,No internet service,One year,No,Bank transfer (automatic),18.25,114.97,No
6318-NYNYB,Male,0,Yes,No,72,Yes,No,Fiber optic,No,No,No,No,Yes,No,Month-to-month,Yes,Electronic check,82.54,5932.93,No
9062-QTDMR,Male,0,No,No,51,Yes,No,Fiber optic,No,Yes,No,Yes,No,No,Month-to-month,Yes,Mailed check,91.86,4691.6,No
3946-SEAIX,Male,0,Yes,No,43,Yes,No,Fiber optic,Yes,Yes,Yes,Yes,Yes,Yes,One year,Yes,Bank transfer (automatic),117.39,5058.87,No
5807-CBALV,Male,1,No,Yes,2,Yes,No,Fiber optic,Yes,No,No,No,No,Yes,Month-to-month,Yes,Mailed check,86.56,166.68,Yes
2161-QKEYI,Female,0,No,No,24,Yes,Yes,Fiber optic,Yes,No,Yes,No,No,No,Month-to-month,Yes,Electronic check,87.28,2104.58,No
7331-TWKWD,Male,0,Yes,Yes,5,Yes,No,No,No internet service,No internet service,No internet service,No internet service,No internet service,No internet service,Month-to-month,No,Credit card (automatic),27.42,136.42,No
5394-IGPWZ,Female,0,Yes,Yes,25,Yes,Yes,Fiber optic,No,Yes,No,No,Yes,Yes,Month-to-month,Yes,Electronic check,99.36,2481.52,Yes
2144-EFSAP,Female,0,Yes,Yes,13,No,No phone service,No,No internet service,No internet service,No internet service,No internet service,No internet service,No internet service,Month-to-month,No,Electronic check,18.25,250.33,Yes
5723-VNKSW,Female,0,No,No,24,Yes,No,Fiber optic,No,No,No,No,Yes,Yes,Month-to-month,Yes,Bank transfer (automatic),87.77,2108.61,Yes
3747-HMGLH,Male,1,Yes,No,13,Yes,Yes,No,No internet service,No internet service,No internet service,No internet service,No internet service,No internet service,Month-to-month,Yes,Bank transfer (automatic),18.25,237.74,No
4855-RSDYL,Male,0,Yes,Yes,57,Yes,No,DSL,Yes,No,No,No,No,No,Month-to-month,Yes,Mailed check,63.33,3606.32,Yes
1560-DTZXX,Female,0,Yes,No,0,Yes,No,DSL,No,No,Yes,Yes,No,Yes,One year,No,Electronic check,70.38, ,No
2369-VXIEQ,Female,0,Yes,No,5,Yes,No,DSL,No,No,No,No,No,No,Month-to-month,Yes,Bank transfer (automatic),39.6,193.39,No
5272-BBUWG,Male,1,Yes,No,42,Yes,Yes,Fiber optic,Yes,No,Yes,No,No,No,Two year,No,Bank transfer (automatic),87.65,3684.43,No
5862-DMTKZ,Female,0,No,No,32,Yes,No,Fiber optic,No,No,No,No,Yes,Yes,Two year,No,Bank transfer (automatic),82.4,2643.6,No
8354-BPCXO,Male,0,No,No,4,Yes,Yes,Fiber optic,No,No,No,No,No,Yes,Two year,No,Electronic check,83.68,336.71,No
9464-PTGPE,Female,0,No,No,3,Yes,No,DSL,No,Yes,No,No,No,Yes,Month-to-month,Yes,Electronic check,63.77,194.35,Yes
5290-OPKYS,Female,0,No,No,8,Yes,No,DSL,No,No,Yes,No,No,Yes,Month-to-month,Yes,Bank transfer (automatic),68.08,524.58,No
1561-UIHVS,Male,0,No,No,15,Yes,No,No,No internet service,No internet service,No internet service,No internet service,No internet service,No internet service,Two year,Yes,Bank transfer (automatic),30.97,475.42,No
2205-EQENG,Male,0,Yes,No,1,Yes,Yes,DSL,Yes,No,No,No,No,No,Month-to-month,Yes,Electronic check,58.93,35.07,No
5904-QCHVM,Female,0,Yes,No,44,Yes,Yes,No,No internet service,No internet service,No internet service,No internet service,No internet service,No internet service,One year,Yes,Mailed check,22.36,998.74,No
4759-UJRCL,Female,0,Yes,No,17,Yes,No,Fiber optic,No,Yes,No,Yes,No,Yes,Two year,Yes,Electronic check,97.35,1665.4,No
9655-RQGSW,Male,0,Yes,Yes,60,Yes,Yes,No,No internet service,No internet service,No internet service,No internet service,No internet service,No internet service,One year,Yes,Bank transfer (automatic),21.55,1294.27,No
5027-WHQUZ,Female,0,Yes,Yes,9,Yes,No,DSL,Yes,Yes,No,Yes,Yes,Yes,One year,No,Credit card (automatic),83.0,735.62,No
3808-GAHST,Female,1,No,No,1,No,No phone service,Fiber optic,No,No,No,No,No,Yes,Month-to-month,Yes,Electronic check,82.79,75.91,Yes
4913-LXAXY,Female,0,No,No,49,Yes,Yes,Fiber optic,Yes,No,No,No,Yes,No,Month-to-month,No,Bank transfer (automatic),89.43,4383.18,Yes
6891-DIOXZ,Female,0,No,No,3,Yes,No,Fiber optic,No,Yes,No,No,Yes,No,One year,Yes,Mailed check,87.5,260.69,Yes
2870-ZGLCT,Female,0,Yes,Yes,9,Yes,Yes,Fiber optic,No,No,No,No,Yes,No,One year,Yes,Electronic check,74.47,671.65,Yes
2055-INMXL,Female,0,No,Yes,14,Yes,Yes,Fiber optic,No,Yes,No,Yes,Yes,No,Two year,Yes,Mailed check,95.21,1329.1,No
2362-PLJBR,Male,0,No,No,16,Yes,No,Fiber optic,No,No,No,No,No,Yes,Two year,No,Electronic check,85.21,1359.65,No
4980-XFLVD,Female,0,Yes,Yes,0,No,No phone service,No,No internet service,No internet service,No internet service,No internet service,No internet service,No internet service,Two year,Yes,Bank transfer (automatic),19.59, ,No
2578-WHBBP,Male,0,Yes,Yes,17,Yes,No,DSL,No,Yes,Yes,Yes,Yes,Yes,Two year,Yes,Credit card (automatic),85.51,1461.65,No
1707-FUTNT,Female,0,No,No,1,Yes,Yes,DSL,Yes,Yes,Yes,No,Yes,Yes,One year,Yes,Bank transfer (automatic),78.93,87.5,No
8750-GRWBT,Female,0,Yes,Yes,9,Yes,Yes,Fiber optic,Yes,No,No,Yes,Yes,No,Month-to-month,No,Credit card (automatic),97.35,866.26,Yes
9800-UQTYM,Male,0,No,No,72,Yes,Yes,No,No internet service,No internet service,No internet service,No internet service,No internet service,No internet service,Two year,Yes,Electronic check,21.04,1502.99,No
6483-XVOXE,Male,0,Yes,No,7,Yes,Yes,Fiber optic,No,Yes,No,No,No,No,Month-to-month,Yes,Electronic check,80.13,545.5,Yes
1519-WNDUN,Male,0,No,No,40,No,No phone service,Fiber optic,Yes,No,Yes,No,No,No,Month-to-month,No,Electronic check,71.34,2864.97,No
9797-PKVYZ,Male,0,Yes,No,17,Yes,No,DSL,No,Yes,Yes,No,No,Yes,Two year,Yes,Bank transfer (automatic),67.38,1140.67,No
1141-NBVMC,Male,0,Yes,Yes,5,Yes,No,No,No internet service,No internet service,No internet service,No internet service,No internet service,No internet service,Two year,No,Credit card (automatic),35.28,182.2,No
8313-VDUUS,Female,0,Yes,Yes,30,Yes,No,DSL,No,Yes,No,No,No,No,Two year,Yes,Electronic check,62.75,1880.85,No
1399-DSWOA,Male,0,No,No,19,No,No phone service,DSL,No,Yes,No,No,Yes,No,Month-to-month,Yes,Mailed check,66.76,1247.68,Yes
7255-OPVTA,Male,0,Yes,Yes,18,Yes,Yes,DSL,No,No,No,No,Yes,No,Month-to-month,Yes,Bank transfer (automatic),54.69,995.99,No
7340-EZGML,Male,0,No,No,0,Yes,No,DSL,No,Yes,Yes,No,Yes,No,Month-to-month,Yes,Credit card (automatic),75.94, ,No
7307-YDWUU,Female,0,No,No,9,Yes,Yes,No,No internet service,No internet service,No internet service,No internet service,No internet service,No internet service,Month-to-month,No,Credit card (automatic),24.61,256.09,Yes
9727-OUSFL,Female,1,Yes,No,31,Yes,Yes,DSL,Yes,Yes,Yes,No,No,No,Month-to-month,Yes,Electronic check,66.55,2058.77,No
9625-LXXOS,Female,0,No,No,38,Yes,Yes,DSL,No,No,No,No,No,No,Month-to-month,Yes,Electronic check,47.78,1823.6,No
8591-IEEFW,Male,0,Yes,Yes,40,Yes,No,DSL,Yes,No,No,Yes,No,Yes,One year,Yes,Credit card (automatic),63.95,2570.98,No
2602-EAKZU,Female,0,Yes,No,0,Yes,Yes,No,No internet service,No internet service,No internet service,No internet service,No internet service,No internet service,Month-to-month,Yes,Electronic check,25.7, ,No
1110-QHZBZ,Female,1,No,Yes,4,Yes,Yes,DSL,No,Yes,No,No,Yes,Yes,Two year,Yes,Bank transfer (automatic),67.68,277.62,No
6004-LEMFY,Female,0,Yes,No,72,No,No phone service,Fiber optic,No,No,No,No,No,Yes,Month-to-month,Yes,Electronic check,75.52,5464.88,No
4261-WVUVK,Female,0,No,No,4,Yes,No,No,No internet service,No internet service,No internet service,No internet service,No internet service,No internet service,Month-to-month,Yes,Bank transfer (automatic),27.14,120.71,No
2902-LIKEX,Male,0,Yes,No,5,Yes,Yes,DSL,Yes,Yes,Yes,Yes,No,Yes,Two year,Yes,Electronic check,81.04,421.68,No
4846-HAYAC,Male,0,No,No,38,Yes,No,DSL,Yes,No,No,No,Yes,No,Two year,Yes,Electronic check,66.69,2558.05,No
3407-KANAF,Male,0,No,No,11,No,No phone service,DSL,No,No,Yes,Yes,Yes,No,Two year,Yes,Electronic check,61.46,675.64,No
4290-FCJLJ,Male,1,Yes,No,2,Yes,No,Fiber optic,Yes,No,No,No,Yes,No,Month-to-month,Yes,Mailed check,97.86,193.34,Yes
5661-BXVMP,Male,0,No,No,3,Yes,No,Fiber optic,No,No,No,No,Yes,No,Two year,No,Mailed check,85.3,260.45,No
5451-KWNCS,Male,1,Yes,No,2,Yes,No,No,No internet service,No internet service,No internet service,No internet service,No internet service,No internet service,One year,No,Bank transfer (automatic),18.25,29.1,No
5309-YAEQA,Male,0,No,No,4,Yes,No,Fiber optic,Yes,Yes,No,No,No,Yes,Month-to-month,Yes,Electronic check,98.42,390.5,Yes
4491-SFODX,Male,1,No,No,16,No,No phone service,No,No internet service,No internet service,No internet service,No internet service,No internet service,No internet service,Month-to-month,Yes,Electronic check,23.06,363.27,No
6984-XQKQW,Female,0,Yes,Yes,0,Yes,No,Fiber optic,No,Yes,Yes,Yes,Yes,Yes,Month-to-month,Yes,Bank transfer (automatic),102.1, ,No
5768-INOXA,Female,0,No,No,2,Yes,No,Fiber optic,Yes,No,Yes,No,No,Yes,Month-to-month,No,Credit card (automatic),94.77,185.24,No
7097-FTHAO,Male,1,Yes,No,57,Yes,No,Fiber optic,No,Yes,No,No,No,No,Month-to-month,No,Electronic check,76.81,4369.91,Yes
5829-DJKEI,Male,0,No,Yes,50,Yes,Yes,DSL,No,No,Yes,No,No,No,Month-to-month,No,Electronic check,57.66,2885.21,No
8612-KCDJG,Female,0,No,No,42,Yes,No,No,No internet service,No internet service,No internet service,No internet service,No internet service,No internet service,Month-to-month,Yes,Mailed check,18.25,762.38,No
9455-QXGAI,Female,0,No,No,29,Yes,No,No,No internet service,No internet service,No internet service,No internet service,No internet service,No internet service,Month-to-month,Yes,Bank transfer (automatic),27.75,809.34,No
6906-BWKCQ,Female,0,Yes,No,25,Yes,Yes,No,No internet service,No internet service,No internet service,No internet service,No internet service,No internet service,Month-to-month,No,Bank transfer (automatic),19.77,501.97,No
8081-CVCUY,Male,1,Yes,No,7,Yes,Yes,DSL,Yes,No,No,Yes,Yes,No,Month-to-month,No,Credit card (automatic),57.34,385.01,Yes
2601-AGTKW,Female,0,No,No,9,Yes,No,Fiber optic,Yes,No,Yes,No,No,No,Month-to-month,Yes,Credit card (automatic),86.04,773.04,Yes
2925-WDSUS,Male,0,Yes,No,6,Yes,No,Fiber optic,No,Yes,No,No,Yes,Yes,Month-to-month,Yes,Electronic check,100.43,590.99,No
4501-CDHRD,Female,0,No,Yes,72,Yes,Yes,DSL,Yes,No,No,Yes,Yes,No,Month-to-month,Yes,Electronic check,77.6,5592.19,No
8274-PCGBA,Female,0,Yes,Yes,24,Yes,No,DSL,No,No,Yes,No,Yes,Yes,Month-to-month,No,Mailed check,68.61,1650.28,No
9633-AFSGX,Male,0,Yes,No,72,Yes,No,Fiber optic,No,Yes,No,No,Yes,No,One year,No,Credit card (automatic),85.09,6124.07,Yes
9148-RXZMA,Female,0,No,No,7,Yes,No,Fiber optic,No,Yes,No,No,No,No,Month-to-month,No,Bank transfer (automatic),89.43,629.28,No
5680-QAAGD,Male,1,Yes,No,23,Yes,Yes,Fiber optic,No,No,No,No,No,No,Two year,No,Credit card (automatic),75.3,1722.37,No
5694-ULPNW,Female,0,Yes,No,34,Yes,Yes,DSL,No,No,No,No,Yes,No,Month-to-month,No,Electronic check,47.37,1611.6,No
3697-NGDBX,Male,0,Yes,No,2,Yes,Yes,Fiber optic,No,Yes,No,No,No,No,Month-to-month,Yes,Credit card (automatic),69.53,141.43,No
3792-EIYHX,Male,0,No,Yes,26,Yes,Yes,DSL,No,Yes,Yes,No,No,No,One year,Yes,Bank transfer (automatic),66.04,1722.18,No
2491-PTRDP,Male,0,Yes,Yes,4,Yes,Yes,DSL,No,No,No,Yes,No,Yes,One year,Yes,Credit card (automatic),64.81,258.52,No
6061-CROHR,Female,0,Yes,No,9,Yes,No,DSL,No,No,No,Yes,Yes,Yes,Month-to-month,No,Credit card (automatic),71.5,642.69,No
3966-CFVZU,Male,0,No,No,30,Yes,Yes,Fiber optic,No,No,Yes,No,Yes,No,Two year,No,Mailed check,81.2,2443.36,No
5442-LEGVO,Female,0,No,No,13,Yes,No,Fiber optic,Yes,Yes,Yes,No,Yes,Yes,Month-to-month,Yes,Credit card (automatic),115.85,1504.71,No
6350-MYCZW,Female,0,No,No,60,Yes,No,Fiber optic,No,No,Yes,No,Yes,No,Month-to-month,No,Credit card (automatic),94.16,5653.37,No
4724-ZCBWD,Male,0,No,No,6,Yes,No,DSL,No,Yes,Yes,Yes,Yes,Yes,Month-to-month,No,Bank transfer (automatic),84.32,509.25,Yes
8280-FKFVB,Male,0,No,Yes,4,Yes,No,DSL,No,No,No,Yes,Yes,No,Month-to-month,Yes,Electronic check,57.33,227.66,No
7978-LNBVV,Female,0,Yes,No,9,Yes,No,Fiber optic,No,Yes,No,No,No,Yes,One year,Yes,Electronic check,88.41,796.7,Yes
9796-EJJUI,Female,0,Yes,No,45,Yes,No,No,No internet service,No internet service,No internet service,No internet service,No internet service,No internet service,Month-to-month,No,Bank transfer (automatic),23.75,1060.76,Yes
9573-UMJFK,Male,0,No,No,45,Yes,No,Fiber optic,Yes,No,No,Yes,No,No,Month-to-month,Yes,Electronic check,82.61,3718.86,No
2517-QTBJC,Female,0,No,No,11,Yes,Yes,DSL,Yes,Yes,Yes,No,No,Yes,Month-to-month,No,Mailed check,71.53,787.57,No
3150-AHWAH,Male,1,Yes,Yes,39,No,No phone service,No,No internet service,No internet service,No internet service,No internet service,No internet service,No internet service,Month-to-month,No,Mailed check,18.25,699.96,Yes
7061-NBHSJ,Male,0,No,No,1,Yes,Yes,DSL,Yes,No,No,Yes,No,Yes,One year,Yes,Credit card (automatic),56.74,58.27,No
8750-MVUOK,Male,0,No,Yes,0,Yes,No,Fiber optic,Yes,No,Yes,No,Yes,Yes,Month-to-month,No,Bank transfer (automatic),104.89, ,Yes
7649-NKBBL,Female,0,No,Yes,48,Yes,No,DSL,No,No,Yes,No,Yes,No,Two year,Yes,Electronic check,59.99,2880.92,No
1845-YPHXQ,Female,0,No,No,49,Yes,No,No,No internet service,No internet service,No internet service,No internet service,No internet service,No internet service,One year,Yes,Electronic check,18.25,896.2,No
8108-LFRZE,Female,1,Yes,Yes,3,Yes,Yes,DSL,Yes,Yes,Yes,No,Yes,Yes,Month-to-month,Yes,Electronic check,78.19,227.68,No
7312-OJQZS,Female,0,No,No,8,No,No phone service,DSL,Yes,Yes,No,No,Yes,No,Month-to-month,Yes,Electronic check,61.05,483.78,No
7062-NAQAW,Male,0,No,No,45,Yes,No,Fiber optic,No,No,Yes,Yes,Yes,Yes,One year,Yes,Bank transfer (automatic),102.11,4585.08,No
8838-HMPBM,Female,0,Yes,No,2,Yes,Yes,Fiber optic,No,No,Yes,Yes,Yes,No,Month-to-month,Yes,Mailed check,97.07,194.05,No
5113-CMSMS,Male,0,No,No,47,Yes,No,Fiber optic,No,Yes,Yes,No,No,No,Two year,No,Credit card (automatic),97.64,4583.79,Yes
1561-YFSYD,Male,0,Yes,Yes,20,Yes,No,DSL,Yes,No,No,No,No,No,One year,No,Electronic check,56.67,1142.07,No
3371-XGGZW,Female,0,No,Yes,25,Yes,No,Fiber optic,No,Yes,Yes,Yes,Yes,No,One year,No,Mailed check,97.1,2432.52,No
3255-PEOWD,Female,0,Yes,No,21,Yes,Yes,Fiber optic,No,Yes,Yes,No,No,No,Two year,No,Electronic check,91.94,1931.51,No
4159-YMSGL,Female,0,No,No,20,Yes,Yes,No,No internet service,No internet service,No internet service,No internet service,No internet service,No internet service,Month-to-month,Yes,Mailed check,32.52,652.25,No
8097-IQBPG,Male,0,No,No,4,Yes,Yes,No,No internet service,No internet service,No internet service,No internet service,No internet service,No internet service,Month-to-month,No,Mailed check,32.05,116.6,Yes
2169-GACUK,Female,0,Yes,Yes,6,Yes,No,Fiber optic,No,No,No,Yes,No,Yes,Month-to-month,Yes,Credit card (automatic),75.03,448.52,No
6909-OYYCX,Male,0,Yes,No,20,Yes,Yes,Fiber optic,No,No,Yes,No,No,Yes,Two year,Yes,Mailed check,91.83,1826.02,No
8039-MDWVH,Male,0,Yes,Yes,12,No,No phone service,Fiber optic,No,No,No,No,No,No,Month-to-month,Yes,Electronic check,69.44,822.66,No
5031-VDRGK,Female,0,No,No,18,Yes,No,Fiber optic,No,Yes,Yes,Yes,No,No,Two year,No,Credit card (automatic),90.23,1641.7,No
4742-DMIIW,Female,1,Yes,No,7,No,No phone service,Fiber optic,No,No,No,No,No,No,Two year,No,Electronic check,64.84,473.48,No
5948-SCYYL,Female,0,No,Yes,14,Yes,Yes,Fiber optic,Yes,No,No,No,Yes,No,Month-to-month,Yes,Bank transfer (automatic),87.06,1205.24,No
2756-KTKQZ,Male,0,No,Yes,3,Yes,No,Fiber optic,No,No,No,No,No,Yes,Month-to-month,Yes,Electronic check,79.66,234.48,Yes
7975-PXJDJ,Male,0,No,No,0,Yes,Yes,DSL,Yes,Yes,No,Yes,Yes,No,Month-to-month,No,Credit card (automatic),69.88, ,No
1787-LIOIG,Female,0,Yes,No,72,No,No phone service,Fiber optic,Yes,Yes,Yes,Yes,No,Yes,Month-to-month,No,Electronic check,98.8,7119.13,Yes
8483-TXNVP,Female,0,No,Yes,30,Yes,No,No,No internet service,No internet service,No internet service,No internet service,No internet service,No internet service,Two year,No,Credit card (automatic),30.83,929.02,No
1540-SWCKW,Male,0,No,Yes,16,Yes,No,Fiber optic,Yes,No,Yes,No,No,Yes,Month-to-month,Yes,Mailed check,91.35,1470.56,Yes
4859-SHTHZ,Female,0,Yes,No,19,Yes,Yes,No,No internet service,No internet service,No internet service,No internet service,No internet service,No internet service,Two year,Yes,Mailed check,32.38,624.76,No
7185-MIFOP,Female,0,Yes,No,17,Yes,No,DSL,No,Yes,Yes,No,No,No,Month-to-month,Yes,Bank transfer (automatic),69.01,1168.54,No
3116-UMSBF,Male,0,No,Yes,54,Yes,No,Fiber optic,No,Yes,No,Yes,No,No,Two year,Yes,Mailed check,76.69,4147.05,No
8546-AOONG,Male,1,Yes,No,35,Yes,No,DSL,No,Yes,Yes,Yes,No,No,Month-to-month,No,Electronic check,52.02,1828.66,Yes
9254-ETYZP,Female,0,No,No,9,Yes,Yes,Fiber optic,Yes,Yes,No,No,No,Yes,Month-to-month,No,Electronic check,94.1,847.16,Yes
5275-PCFUW,Male,0,No,No,5,Yes,No,No,No internet service,No internet service,No internet service,No internet service,No internet service,No internet service,Month-to-month,Yes,Electronic check,29.4,165.01,No
1588-AUNBB,Female,0,Yes,Yes,1,Yes,Yes,Fiber optic,No,Yes,No,Yes,No,No,Month-to-month,Yes,Bank transfer (automatic),85.23,70.33,No
6434-RIZCD,Male,0,No,No,3,Yes,No,DSL,Yes,No,Yes,No,No,Yes,One year,Yes,Electronic check,68.32,191.99,No
9787-EJPYL,Male,0,Yes,Yes,16,No,No phone service,No,No internet service,No internet service,No internet service,No internet service,No internet service,No internet service,One year,No,Mailed check,23.26,367.37,No
4754-SFJTC,Male,0,Yes,No,5,Yes,Yes,Fiber optic,Yes,Yes,No,Yes,Yes,No,Month-to-month,Yes,Mailed check,100.89,499.55,Yes
9405-OKVBY,Male,0,Yes,No,8,Yes,No,Fiber optic,No,No,No,Yes,Yes,Yes,Month-to-month,No,Mailed check,93.52,725.13,No
1663-FQRDW,Female,0,Yes,No,3,No,No phone service,Fiber optic,Yes,No,Yes,No,Yes,No,Two year,No,Bank transfer (automatic),81.47,235.47,No
8624-JUZBK,Male,0,Yes,No,61,Yes,No,DSL,No,Yes,No,No,No,No,Month-to-month,No,Mailed check,51.74,3158.59,No
6546-KAZNA,Female,1,Yes,No,0,Yes,No,Fiber optic,Yes,Yes,Yes,Yes,No,No,Month-to-month,Yes,Electronic check,94.58, ,Yes
1829-WYIXA,Male,0,Yes,No,10,Yes,Yes,DSL,Yes,No,No,No,Yes,No,Month-to-month,No,Credit card (automatic),66.64,666.97,Yes
6909-VDASJ,Female,0,Yes,No,7,Yes,No,DSL,No,Yes,Yes,Yes,No,No,One year,No,Credit card (automatic),53.66,372.82,Yes
6774-TDTNE,Male,0,No,No,0,Yes,No,Fiber optic,Yes,Yes,Yes,No,Yes,Yes,Month-to-month,No,Mailed check,104.53, ,No
4996-OOYPP,Male,0,No,Yes,63,Yes,Yes,DSL,No,Yes,Yes,Yes,Yes,No,Month-to-month,No,Electronic check,76.44,4826.28,No
1867-YIAEI,Female,0,No,Yes,9,No,No phone service,DSL,Yes,No,No,No,No,Yes,Two year,Yes,Electronic check,60.2,555.48,No
7084-DPBZP,Male,0,Yes,Yes,16,Yes,No,Fiber optic,No,No,No,No,Yes,Yes,Two year,No,Mailed check,92.45,1483.06,No
5049-BPAPC,Female,0,Yes,No,20,Yes,No,Fiber optic,No,Yes,Yes,Yes,No,Yes,Month-to-month,No,Electronic check,99.47,1987.42,Yes
2897-QDQDS,Female,0,Yes,Yes,22,Yes,No,DSL,No,Yes,No,Yes,No,No,Month-to-month,No,Mailed check,51.02,1125.81,No
3720-NXKYG,Male,0,Yes,No,14,No,No phone service,Fiber optic,No,No,Yes,No,No,Yes,Two year,Yes,Electronic check,86.12,1207.63,No
4696-DJQDS,Male,0,No,No,21,Yes,No,Fiber optic,No,Yes,No,No,No,Yes,Two year,Yes,Credit card (automatic),97.85,2080.56,No
1529-QFGFY,Female,0,No,No,33,Yes,No,Fiber optic,No,Yes,No,Yes,Yes,Yes,One year,No,Mailed check,99.05,3275.69,No
4723-IRBYQ,Male,0,Yes,No,72,Yes,No,No,No internet service,No internet service,No internet service,No internet service,No internet service,No internet service,Month-to-month,Yes,Mailed check,18.25,1336.07,No
1948-AWIFB,Male,0,Yes,Yes,25,Yes,Yes,No,No internet service,No internet service,No internet service,No internet service,No internet service,No internet service,Two year,Yes,Electronic check,40.57,1011.36,Yes
9933-ICPYX,Female,0,Yes,Yes,14,No,No phone service,DSL,No,No,Yes,No,No,Yes,Month-to-month,Yes,Bank transfer (automatic),53.68,749.33,No
9174-LWHZF,Male,0,No,Yes,14,Yes,Yes,Fiber optic,Yes,Yes,Yes,No,No,No,Month-to-month,Yes,Bank transfer (automatic),83.46,1169.85,Yes
5566-DJNUX,Male,0,Yes,No,29,Yes,Yes,Fiber optic,No,No,No,No,Yes,Yes,Two year,No,Electronic check,89.72,2599.48,No
9294-GHJSS,Male,0,No,No,23,Yes,Yes,Fiber optic,No,No,No,No,No,No,One year,Yes,Bank transfer (automatic),82.42,1883.88,No
7209-OAJFV,Male,0,Yes,Yes,13,Yes,No,DSL,Yes,No,No,No,Yes,Yes,Two year,No,Bank transfer (automatic),73.52,968.38,Yes
4689-LXFFA,Male,0,No,No,9,Yes,No,DSL,No,No,No,Yes,No,Yes,One year,Yes,Bank transfer (automatic),52.61,472.94,No
1107-WWJYN,Female,0,Yes,No,72,Yes,Yes,DSL,No,No,No,No,No,No,Month-to-month,No,Bank transfer (automatic),47.18,3396.6,No
9526-WXDYA,Male,0,Yes,No,34,Yes,No,Fiber optic,Yes,Yes,No,Yes,No,No,Month-to-month,No,Bank transfer (automatic),91.09,3106.23,No
4527-CNQBO,Male,1,No,Yes,5,Yes,Yes,DSL,No,No,No,No,No,Yes,Month-to-month,Yes,Bank transfer (automatic),55.27,284.15,No
3373-ENSIH,Female,0,No,No,8,Yes,No,Fiber optic,No,No,No,Yes,No,No,Two year,No,Bank transfer (automatic),81.25,636.54,No
5834-RHPOU,Male,0,No,No,53,Yes,No,DSL,No,No,No,No,Yes,Yes,Two year,No,Credit card (automatic),62.4,3296.56,No
4983-YAJSE,Female,0,No,No,25,Yes,Yes,No,No internet service,No internet service,No internet service,No internet service,No internet service,No internet service,Two year,No,Bank transfer (automatic),27.03,681.52,No
3033-CDDKI,Female,0,No,No,8,No,No phone service,Fiber optic,No,No,No,No,Yes,Yes,One year,Yes,Credit card (automatic),83.23,679.72,Yes
2307-YPIKF,Male,0,No,No,10,Yes,Yes,DSL,Yes,Yes,No,Yes,No,No,Month-to-month,Yes,Mailed check,59.6,585.85,Yes
5939-VHPEU,Male,0,Yes,Yes,11,Yes,No,DSL,No,Yes,Yes,No,No,No,Month-to-month,No,Bank transfer (automatic),53.46,587.31,Yes
3080-QXUHJ,Female,1,No,Yes,4,Yes,Yes,Fiber optic,Yes,No,No,No,Yes,Yes,Month-to-month,Yes,Credit card (automatic),88.47,363.29,No
9265-IMCVW,Male,0,Yes,No,17,Yes,No,DSL,No,No,Yes,Yes,No,Yes,Two year,No,Mailed check,70.15,1190.77,No
8490-ABKNJ,Female,0,No,No,34,Yes,No,DSL,No,Yes,No,No,Yes,No,Month-to-month,No,Credit card (automatic),62.52,2120.37,No
6350-WAZGO,Male,1,No,No,19,Yes,No,DSL,No,No,No,Yes,No,Yes,Two year,Yes,Bank transfer (automatic),61.94,1166.38,No
8050-FVGGA,Male,0,No,No,25,No,No phone service,No,No internet service,No internet service,No internet service,No internet service,No internet service,No internet service,Two year,Yes,Bank transfer (automatic),23.35,580.19,No
1201-UOHXS,Female,0,Yes,No,21,No,No phone service,Fiber optic,Yes,No,Yes,No,No,No,Month-to-month,No,Credit card (automatic),70.76,1472.93,No
3102-ODFYJ,Female,0,Yes,No,1,Yes,No,DSL,No,No,Yes,No,Yes,No,Two year,Yes,Electronic check,64.88,76.69,No
6169-PRFSQ,Female,0,No,No,4,Yes,No,DSL,No,Yes,Yes,No,No,No,Two year,Yes,Bank transfer (automatic),55.25,231.77,No
2329-MGTLB,Female,0,Yes,No,10,Yes,No,Fiber optic,No,No,No,Yes,Yes,Yes,One year,Yes,Electronic check,95.41,940.46,No
9250-LLXDD,Female,0,Yes,No,52,Yes,No,DSL,Yes,No,No,No,No,No,Month-to-month,Yes,Mailed check,56.74,2944.54,No
1497-PNQQC,Female,0,Yes,No,10,Yes,No,DSL,Yes,Yes,Yes,Yes,No,No,One year,No,Mailed check,60.43,620.35,No
8126-MIUIH,Female,0,No,No,9,Yes,No,DSL,Yes,Yes,No,No,Yes,Yes,Month-to-month,Yes,Mailed check,77.35,706.72,No
9912-PPSXP,Female,0,Yes,No,2,Yes,No,DSL,No,No,No,No,No,No,One year,Yes,Electronic check,39.2,77.15,No
4437-TNNNL,Female,0,No,Yes,72,Yes,No,No,No internet service,No internet service,No internet service,No internet service,No internet service,No internet service,Two year,Yes,Bank transfer (automatic),18.25,1299.64,No
8763-MPIBV,Female,0,Yes,No,36,No,No phone service,DSL,No,No,No,Yes,No,No,Month-to-month,No,Credit card (automatic),54.34,1946.31,No
7074-CJTBX,Male,0,Yes,No,34,Yes,Yes,DSL,No,No,Yes,Yes,No,Yes,Month-to-month,Yes,Electronic check,71.13,2424.53,No
7409-HQZVA,Male,0,Yes,No,11,Yes,Yes,Fiber optic,No,Yes,No,No,Yes,Yes,Month-to-month,Yes,Electronic check,94.01,1051.6,Yes
7917-GORIH,Female,0,Yes,Yes,1,Yes,No,DSL,No,No,Yes,Yes,No,No,Month-to-month,No,Electronic check,62.67,67.58,No
9536-JDTHA,Male,0,No,No,7,Yes,No,No,No internet service,No internet service,No internet service,No internet service,No internet service,No internet service,Two year,Yes,Bank transfer (automatic),24.95,177.2,No
5907-WYOMP,Female,1,Yes,Yes,45,Yes,No,No,No internet service,No internet service,No internet service,No internet service,No internet service,No internet service,One year,Yes,Electronic check,30.74,1391.21,No
3777-WRAQP,Male,0,Yes,No,4,Yes,No,Fiber optic,No,Yes,No,Yes,No,Yes,Month-to-month,No,Bank transfer (automatic),92.69,354.64,No
5470-ETUJZ,Male,0,No,No,53,Yes,No,No,No internet service,No internet service,No internet service,No internet service,No internet service,No internet service,Two year,No,Credit card (automatic),28.82,1530.41,No
8717-LJVQB,Male,0,Yes,No,18,No,No phone service,DSL,No,Yes,No,No,Yes,Yes,Month-to-month,No,Credit card (automatic),61.03,1082.55,No
6938-TFMIL,Male,1,Yes,Yes,30,Yes,No,DSL,No,Yes,Yes,Yes,No,Yes,Month-to-month,Yes,Credit card (automatic),72.59,2158.2,No
1561-HYRYW,Male,1,Yes,No,14,Yes,No,No,No internet service,No internet service,No internet service,No internet service,No internet service,No internet service,Two year,Yes,Bank transfer (automatic),18.25,257.73,No
5664-VBHJI,Female,0,Yes,No,64,Yes,No,Fiber optic,No,Yes,No,No,No,No,One year,Yes,Electronic check,82.66,5297.17,No
6239-RHSCI,Male,0,No,No,6,Yes,Yes,Fiber optic,No,No,No,Yes,No,No,Two year,No,Mailed check,88.55,517.67,No
9152-TLWMH,Male,0,No,No,20,Yes,No,DSL,No,No,No,No,No,Yes,Two year,Yes,Electronic check,67.19,1338.81,No
6358-MUMQO,Female,0,No,No,1,Yes,Yes,Fiber optic,No,No,No,No,No,No,Month-to-month,No,Mailed check,69.26,63.88,No
7200-VSCNJ,Male,0,No,No,15,Yes,No,DSL,Yes,Yes,No,No,No,Yes,One year,Yes,Bank transfer (automatic),66.79,1005.5,Yes
3416-HRLQW,Male,0,No,No,72,Yes,Yes,DSL,No,Yes,No,Yes,No,No,Two year,No,Electronic check,65.32,4706.16,No
7984-VXXYW,Male,1,No,No,2,Yes,No,Fiber optic,No,Yes,No,Yes,No,Yes,Month-to-month,No,Electronic check,95.82,186.99,Yes
2176-OILKQ,Male,1,Yes,Yes,16,No,No phone service,DSL,No,No,Yes,Yes,No,Yes,Month-to-month,No,Bank transfer (automatic),66.64,1056.49,No
4288-ODRKI,Male,0,Yes,No,22,Yes,No,Fiber optic,No,No,Yes,Yes,No,Yes,Month-to-month,No,Electronic check,103.75,2280.24,Yes
9936-HCURN,Male,0,No,Yes,64,Yes,No,DSL,No,No,Yes,No,No,Yes,One year,No,Credit card (automatic),62.36,3987.22,No
6090-QDURO,Male,0,Yes,Yes,8,Yes,Yes,No,No internet service,No internet service,No internet service,No internet service,No internet service,No internet service,Month-to-month,Yes,Bank transfer (automatic),31.0,253.98,No
4346-VFOGL,Female,0,Yes,No,16,Yes,Yes,No,No internet service,No internet service,No internet service,No internet service,No internet service,No internet service,Month-to-month,Yes,Bank transfer (automatic),34.43,551.06,No
8087-ITEKB,Female,0,No,No,72,Yes,No,Fiber optic,No,No,No,No,No,No,Two year,No,Credit card (automatic),71.6,5165.22,No
1803-EGFXV,Female,0,Yes,No,35,Yes,No,DSL,Yes,Yes,Yes,No,Yes,Yes,Two year,No,Bank transfer (automatic),73.91,2586.85,No
5182-CAIIV,Male,0,No,No,39,Yes,No,Fiber optic,No,No,No,Yes,No,Yes,Two year,Yes,Bank transfer (automatic),80.77,3149.55,No
5798-BPHZF,Male,0,Yes,No,36,Yes,Yes,No,No internet service,No internet service,No internet service,No internet service,No internet service,No internet service,Month-to-month,No,Credit card (automatic),32.75,1172.27,Yes
2206-MASOA,Female,0,No,No,17,Yes,Yes,Fiber optic,No,No,No,Yes,Yes,Yes,Month-to-month,No,Mailed check,103.98,1765.83,No
6184-LKQDW,Female,1,Yes,No,13,Yes,No,Fiber optic,No,No,Yes,No,Yes,No,One year,Yes,Electronic check,91.04,1179.75,No
9140-EFBUG,Female,0,Yes,No,7,Yes,Yes,DSL,No,No,Yes,No,Yes,No,Month-to-month,Yes,Credit card (automatic),69.77,487.0,No
6560-VNJDC,Male,0,No,Yes,15,Yes,Yes,Fiber optic,No,Yes,No,No,No,No,Month-to-month,No,Electronic check,77.79,1162.15,Yes
3456-WNFWO,Female,1,No,No,0,Yes,Yes,DSL,No,No,No,No,Yes,No,Month-to-month,No,Electronic check,49.58, ,No
4559-ECCMB,Male,0,No,No,2,Yes,Yes,Fiber optic,No,Yes,Yes,No,No,No,Month-to-month,Yes,Credit card (automatic),91.39,174.14,No
2472-LHSIN,Female,0,No,No,8,Yes,No,DSL,Yes,No,No,No,No,Yes,Two year,No,Mailed check,61.21,495.66,No
5753-JIFAE,Female,1,No,No,9,Yes,No,DSL,No,Yes,Yes,Yes,No,No,Month-to-month,Yes,Electronic check,62.21,583.01,No
8256-MVWDA,Male,0,Yes,No,29,Yes,No,No,No internet service,No internet service,No internet service,No internet service,No internet service,No internet service,Two year,No,Credit card (automatic),19.02,544.63,No
3401-XDQJW,Male,1,Yes,Yes,4,Yes,Yes,Fiber optic,No,No,No,No,No,No,Month-to-month,No,Credit card (automatic),75.82,296.62,Yes
2409-CNYOM,Male,0,Yes,Yes,38,Yes,Yes,Fiber optic,No,No,Yes,Yes,No,Yes,Month-to-month,No,Mailed check,84.74,3203.96,No
4240-BSPKL,Male,0,Yes,No,38,No,No phone service,Fiber optic,Yes,No,No,No,Yes,Yes,Two year,Yes,Credit card (automatic),89.07,3382.56,No
3560-BPBZS,Male,0,No,Yes,21,Yes,Yes,Fiber optic,Yes,Yes,No,Yes,Yes,No,Month-to-month,Yes,Electronic check,93.4,1964.0,No
6257-SJPMP,Male,0,No,Yes,16,Yes,No,Fiber optic,Yes,No,No,No,No,Yes,Month-to-month,No,Credit card (automatic),88.7,1419.58,Yes
1881-XHXRM,Female,0,No,No,15,Yes,Yes,Fiber optic,No,Yes,Yes,No,Yes,No,Month-to-month,Yes,Mailed check,93.82,1407.02,Yes
5568-GUWXY,Male,0,No,No,13,Yes,Yes,DSL,No,No,Yes,No,Yes,No,Month-to-month,Yes,Mailed check,61.98,804.6,No
9689-FIFRQ,Male,0,No,Yes,2,Yes,Yes,DSL,Yes,Yes,No,Yes,No,No,Two year,No,Mailed check,67.62,127.39,No
5809-JSYZD,Male,1,Yes,Yes,25,Yes,No,DSL,No,No,No,Yes,No,No,Month-to-month,Yes,Mailed check,54.49,1371.26,No
2929-RCUCE,Female,0,No,No,20,Yes,No,Fiber optic,Yes,Yes,No,No,Yes,No,Two year,Yes,Mailed check,96.99,1924.01,Yes
1111-TMKZM,Female,0,Yes,No,0,Yes,No,No,No internet service,No internet service,No internet service,No internet service,No internet service,No internet service,Two year,Yes,Credit card (automatic),18.51, ,No
7034-FXMDY,Male,0,No,No,5,Yes,No,No,No internet service,No internet service,No internet service,No internet service,No internet service,No internet service,One year,No,Electronic check,33.46,160.15,No
1036-SEUND,Male,0,No,No,13,Yes,No,Fiber optic,Yes,Yes,Yes,Yes,Yes,Yes,One year,Yes,Mailed check,108.88,1419.13,No
8890-JAWWP,Male,0,No,Yes,55,Yes,Yes,DSL,Yes,No,No,No,No,Yes,Two year,No,Electronic check,59.04,3246.57,No
1424-RQOSG,Male,1,Yes,No,72,Yes,No,DSL,No,No,No,No,No,Yes,Two year,Yes,Electronic check,56.96,4116.4,No
2233-FSULY,Male,0,Yes,No,33,No,No phone service,Fiber optic,No,No,No,Yes,Yes,No,Month-to-month,No,Credit card (automatic),86.71,2862.12,No
9034-AEAHG,Male,0,No,Yes,33,Yes,Yes,DSL,No,Yes,No,No,No,Yes,Month-to-month,No,Mailed check,69.65,2284.64,No
1849-NIEWD,Female,0,No,No,12,Yes,No,DSL,No,No,Yes,Yes,No,Yes,Two year,No,Mailed check,64.07,768.4,No
2899-AXMAC,Male,0,Yes,No,20,Yes,No,Fiber optic,No,No,Yes,Yes,No,No,Month-to-month,Yes,Credit card (automatic),86.14,1724.79,Yes
2591-RYPTT,Male,0,Yes,No,6,Yes,Yes,No,No internet service,No internet service,No internet service,No internet service,No internet service,No internet service,One year,Yes,Mailed check,28.85,195.02,Yes
4742-PBQJG,Male,0,Yes,No,32,Yes,Yes,DSL,No,Yes,Yes,Yes,No,Yes,Two year,No,Electronic check,70.78,2268.73,No
6690-JSTIV,Male,0,Yes,No,1,Yes,No,Fiber optic,Yes,No,No,Yes,No,No,Month-to-month,No,Electronic check,91.85,83.02,Yes
6565-QIIEX,Female,0,No,No,12,No,No phone service,DSL,Yes,No,Yes,Yes,Yes,Yes,Month-to-month,Yes,Bank transfer (automatic),76.95,933.75,No
7950-KHYNB,Male,0,Yes,Yes,42,Yes,No,Fiber optic,Yes,No,Yes,No,Yes,No,Two year,No,Credit card (automatic),93.33,3935.62,Yes
9457-UXPPS,Female,1,No,No,72,Yes,No,Fiber optic,No,No,Yes,No,No,No,Month-to-month,Yes,Electronic check,82.76,5961.17,No
1954-KFFGP,Male,0,Yes,No,28,Yes,No,Fiber optic,No,No,Yes,Yes,No,Yes,One year,Yes,Mailed check,98.89,2756.01,No
7668-CXXIX,Male,0,Yes,No,5,No,No phone service,Fiber optic,Yes,No,Yes,Yes,Yes,No,Month-to-month,Yes,Bank transfer (automatic),82.64,416.63,No
2058-FYQCB,Male,0,Yes,No,20,Yes,No,Fiber optic,No,No,No,No,Yes,No,Two year,No,Electronic check,89.95,1817.08,Yes
3519-FJKPP,Female,0,No,No,19,No,No phone service,DSL,No,Yes,Yes,Yes,No,No,Month-to-month,No,Electronic check,56.71,1089.18,No
8703-RVWXI,Female,0,No,Yes,72,Yes,No,DSL,Yes,Yes,No,Yes,Yes,Yes,Month-to-month,Yes,Electronic check,92.78,6699.76,No
7420-SBXAZ,Male,0,No,No,44,Yes,No,Fiber optic,No,No,No,Yes,Yes,No,Month-to-month,No,Electronic check,91.07,4010.88,No
1175-VRCXA,Male,0,No,No,1,Yes,No,DSL,No,No,No,No,No,No,Month-to-month,No,Mailed check,54.86,73.84,No
5357-SVSKH,Male,0,Yes,Yes,5,Yes,Yes,Fiber optic,No,No,No,No,Yes,Yes,One year,No,Mailed check,88.72,440.51,No
1947-IOUND,Male,0,Yes,No,44,Yes,Yes,DSL,No,No,No,No,No,Yes,Month-to-month,No,Mailed check,60.68,2652.59,Yes
4191-XHTQB,Male,0,Yes,No,72,Yes,No,No,No internet service,No internet service,No internet service,No internet service,No internet service,No internet service,One year,No,Mailed check,22.44,1599.96,No
1531-PJBKJ,Male,0,Yes,Yes,8,Yes,No,DSL,No,Yes,No,No,No,No,Month-to-month,No,Electronic check,64.01,522.19,Yes
2437-SYYNK,Male,0,No,No,28,No,No phone service,Fiber optic,Yes,Yes,Yes,No,No,No,Month-to-month,Yes,Bank transfer (automatic),83.94,2353.79,No
9808-GOTQC,Female,0,Yes,Yes,8,Yes,Yes,DSL,Yes,No,Yes,No,No,Yes,Month-to-month,No,Bank transfer (automatic),70.24,568.24,No
4310-NHDZJ,Female,0,Yes,No,1,Yes,No,DSL,No,No,No,No,Yes,Yes,Month-to-month,No,Electronic check,66.46,77.36,No
3465-NHWJY,Male,0,Yes,No,42,Yes,Yes,No,No internet service,No internet service,No internet service,No internet service,No internet service,No internet service,One year,Yes,Electronic check,27.5,1147.4,Yes
9817-OEVMR,Male,0,Yes,No,32,Yes,No,DSL,Yes,No,No,No,Yes,No,Month-to-month,No,Electronic check,62.81,2021.36,No
3781-DOHON,Male,0,No,Yes,1,Yes,No,Fiber optic,Yes,Yes,No,Yes,No,No,Month-to-month,Yes,Mailed check,92.56,75.69,Yes
3274-ZOXQY,Male,0,Yes,No,3,Yes,No,DSL,Yes,No,Yes,Yes,No,Yes,Month-to-month,Yes,Mailed check,72.07,224.78,No
7799-DKYHC,Male,0,Yes,Yes,72,Yes,Yes,DSL,Yes,Yes,No,No,Yes,No,One year,No,Electronic check,66.6,4789.24,No
4522-DYDKS,Male,0,No,No,25,Yes,Yes,DSL,No,Yes,No,No,No,Yes,Two year,Yes,Electronic check,61.77,1549.6,No
4381-QJXQP,Female,0,Yes,Yes,38,Yes,No,Fiber optic,No,No,Yes,Yes,Yes,No,Two year,Yes,Electronic check,86.81,3297.13,No
1339-VFGNK,Female,0,No,No,11,Yes,Yes,DSL,No,Yes,No,Yes,Yes,Yes,Month-to-month,Yes,Bank transfer (automatic),67.77,739.45,No
8691-NEETV,Female,0,No,No,17,Yes,No,DSL,No,Yes,No,No,Yes,Yes,Month-to-month,No,Electronic check,61.65,1065.65,No
6049-OZAYX,Male,0,No,Yes,23,Yes,No,Fiber optic,No,No,No,Yes,Yes,No,Month-to-month,No,Mailed check,92.04,2114.3,No
2224-CZDPG,Female,0,Yes,No,39,Yes,No,DSL,No,Yes,No,No,Yes,No,Month-to-month,Yes,Electronic check,68.85,2688.26,No
5245-NPRPP,Male,0,No,No,9,Yes,Yes,Fiber optic,Yes,No,No,No,Yes,No,Month-to-month,No,Bank transfer (automatic),79.51,719.15,No
9073-GYOIG,Female,0,No,No,26,Yes,Yes,No,No internet service,No internet service,No internet service,No internet service,No internet service,No internet service,Month-to-month,Yes,Electronic check,34.05,886.68,No
5090-XPZCQ,Male,0,No,No,35,Yes,Yes,No,No internet service,No internet service,No internet service,No internet service,No internet service,No internet service,Month-to-month,No,Mailed check,21.72,770.45,No
3134-HBYTZ,Female,0,Yes,Yes,39,Yes,No,No,No internet service,No internet service,No internet service,No internet service,No internet service,No internet service,Month-to-month,No,Credit card (automatic),19.95,776.27,No
1122-YCHBS,Male,0,Yes,Yes,16,Yes,Yes,Fiber optic,No,Yes,Yes,Yes,Yes,No,Month-to-month,Yes,Bank transfer (automatic),100.2,1582.44,No
3352-ETQJI,Female,0,No,No,15,Yes,Yes,DSL,No,No,No,No,Yes,No,Month-to-month,No,Credit card (automatic),56.08,858.51,No
7405-KBWLL,Female,0,No,No,2,Yes,No,Fiber optic,Yes,No,No,Yes,No,No,Month-to-month,Yes,Bank transfer (automatic),83.86,156.79,No
7037-XLURM,Female,0,No,No,16,Yes,No,DSL,Yes,No,Yes,No,Yes,No,Two year,No,Credit card (automatic),66.64,1057.14,No
9271-DLQAV,Male,0,No,No,29,Yes,Yes,Fiber optic,No,No,No,No,No,No,Two year,Yes,Bank transfer (automatic),81.84,2376.71,No
6566-RVPAJ,Male,0,Yes,No,60,Yes,No,No,No internet service,No internet service,No internet service,No internet service,No internet service,No internet service,One year,No,Electronic check,24.68,1472.33,No
3002-PNYBX,Male,1,No,No,3,Yes,No,No,No internet service,No internet service,No internet service,No internet service,No internet service,No internet service,Two year,Yes,Bank transfer (automatic),25.65,82.26,Yes
6867-DVXDE,Male,0,Yes,Yes,72,Yes,No,DSL,No,No,Yes,No,No,No,One year,Yes,Credit card (automatic),59.44,4265.03,No
2353-TAUHG,Male,0,No,No,6,Yes,No,DSL,No,No,No,No,No,Yes,Month-to-month,Yes,Credit card (automatic),52.92,313.02,No
4620-COQWM,Female,1,Yes,Yes,4,Yes,Yes,Fiber optic,No,No,No,No,Yes,No,Month-to-month,Yes,Bank transfer (automatic),84.38,342.59,No
1690-TNUML,Male,0,No,No,2,No,No phone service,DSL,No,No,No,No,Yes,Yes,Month-to-month,No,Credit card (automatic),55.52,118.03,No
4708-WICKJ,Male,0,Yes,No,72,Yes,No,No,No internet service,No internet service,No internet service,No internet service,No internet service,No internet service,Month-to-month,Yes,Bank transfer (automatic),28.78,2073.21,No
4008-QZMNA,Male,0,No,No,19,Yes,No,DSL,Yes,Yes,No,No,No,No,Month-to-month,Yes,Bank transfer (automatic),53.38,1026.86,No
2399-DBSZE,Female,0,Yes,Yes,7,Yes,Yes,Fiber optic,No,No,No,No,No,No,Month-to-month,No,Bank transfer (automatic),72.81,509.69,No
6320-XMLSI,Female,0,No,No,9,Yes,Yes,Fiber optic,Yes,Yes,No,No,No,No,Month-to-month,Yes,Electronic check,85.81,759.08,Yes
9649-SJLNH,Female,0,Yes,No,72,Yes,Yes,DSL,Yes,No,Yes,Yes,No,Yes,Month-to-month,Yes,Electronic check,65.24,4701.12,No
8983-QTDFL,Male,0,No,Yes,55,Yes,No,Fiber optic,No,Yes,No,Yes,Yes,No,Month-to-month,No,Bank transfer (automatic),91.72,5033.03,No
4185-GEJFN,Male,0,No,No,10,Yes,No,No,No internet service,No internet service,No internet service,No internet service,No internet service,No internet service,Month-to-month,Yes,Credit card (automatic),23.7,249.4,No
7853-NLVZL,Female,1,Yes,No,1,Yes,No,DSL,No,No,Yes,No,No,No,One year,Yes,Bank transfer (automatic),58.59,72.29,No
1135-JPTZH,Male,0,Yes,No,43,Yes,Yes,DSL,Yes,Yes,No,No,Yes,Yes,Month-to-month,Yes,Electronic check,84.07,3623.08,Yes
8656-MTQSQ,Male,0,No,No,58,Yes,No,DSL,No,No,No,No,Yes,No,Month-to-month,Yes,Electronic check,58.5,3391.23,No
1870-ATNQM,Male,0,Yes,No,43,Yes,No,Fiber optic,No,Yes,Yes,Yes,No,No,One year,No,Electronic check,85.83,3682.22,No
9673-NAEGS,Male,0,Yes,No,58,Yes,No,DSL,Yes,No,Yes,No,Yes,No,Two year,No,Credit card (automatic),64.52,3733.93,No
6549-XNOEE,Male,1,No,No,20,Yes,Yes,Fiber optic,No,No,No,No,Yes,No,Two year,Yes,Bank transfer (automatic),81.05,1637.95,No
6684-XBRXI,Female,0,No,No,43,Yes,No,Fiber optic,No,Yes,Yes,No,Yes,No,Month-to-month,No,Bank transfer (automatic),93.97,4033.83,Yes
6019-JZRDH,Female,0,Yes,No,69,Yes,Yes,No,No internet service,No internet service,No internet service,No internet service,No internet service,No internet service,Month-to-month,Yes,Electronic check,26.38,1827.8,No
6587-ZQPRG,Female,0,No,Yes,52,Yes,No,Fiber optic,No,Yes,No,No,No,Yes,Month-to-month,Yes,Electronic check,91.91,4777.62,No
4648-ARDWT,Male,0,No,No,21,Yes,Yes,DSL,No,No,No,Yes,Yes,No,One year,No,Credit card (automatic),58.69,1227.24,Yes
7018-FMWGX,Female,0,No,No,32,Yes,Yes,No,No internet service,No internet service,No internet service,No internet service,No internet service,No internet service,Month-to-month,Yes,Credit card (automatic),20.2,626.47,No
6180-DAFXE,Male,0,No,No,30,No,No phone service,DSL,No,No,No,No,No,Yes,One year,Yes,Electronic check,42.72,1279.44,No
5652-SDXFM,Female,0,Yes,No,38,Yes,No,No,No internet service,No internet service,No internet service,No internet service,No internet service,No internet service,Two year,Yes,Credit card (automatic),24.63,959.48,No
5124-EMYJC,Male,0,No,Yes,6,Yes,No,DSL,No,No,No,No,No,No,Two year,Yes,Electronic check,50.22,287.95,No
6272-MLDJZ,Male,0,Yes,No,0,Yes,No,DSL,Yes,No,No,No,Yes,No,Month-to-month,Yes,Credit card (automatic),68.49, ,No
2602-QIARI,Female,0,Yes,No,17,Yes,Yes,Fiber optic,No,Yes,No,Yes,Yes,No,Two year,No,Electronic check,89.43,1522.7,No
6812-TYIBS,Female,0,Yes,No,34,Yes,Yes,Fiber optic,No,Yes,No,No,Yes,No,One year,Yes,Mailed check,80.19,2733.24,No
1027-PCPUM,Female,0,No,No,3,Yes,No,DSL,Yes,Yes,No,No,No,No,Month-to-month,No,Bank transfer (automatic),63.92,188.79,No
8977-VRFFR,Male,0,No,No,18,No,No phone service,No,No internet service,No internet service,No internet service,No internet service,No internet service,No internet service,Month-to-month,Yes,Electronic check,23.58,410.46,No
5261-VMNUG,Female,0,No,No,9,Yes,No,Fiber optic,Yes,Yes,Yes,Yes,No,No,Month-to-month,Yes,Electronic check,93.34,847.5,Yes
2356-OLUAY,Female,1,No,Yes,43,Yes,Yes,DSL,No,No,No,No,Yes,Yes,Two year,No,Electronic check,66.72,2860.17,No
2745-ZVHBD,Female,1,Yes,Yes,2,No,No phone service,Fiber optic,Yes,Yes,Yes,No,No,Yes,Month-to-month,No,Credit card (automatic),91.9,189.38,No
7257-YZMOB,Female,0,Yes,No,45,Yes,No,No,No internet service,No internet service,No internet service,No internet service,No internet service,No internet service,One year,Yes,Bank transfer (automatic),30.37,1370.85,No
8465-BULEL,Male,0,Yes,Yes,22,Yes,Yes,DSL,No,Yes,No,Yes,Yes,No,Two year,Yes,Electronic check,72.83,1598.6,No
5310-ABPVB,Male,1,No,No,60,Yes,No,No,No internet service,No internet service,No internet service,No internet service,No internet service,No internet service,One year,No,Bank transfer (automatic),18.47,1117.24,No
7671-TZPFM,Male,0,No,No,65,Yes,Yes,DSL,No,Yes,Yes,No,No,No,Two year,Yes,Bank transfer (automatic),59.56,3869.7,No
1553-EHFET,Female,0,Yes,Yes,39,Yes,Yes,DSL,No,No,Yes,Yes,No,Yes,Month-to-month,Yes,Mailed check,72.45,2834.24,Yes
1149-FVQFQ,Female,0,No,Yes,18,Yes,Yes,DSL,No,Yes,No,No,Yes,Yes,Two year,No,Bank transfer (automatic),64.07,1155.36,No
3736-QMVGV,Female,0,No,No,3,Yes,Yes,DSL,Yes,No,Yes,Yes,Yes,Yes,Two year,No,Electronic check,78.95,242.73,No
1084-FNPCI,Male,0,No,No,6,Yes,No,DSL,No,Yes,No,No,No,No,Two year,No,Electronic check,65.18,391.86,No
7749-JJWCA,Female,0,Yes,No,12,Yes,No,DSL,Yes,No,Yes,No,No,No,One year,No,Electronic check,63.38,761.11,No
4906-YEGCD,Male,0,No,No,31,Yes,No,Fiber optic,No,No,Yes,No,No,No,Month-to-month,Yes,Credit card (automatic),78.69,2437.12,No
1542-BNEUB,Female,0,Yes,Yes,18,No,No phone service,DSL,Yes,No,No,Yes,No,Yes,Month-to-month,Yes,Credit card (automatic),66.22,1183.36,No
7890-VJTAS,Male,0,Yes,No,13,Yes,No,Fiber optic,No,No,No,No,Yes,Yes,Month-to-month,Yes,Electronic check,93.41,1214.35,Yes
9566-VNAYI,Male,1,Yes,No,15,No,No phone service,No,No internet service,No internet service,No internet service,No internet service,No internet service,No internet service,Month-to-month,Yes,Bank transfer (automatic),30.96,471.44,No
2360-NMMFG,Female,1,Yes,No,32,Yes,No,DSL,Yes,No,Yes,Yes,Yes,Yes,Month-to-month,No,Credit card (automatic),82.71,2639.31,No
3625-ZHXFY,Female,0,No,No,0,Yes,No,Fiber optic,No,No,No,No,Yes,No,One year,No,Mailed check,80.98, ,No
3737-VWFKC,Male,0,No,No,14,Yes,No,DSL,Yes,Yes,No,Yes,No,No,Month-to-month,No,Credit card (automatic),67.21,930.2,No
6508-XVBOP,Male,0,No,No,20,Yes,No,Fiber optic,No,Yes,Yes,Yes,No,No,Month-to-month,No,Mailed check,90.95,1822.03,No
5207-XDPQB,Female,0,No,No,21,Yes,No,Fiber optic,No,Yes,Yes,Yes,No,Yes,Month-to-month,Yes,Credit card (automatic),98.09,2053.56,No
7351-DGRFR,Male,0,Yes,No,23,Yes,No,No,No internet service,No internet service,No internet service,No internet service,No internet service,No internet service,Month-to-month,No,Bank transfer (automatic),27.13,620.64,No
9411-GBSID,Female,1,No,No,1,Yes,No,No,No internet service,No internet service,No internet service,No internet service,No internet service,No internet service,Month-to-month,No,Mailed check,26.54,15.86,No
7285-EYGHO,Female,0,No,Yes,19,Yes,Yes,DSL,Yes,No,Yes,Yes,No,Yes,One year,Yes,Mailed check,68.7,1311.18,No
3042-SKTWD,Male,0,No,Yes,19,Yes,No,Fiber optic,No,Yes,Yes,No,No,Yes,Month-to-month,Yes,Electronic check,95.05,1809.51,No
1909-ZFYPR,Male,0,Yes,Yes,46,Yes,Yes,DSL,Yes,No,No,Yes,No,No,Month-to-month,Yes,Mailed check,56.18,2580.13,No
3560-HAASU,Female,0,Yes,Yes,34,Yes,No,Fiber optic,Yes,No,Yes,Yes,No,No,One year,No,Mailed check,87.12,2979.42,No
5476-YJRLQ,Male,0,No,Yes,0,Yes,No,No,No internet service,No internet service,No internet service,No internet service,No internet service,No internet service,Two year,Yes,Electronic check,18.25, ,No
9736-HJZJR,Male,0,Yes,No,19,Yes,No,DSL,No,Yes,No,Yes,No,Yes,Month-to-month,No,Mailed check,69.22,1292.77,No
2084-IYBCB,Female,0,Yes,Yes,28,No,No phone service,Fiber optic,No,No,No,No,Yes,Yes,Two year,No,Bank transfer (automatic),86.22,2409.44,No
3245-WLVSO,Male,0,Yes,No,20,Yes,No,Fiber optic,Yes,No,No,Yes,Yes,No,Two year,No,Credit card (automatic),85.21,1712.86,No
6835-RPBKL,Male,1,Yes,No,27,Yes,Yes,No,No internet service,No internet service,No internet service,No internet service,No internet service,No internet service,Month-to-month,Yes,Electronic check,18.25,495.13,No
9804-XFYKU,Male,0,No,No,2,Yes,Yes,DSL,Yes,No,Yes,Yes,No,Yes,Month-to-month,No,Mailed check,71.69,145.04,Yes
2443-ILJNE,Male,0,No,No,4,Yes,No,DSL,No,No,Yes,No,No,No,Month-to-month,Yes,Mailed check,52.08,226.27,No
7212-PEERF,Female,0,Yes,No,20,Yes,No,DSL,Yes,No,No,Yes,Yes,Yes,Two year,No,Credit card (automatic),71.52,1424.88,No
8732-RJOXV,Male,0,Yes,No,38,Yes,No,Fiber optic,No,No,Yes,No,Yes,No,One year,Yes,Electronic check,82.31,3122.03,No
3570-ZSYMT,Male,0,Yes,Yes,0,Yes,No,Fiber optic,No,No,Yes,Yes,Yes,No,One year,No,Electronic check,91.15, ,No
1898-PGLOH,Male,0,Yes,No,13,Yes,No,DSL,No,No,No,Yes,No,No,Two year,Yes,Mailed check,65.18,853.37,No
3032-AUHNJ,Male,0,Yes,Yes,72,Yes,Yes,Fiber optic,Yes,Yes,Yes,Yes,Yes,Yes,Month-to-month,Yes,Electronic check,117.41,8440.79,No
5570-SHSDJ,Female,0,No,No,34,Yes,Yes,Fiber optic,Yes,Yes,Yes,No,Yes,No,Month-to-month,No,Bank transfer (automatic),93.5,3194.88,No
9246-CDPXD,Female,0,Yes,No,14,No,No phone service,DSL,No,Yes,Yes,No,No,Yes,Two year,Yes,Credit card (automatic),58.76,817.26,No
8256-TTMUQ,Female,0,No,No,2,Yes,No,Fiber optic,No,No,Yes,Yes,Yes,Yes,Month-to-month,No,Electronic check,88.56,177.66,Yes
6528-PYQFC,Male,0,Yes,No,10,Yes,Yes,No,No internet service,No internet service,No internet service,No internet service,No internet service,No internet service,Month-to-month,No,Electronic check,21.03,220.89,No
4763-XDHTI,Female,0,Yes,No,4,Yes,No,DSL,No,No,No,No,No,Yes,Month-to-month,Yes,Bank transfer (automatic),63.47,266.61,No
3101-AMZBW,Female,0,Yes,No,60,Yes,Yes,DSL,Yes,No,Yes,Yes,No,Yes,Two year,Yes,Credit card (automatic),65.39,3926.25,No
2929-WSQXM,Male,0,No,No,27,Yes,No,DSL,Yes,No,No,Yes,Yes,No,Two year,Yes,Mailed check,65.82,1775.56,Yes
2977-NKJGJ,Male,0,Yes,Yes,46,Yes,Yes,DSL,No,Yes,Yes,No,No,Yes,Month-to-month,Yes,Bank transfer (automatic),62.25,2861.43,No
4597-CMBQU,Female,0,No,Yes,54,Yes,Yes,Fiber optic,No,No,No,No,Yes,Yes,Month-to-month,No,Mailed check,92.54,4975.02,No
6826-ZOHFZ,Female,0,Yes,No,22,No,No phone service,DSL,No,No,No,No,No,No,Month-to-month,Yes,Mailed check,43.55,950.05,No
5671-IYKVB,Male,0,No,No,0,Yes,No,DSL,Yes,No,Yes,No,No,Yes,One year,No,Electronic check,62.36, ,Yes
8784-RSVRE,Male,0,No,No,19,Yes,Yes,Fiber optic,No,No,No,No,Yes,Yes,One year,No,Electronic check,102.62,1955.3,No
7225-LDOKS,Male,0,No,No,38,Yes,Yes,No,No internet service,No internet service,No internet service,No internet service,No internet service,No internet service,Month-to-month,No,Bank transfer (automatic),23.36,890.64,No
4205-MWJXY,Female,0,No,Yes,9,Yes,No,Fiber optic,Yes,No,Yes,No,No,Yes,Month-to-month,Yes,Electronic check,100.84,900.98,Yes
1877-DTWLO,Male,0,Yes,No,63,No,No phone service,Fiber optic,No,Yes,No,No,No,No,Two year,No,Mailed check,82.62,5191.04,No
8513-JKIKB,Female,0,No,Yes,72,Yes,No,Fiber optic,Yes,No,No,No,Yes,No,Month-to-month,No,Mailed check,93.98,6773.69,No
4052-VZZHU,Female,0,No,No,19,Yes,No,Fiber optic,No,Yes,Yes,No,No,Yes,Month-to-month,No,Electronic check,89.39,1686.18,No
3324-HAFZM,Female,0,Yes,Yes,18,No,No phone service,Fiber optic,No,No,No,No,Yes,No,One year,No,Credit card (automatic),71.83,1300.2,No
4291-FOWPD,Male,1,Yes,No,25,Yes,No,Fiber optic,Yes,No,Yes,No,Yes,Yes,Month-to-month,Yes,Mailed check,104.06,2601.95,No
7073-QILVS,Female,1,No,Yes,20,Yes,Yes,No,No internet service,No internet service,No internet service,No internet service,No internet service,No internet service,Month-to-month,No,Mailed check,24.58,491.8,No
1691-ZLVFL,Female,0,Yes,No,4,Yes,Yes,DSL,Yes,No,No,No,No,Yes,Month-to-month,Yes,Electronic check,67.22,265.05,Yes
4123-EUCBH,Female,0,No,Yes,7,Yes,No,DSL,No,Yes,Yes,Yes,No,No,Month-to-month,Yes,Electronic check,67.53,478.18,Yes
9767-JKINE,Female,1,Yes,No,5,Yes,No,Fiber optic,Yes,Yes,No,Yes,No,No,Month-to-month,No,Electronic check,88.71,445.87,No
5954-IDBSA,Male,0,No,No,1,Yes,Yes,No,No internet service,No internet service,No internet service,No internet service,No internet service,No internet service,Month-to-month,Yes,Mailed check,25.17,29.74,No
6076-ALKAN,Female,0,Yes,No,3,Yes,No,No,No internet service,No internet service,No internet service,No internet service,No internet service,No internet service,Month-to-month,Yes,Bank transfer (automatic),24.26,80.84,No
6050-KGBOH,Male,1,No,No,72,Yes,No,DSL,Yes,Yes,Yes,No,No,No,One year,Yes,Credit card (automatic),61.41,4428.18,No
9819-YOZHJ,Male,0,Yes,No,19,Yes,No,DSL,No,Yes,No,Yes,Yes,Yes,Month-to-month,Yes,Mailed check,70.18,1344.3,No
7066-CTNII,Female,0,No,No,3,Yes,No,Fiber optic,No,No,No,No,Yes,No,Month-to-month,Yes,Bank transfer (automatic),83.01,242.65,No
6575-KHLJW,Female,0,No,Yes,29,Yes,No,No,No internet service,No internet service,No internet service,No internet service,No internet service,No internet service,Two year,No,Electronic check,26.69,781.74,No
8811-PTFIW,Male,0,No,No,15,Yes,No,DSL,No,No,Yes,No,No,Yes,Two year,No,Credit card (automatic),66.06,999.45,Yes
4796-XFQQY,Male,1,Yes,No,6,Yes,No,Fiber optic,No,No,Yes,No,Yes,Yes,Month-to-month,Yes,Credit card (automatic),96.12,560.96,No
3047-XVMQN,Male,0,No,No,68,Yes,No,Fiber optic,No,No,No,No,No,No,Month-to-month,Yes,Bank transfer (automatic),66.51,4522.35,No
7881-ZSZCB,Male,0,Yes,No,6,Yes,Yes,DSL,Yes,Yes,No,No,Yes,No,One year,Yes,Electronic check,67.77,390.85,No
2025-VGDQF,Female,0,No,No,2,Yes,Yes,No,No internet service,No internet service,No internet service,No internet service,No internet service,No internet service,One year,Yes,Electronic check,21.2,37.92,No
5563-FITZD,Female,0,No,Yes,5,Yes,Yes,DSL,No,No,Yes,No,No,No,Month-to-month,Yes,Credit card (automatic),57.83,300.46,Yes
8321-ESJRO,Female,0,Yes,No,58,Yes,Yes,No,No internet service,No internet service,No internet service,No internet service,No internet service,No internet service,Month-to-month,No,Bank transfer (automatic),23.95,1384.91,No
6816-AEEHV,Female,0,Yes,No,46,Yes,Yes,DSL,No,No,No,Yes,No,No,Month-to-month,Yes,Electronic check,51.8,2397.55,No
4477-TOQSM,Male,0,No,Yes,53,No,No phone service,No,No internet service,No internet service,No internet service,No internet service,No internet service,No internet service,One year,Yes,Mailed check,26.58,1403.62,No
1633-VUJQE,Male,1,Yes,No,59,Yes,No,Fiber optic,Yes,Yes,Yes,Yes,Yes,No,One year,Yes,Bank transfer (automatic),100.65,5921.91,No
9785-QDVGY,Female,0,No,No,1,Yes,Yes,DSL,No,No,Yes,No,No,No,Month-to-month,Yes,Mailed check,59.84,72.94,Yes
6988-HHKIS,Female,0,No,No,29,Yes,No,Fiber optic,Yes,No,No,No,No,Yes,Month-to-month,Yes,Mailed check,96.61,2798.94,Yes
5274-IWTQP,Female,0,No,No,26,Yes,No,DSL,No,No,No,No,Yes,Yes,Month-to-month,Yes,Mailed check,56.86,1473.63,No
6734-ZVCUS,Male,0,Yes,No,72,Yes,No,DSL,Yes,No,Yes,Yes,Yes,No,Month-to-month,Yes,Credit card (automatic),67.83,4888.23,No
9807-EZZFB,Female,0,No,Yes,30,Yes,Yes,DSL,No,No,No,Yes,No,No,Month-to-month,Yes,Credit card (automatic),51.7,1548.16,No
5407-YSMFF,Male,0,Yes,Yes,37,Yes,No,No,No internet service,No internet service,No internet service,No internet service,No internet service,No internet service,Month-to-month,No,Credit card (automatic),27.61,1015.56,No
2473-ZXEKK,Male,0,No,Yes,30,Yes,Yes,DSL,No,Yes,Yes,No,No,Yes,Two year,No,Electronic check,68.92,2068.16,No
5557-MHOLC,Male,0,Yes,Yes,23,Yes,Yes,Fiber optic,No,No,Yes,No,No,No,Month-to-month,Yes,Electronic check,77.28,1785.71,No
5564-WEFBH,Male,0,Yes,No,19,Yes,Yes,Fiber optic,Yes,Yes,No,No,Yes,No,One year,Yes,Bank transfer (automatic),87.71,1668.97,Yes
3852-VQZBK,Female,0,Yes,Yes,72,Yes,Yes,No,No internet service,No internet service,No internet service,No internet service,No internet service,No internet service,One year,No,Bank transfer (automatic),25.74,1849.57,No
2955-KIFXB,Male,0,Yes,No,66,Yes,Yes,DSL,No,No,No,No,Yes,Yes,Two year,Yes,Electronic check,64.05,4221.91,No
9302-ELMQD,Male,0,No,No,13,Yes,No,No,No internet service,No internet service,No internet service,No internet service,No internet service,No internet service,One year,Yes,Credit card (automatic),21.85,285.06,No
1554-PKIBG,Female,0,No,No,8,Yes,No,Fiber optic,No,No,Yes,No,Yes,No,Month-to-month,Yes,Credit card (automatic),92.99,762.68,Yes
3226-RTGWI,Female,0,No,No,17,No,No phone service,Fiber optic,No,Yes,Yes,No,Yes,Yes,One year,Yes,Mailed check,97.77,1665.52,No
3347-CWVZP,Male,1,No,No,32,Yes,Yes,No,No internet service,No internet service,No internet service,No internet service,No internet service,No internet service,One year,No,Bank transfer (automatic),20.61,653.89,No
3774-ZEYWG,Female,0,Yes,No,12,Yes,No,DSL,No,No,No,Yes,No,No,Month-to-month,Yes,Mailed check,65.36,788.2,No
4739-SQPUX,Female,0,No,No,18,Yes,No,Fiber optic,No,Yes,Yes,No,No,Yes,Month-to-month,No,Electronic check,80.49,1435.73,Yes
9020-ZSYRS,Male,0,No,No,8,Yes,No,Fiber optic,No,Yes,Yes,No,Yes,No,Month-to-month,Yes,Electronic check,95.51,740.94,Yes
1763-DZADD,Female,0,Yes,No,13,Yes,No,No,No internet service,No internet service,No internet service,No internet service,No internet service,No internet service,Month-to-month,Yes,Electronic check,24.21,307.25,Yes
4719-BWFWK,Male,1,Yes,Yes,72,Yes,Yes,No,No internet service,No internet service,No internet service,No internet service,No internet service,No internet service,Month-to-month,Yes,Credit card (automatic),23.46,1690.04,No
1109-UVIBY,Male,1,No,No,5,Yes,No,Fiber optic,Yes,No,No,Yes,No,No,Two year,No,Mailed check,71.01,357.41,No
6529-ADLEI,Female,0,No,No,72,Yes,No,DSL,No,No,Yes,No,Yes,No,Month-to-month,No,Credit card (automatic),59.23,4262.19,No
3494-VDPBP,Female,0,No,No,5,Yes,Yes,Fiber optic,No,No,No,No,No,No,Month-to-month,Yes,Credit card (automatic),69.88,357.17,Yes
8732-XXVKA,Female,1,No,No,9,Yes,Yes,DSL,No,No,No,No,Yes,Yes,Two year,Yes,Bank transfer (automatic),65.22,588.2,No
2855-XDRQG,Male,0,Yes,No,2,Yes,No,Fiber optic,No,No,No,No,Yes,No,One year,Yes,Credit card (automatic),75.14,145.2,No
4529-ABQVC,Female,0,Yes,Yes,33,Yes,Yes,DSL,No,No,No,No,No,Yes,One year,Yes,Electronic check,58.82,1932.58,No
6072-LXLTJ,Male,0,No,No,0,Yes,No,No,No internet service,No internet service,No internet service,No internet service,No internet service,No internet service,Month-to-month,No,Electronic check,24.21, ,No
5350-VFGQL,Female,0,No,No,37,Yes,No,Fiber optic,No,Yes,No,No,No,No,Month-to-month,No,Bank transfer (automatic),85.04,3145.57,No
1990-RNKBU,Male,1,No,No,20,Yes,No,DSL,No,Yes,No,No,Yes,No,Two year,Yes,Credit card (automatic),66.64,1327.27,No
2376-KBPVC,Female,1,Yes,No,33,Yes,No,DSL,No,No,No,No,Yes,No,Two year,Yes,Mailed check,63.18,2074.51,No
9755-AUTHS,Male,0,No,Yes,36,Yes,Yes,DSL,No,No,No,No,Yes,No,Month-to-month,Yes,Electronic check,64.26,2293.2,No
7681-AZEAK,Female,0,No,No,3,Yes,No,DSL,No,No,No,Yes,No,Yes,One year,Yes,Bank transfer (automatic),54.23,151.09,No
3692-BMRZY,Female,0,Yes,No,0,Yes,No,Fiber optic,No,No,Yes,Yes,No,No,Month-to-month,No,Mailed check,76.1, ,No
8053-EXJTB,Female,0,Yes,No,4,Yes,No,DSL,No,No,No,No,No,Yes,Month-to-month,No,Bank transfer (automatic),52.17,194.35,Yes
9003-LKDKI,Female,0,Yes,No,11,Yes,Yes,No,No internet service,No internet service,No internet service,No internet service,No internet service,No internet service,Month-to-month,Yes,Electronic check,27.07,303.02,Yes
1201-FOJVU,Female,0,Yes,No,1,Yes,No,Fiber optic,Yes,Yes,No,No,No,Yes,One year,Yes,Bank transfer (automatic),91.9,83.87,No
6408-UVXTU,Male,0,No,Yes,14,Yes,Yes,No,No internet service,No internet service,No internet service,No internet service,No internet service,No internet service,Month-to-month,No,Mailed check,24.45,351.71,No
6887-DWZVN,Male,0,Yes,Yes,8,Yes,No,Fiber optic,No,No,No,No,Yes,No,Month-to-month,Yes,Electronic check,78.08,635.94,Yes
5051-VTHKO,Female,0,No,No,10,Yes,Yes,Fiber optic,Yes,No,No,No,Yes,No,Two year,Yes,Electronic check,84.13,838.4,No
2041-VXQFY,Male,0,No,No,67,Yes,Yes,Fiber optic,No,Yes,No,No,No,No,Month-to-month,Yes,Mailed check,74.24,4973.9,Yes
8455-OMZZR,Male,0,No,No,30,Yes,Yes,Fiber optic,No,No,Yes,Yes,Yes,No,Month-to-month,Yes,Electronic check,93.57,2805.65,Yes
9972-AREFA,Female,0,Yes,Yes,25,Yes,Yes,Fiber optic,No,Yes,No,No,No,Yes,Two year,Yes,Credit card (automatic),86.45,2160.44,No
9739-IOFYQ,Female,0,Yes,No,25,Yes,No,Fiber optic,No,No,Yes,Yes,Yes,Yes,One year,Yes,Electronic check,102.27,2569.49,Yes
6043-RVDIN,Male,0,No,No,19,No,No phone service,DSL,No,Yes,Yes,Yes,No,No,One year,Yes,Bank transfer (automatic),55.0,1051.44,No
3912-KALYI,Male,0,No,No,17,Yes,No,Fiber optic,No,No,Yes,Yes,No,No,One year,Yes,Mailed check,93.95,1586.7,No
8172-ORIMM,Female,0,Yes,No,51,Yes,No,Fiber optic,Yes,No,Yes,No,No,Yes,Month-to-month,Yes,Credit card (automatic),90.08,4576.55,Yes
8849-VGVET,Female,0,Yes,No,1,No,No phone service,No,No internet service,No internet service,No internet service,No internet service,No internet service,No internet service,Month-to-month,Yes,Electronic check,18.25,28.91,No
9870-TJJZY,Female,1,Yes,No,8,Yes,Yes,Fiber optic,Yes,Yes,Yes,No,Yes,Yes,Month-to-month,Yes,Bank transfer (automatic),112.7,885.7,Yes
7299-MOFTL,Male,0,No,Yes,2,Yes,Yes,No,No internet service,No internet service,No internet service,No internet service,No internet service,No internet service,Two year,Yes,Credit card (automatic),27.18,47.0,No
2554-KFABW,Female,0,No,No,0,Yes,No,DSL,Yes,Yes,Yes,No,No,Yes,One year,No,Credit card (automatic),73.49, ,No
5366-DEOKJ,Male,0,Yes,No,0,Yes,No,DSL,No,Yes,Yes,No,No,No,One year,Yes,Electronic check,54.13, ,Yes
2552-BTXJT,Female,0,No,No,0,Yes,Yes,DSL,Yes,No,Yes,Yes,No,No,One year,No,Electronic check,60.31, ,No
4613-CSECH,Female,0,Yes,No,27,Yes,No,Fiber optic,Yes,Yes,Yes,No,No,Yes,Month-to-month,Yes,Electronic check,106.22,2861.13,No
9219-LNGKH,Male,0,No,Yes,2,Yes,Yes,Fiber optic,No,No,Yes,Yes,No,No,Two year,No,Mailed check,83.92,156.51,No
6831-LOSPN,Female,1,No,No,5,No,No phone service,Fiber optic,No,No,No,Yes,No,No,One year,Yes,Bank transfer (automatic),78.57,402.59,No
3075-GHGRX,Male,1,No,No,13,Yes,Yes,Fiber optic,No,Yes,Yes,No,No,No,Month-to-month,Yes,Electronic check,75.26,972.87,No
6817-SDWCQ,Male,1,No,No,7,Yes,Yes,Fiber optic,No,Yes,No,Yes,No,Yes,Month-to-month,Yes,Bank transfer (automatic),88.67,637.9,No
1373-SOZFZ,Male,1,Yes,No,40,Yes,No,Fiber optic,Yes,No,Yes,No,Yes,No,Two year,Yes,Electronic check,92.83,3694.91,No
2573-KTTJZ,Female,0,No,Yes,23,Yes,Yes,DSL,No,No,No,Yes,No,Yes,Two year,Yes,Bank transfer (automatic),63.22,1444.68,No
9561-NDLTW,Female,0,No,No,9,Yes,Yes,DSL,No,No,Yes,No,No,No,Month-to-month,Yes,Credit card (automatic),60.07,530.66,No
6447-GZIXY,Female,0,No,No,9,Yes,No,DSL,No,No,No,Yes,No,No,Month-to-month,Yes,Mailed check,51.54,460.97,No
3576-JCUYH,Male,0,Yes,No,27,Yes,Yes,No,No internet service,No internet service,No internet service,No internet service,No internet service,No internet service,One year,Yes,Mailed check,18.25,492.61,No
6389-ZGPRK,Female,0,Yes,No,4,No,No phone service,Fiber optic,Yes,Yes,No,Yes,Yes,Yes,Month-to-month,No,Bank transfer (automatic),92.79,372.89,Yes
8699-UNUMD,Female,1,Yes,Yes,7,Yes,No,DSL,No,No,No,No,No,No,Two year,Yes,Credit card (automatic),48.48,337.05,No
4550-TKRAL,Female,0,Yes,Yes,10,Yes,No,Fiber optic,No,No,Yes,Yes,No,Yes,Two year,No,Credit card (automatic),97.76,977.64,No
1166-LAVDR,Female,0,Yes,No,14,Yes,No,DSL,No,No,Yes,No,Yes,Yes,Month-to-month,Yes,Mailed check,74.76,1044.27,No
8342-CGFOO,Female,0,Yes,No,5,Yes,No,Fiber optic,No,No,Yes,Yes,No,No,Two year,Yes,Credit card (automatic),89.3,451.63,No
3151-VAZMW,Male,0,No,No,4,Yes,Yes,No,No internet service,No internet service,No internet service,No internet service,No internet service,No internet service,Month-to-month,Yes,Electronic check,26.82,122.82,No
2879-UMKDG,Female,0,No,No,72,Yes,No,Fiber optic,Yes,No,No,Yes,Yes,Yes,Month-to-month,No,Electronic check,101.97,7338.29,No
2803-MVLPF,Female,1,Yes,No,58,Yes,No,Fiber optic,No,No,Yes,Yes,No,No,Month-to-month,No,Credit card (automatic),84.28,4892.34,No
2037-SPZDE,Female,0,Yes,No,17,Yes,Yes,No,No internet service,No internet service,No internet service,No internet service,No internet service,No internet service,Two year,Yes,Mailed check,28.61,467.57,No
5264-XCVJQ,Male,0,No,Yes,34,Yes,No,Fiber optic,No,No,Yes,Yes,Yes,Yes,Two year,Yes,Electronic check,108.91,3705.36,No
7121-LWGRS,Female,1,Yes,No,26,Yes,Yes,Fiber optic,No,No,Yes,Yes,Yes,No,One year,Yes,Mailed check,92.25,2415.7,No
4814-LVGJY,Male,0,No,Yes,1,Yes,Yes,No,No internet service,No internet service,No internet service,No internet service,No internet service,No internet service,Two year,Yes,Mailed check,22.89,35.39,No
9951-VTJYW,Male,0,No,No,17,Yes,No,Fiber optic,Yes,Yes,Yes,No,No,No,Month-to-month,No,Electronic check,87.04,1486.05,No
8428-RIPGY,Female,0,Yes,No,4,Yes,Yes,Fiber optic,Yes,No,Yes,No,No,No,One year,Yes,Electronic check,78.39,297.13,No
9922-YJEGE,Male,0,No,Yes,21,Yes,No,Fiber optic,No,No,Yes,Yes,Yes,Yes,Month-to-month,Yes,Electronic check,101.76,2150.1,Yes
3766-SJHXI,Male,1,No,Yes,1,No,No phone service,Fiber optic,Yes,Yes,Yes,No,Yes,Yes,One year,Yes,Bank transfer (automatic),107.11,123.7,No
7666-VBCMK,Male,0,Yes,No,4,Yes,No,DSL,No,No,No,No,Yes,No,Month-to-month,Yes,Credit card (automatic),59.18,240.82,Yes
4726-FANRX,Female,0,No,Yes,36,Yes,No,DSL,No,No,No,No,Yes,No,Month-to-month,Yes,Electronic check,57.51,2092.29,Yes
7058-HVCNB,Male,0,No,Yes,44,Yes,No,DSL,Yes,No,No,No,Yes,Yes,Two year,Yes,Mailed check,73.74,3221.53,No
2084-PFANJ,Female,0,No,Yes,57,No,No phone service,No,No internet service,No internet service,No internet service,No internet service,No internet service,No internet service,Two year,No,Credit card (automatic),19.48,1111.32,No
3693-IGYBK,Female,0,No,Yes,54,No,No phone service,No,No internet service,No internet service,No internet service,No internet service,No internet service,No internet service,Two year,Yes,Electronic check,24.89,1332.5,No
4693-EIGYN,Male,0,No,No,57,Yes,Yes,Fiber optic,No,Yes,Yes,No,No,Yes,Two year,No,Bank transfer (automatic),90.52,5156.0,No
8802-PVPGJ,Male,0,No,No,2,Yes,No,DSL,No,No,No,No,Yes,No,One year,Yes,Electronic check,60.87,123.22,No
5052-FQABN,Male,0,No,No,25,Yes,No,DSL,No,No,Yes,No,No,No,Two year,No,Bank transfer (automatic),61.39,1528.95,No
8843-IWFQU,Female,0,No,No,28,Yes,Yes,DSL,Yes,No,Yes,No,Yes,Yes,Month-to-month,No,Bank transfer (automatic),75.85,2121.97,Yes
1106-DUIPC,Female,0,Yes,No,7,Yes,No,Fiber optic,No,Yes,No,No,No,No,Two year,Yes,Credit card (automatic),91.41,614.99,No
6303-CMSYU,Male,1,No,Yes,72,Yes,No,DSL,No,No,No,No,No,No,Two year,Yes,Electronic check,57.24,4129.76,No
2440-WWFVC,Male,0,Yes,Yes,8,Yes,No,No,No internet service,No internet service,No internet service,No internet service,No internet service,No internet service,One year,Yes,Electronic check,22.68,203.61,No
2615-JYQGM,Female,0,Yes,No,20,Yes,No,No,No internet service,No internet service,No internet service,No internet service,No internet service,No internet service,One year,Yes,Mailed check,25.73,529.7,Yes
4530-JGXFX,Female,0,Yes,No,49,Yes,No,Fiber optic,No,No,No,No,No,No,Month-to-month,Yes,Credit card (automatic),82.81,4053.26,No
2976-LDCFZ,Female,0,Yes,No,8,No,No phone service,DSL,No,No,Yes,Yes,No,No,Two year,No,Electronic check,51.43,405.55,No
4195-PMIZK,Male,0,Yes,No,22,Yes,No,Fiber optic,No,No,Yes,Yes,Yes,Yes,One year,No,Electronic check,102.47,2258.4,No
8198-UMWSC,Male,0,Yes,No,30,Yes,No,DSL,No,Yes,No,No,No,Yes,One year,Yes,Credit card (automatic),58.57,1763.81,No
9523-SHNVI,Female,0,No,No,23,Yes,Yes,Fiber optic,No,No,Yes,No,Yes,Yes,One year,No,Bank transfer (automatic),91.83,2140.13,No
3423-QFDDS,Female,0,Yes,Yes,12,Yes,No,No,No internet service,No internet service,No internet service,No internet service,No internet service,No internet service,Two year,No,Mailed check,21.06,270.53,No
6176-BQOJC,Male,0,Yes,No,69,Yes,No,Fiber optic,Yes,Yes,Yes,Yes,No,No,Month-to-month,Yes,Mailed check,100.83,6943.07,No
3035-DVAAR,Female,1,No,No,22,Yes,No,Fiber optic,No,No,Yes,No,No,No,Month-to-month,Yes,Electronic check,81.43,1794.67,Yes
1003-WVOYW,Male,0,No,No,6,Yes,No,No,No internet service,No internet service,No internet service,No internet service,No internet service,No internet service,Month-to-month,Yes,Credit card (automatic),24.12,153.34,No
9692-VJYQY,Female,0,Yes,No,39,Yes,Yes,DSL,Yes,No,No,No,Yes,No,Month-to-month,Yes,Mailed check,71.77,2798.42,No
4251-LPEPQ,Female,0,No,Yes,25,Yes,No,DSL,No,No,Yes,Yes,No,No,Month-to-month,Yes,Mailed check,57.52,1432.47,No
1054-OMHUB,Female,0,No,No,2,Yes,No,DSL,No,No,Yes,No,No,Yes,Month-to-month,Yes,Mailed check,65.83,130.54,Yes
6767-JGJYD,Female,0,Yes,No,7,Yes,Yes,Fiber optic,Yes,No,No,No,No,No,Month-to-month,Yes,Electronic check,75.69,542.21,Yes
3090-IDCKC,Male,0,No,No,4,Yes,Yes,DSL,No,Yes,No,Yes,No,Yes,Two year,Yes,Electronic check,62.99,244.05,Yes
3809-RZSNX,Female,0,No,No,1,Yes,Yes,No,No internet service,No internet service,No internet service,No internet service,No internet service,No internet service,Month-to-month,Yes,Bank transfer (automatic),34.92,40.97,No
4991-BBBJW,Female,0,No,No,6,Yes,No,No,No internet service,No internet service,No internet service,No internet service,No internet service,No internet service,Two year,Yes,Bank transfer (automatic),25.27,152.25,No
7798-VLKQR,Male,0,Yes,No,7,Yes,No,No,No internet service,No internet service,No internet service,No internet service,No internet service,No internet service,Two year,No,Bank transfer (automatic),26.03,185.53,Yes
2037-QOLPW,Male,0,Yes,No,15,Yes,No,Fiber optic,Yes,Yes,Yes,Yes,No,Yes,Month-to-month,Yes,Mailed check,106.21,1584.69,No
7287-BHGAD,Male,0,Yes,Yes,72,Yes,Yes,Fiber optic,No,Yes,No,No,Yes,No,Month-to-month,No,Bank transfer (automatic),83.06,5977.45,Yes
2194-TGRDQ,Female,0,Yes,No,68,Yes,No,No,No internet service,No internet service,No internet service,No internet service,No internet service,No internet service,One year,No,Mailed check,22.11,1496.69,No
9316-KKTKO,Male,0,Yes,No,33,Yes,No,DSL,Yes,No,No,No,Yes,No,Month-to-month,Yes,Credit card (automatic),64.63,2136.12,No
9621-QBRPL,Female,0,No,No,24,Yes,No,Fiber optic,No,Yes,No,No,Yes,Yes,One year,No,Mailed check,102.72,2472.58,No
9553-PCHVV,Male,0,No,No,70,Yes,Yes,Fiber optic,Yes,No,Yes,Yes,No,No,Month-to-month,Yes,Electronic check,89.77,6283.04,No
4223-BVANY,Female,0,Yes,No,3,Yes,No,Fiber optic,No,Yes,Yes,No,Yes,No,Month-to-month,Yes,Mailed check,81.25,250.1,Yes
7115-DICEA,Male,0,Yes,Yes,9,Yes,No,No,No internet service,No internet service,No internet service,No internet service,No internet service,No internet service,Month-to-month,No,Credit card (automatic),30.69,285.53,No
5533-SAJVL,Male,0,Yes,Yes,19,Yes,No,Fiber optic,No,Yes,No,No,No,No,One year,Yes,Credit card (automatic),77.62,1475.74,No
4297-PHNOP,Male,0,Yes,No,40,No,No phone service,No,No internet service,No internet service,No internet service,No internet service,No internet service,No internet service,Month-to-month,Yes,Bank transfer (automatic),18.25,716.3,No
2674-LBDCI,Female,0,No,No,23,Yes,No,DSL,Yes,No,No,No,No,No,Month-to-month,No,Electronic check,57.22,1316.68,No
8698-GDFSA,Female,0,No,No,39,Yes,No,No,No internet service,No internet service,No internet service,No internet service,No internet service,No internet service,Two year,Yes,Bank transfer (automatic),25.4,994.7,No
6471-PKVDR,Male,0,Yes,No,3,Yes,Yes,DSL,No,No,Yes,No,Yes,No,Month-to-month,No,Bank transfer (automatic),69.97,210.33,Yes
2686-ZEVFY,Female,0,Yes,No,5,Yes,Yes,Fiber optic,No,No,No,Yes,Yes,No,Month-to-month,No,Mailed check,82.74,405.36,Yes
7651-BLVIT,Female,0,Yes,No,32,Yes,Yes,Fiber optic,No,No,No,No,No,No,Month-to-month,Yes,Electronic check,75.82,2428.22,No
6404-LMVWQ,Female,0,No,Yes,10,Yes,Yes,DSL,Yes,Yes,Yes,Yes,Yes,No,Two year,No,Bank transfer (automatic),64.68,655.03,No
4836-MJOOR,Female,0,No,No,13,Yes,Yes,Fiber optic,Yes,Yes,Yes,Yes,No,Yes,Month-to-month,No,Mailed check,101.05,1309.56,No
6889-WKMKD,Female,0,Yes,No,37,Yes,Yes,Fiber optic,No,No,Yes,No,Yes,No,Month-to-month,No,Electronic check,93.06,3438.57,No
6365-WYKRP,Male,0,Yes,No,1,Yes,No,DSL,Yes,Yes,Yes,No,No,No,Month-to-month,Yes,Mailed check,73.67,78.68,No
1489-LMIUM,Female,0,Yes,No,4,Yes,No,Fiber optic,No,No,No,No,No,Yes,Month-to-month,Yes,Credit card (automatic),84.59,329.75,No
8909-FKSKJ,Male,0,Yes,No,8,Yes,No,No,No internet service,No internet service,No internet service,No internet service,No internet service,No internet service,Two year,Yes,Mailed check,20.83,159.6,No
6710-MWHEB,Male,1,No,No,51,Yes,No,Fiber optic,Yes,Yes,Yes,No,Yes,Yes,One year,No,Mailed check,114.01,5817.3,No
9847-MSIOF,Male,0,Yes,No,12,No,No phone service,Fiber optic,No,No,No,No,Yes,No,Month-to-month,Yes,Mailed check,71.8,844.33,Yes
6351-XNEQV,Female,0,No,No,6,Yes,Yes,DSL,Yes,Yes,No,No,Yes,No,Month-to-month,Yes,Electronic check,64.24,383.14,Yes
7950-IPRMR,Female,0,No,No,27,No,No phone service,DSL,No,Yes,No,Yes,No,No,Month-to-month,Yes,Electronic check,52.3,1409.48,No
8936-URSBD,Male,0,Yes,Yes,0,Yes,No,No,No internet service,No internet service,No internet service,No internet service,No internet service,No internet service,Two year,Yes,Bank transfer (automatic),24.58, ,No
5714-CIJBG,Male,0,No,No,35,Yes,No,No,No internet service,No internet service,No internet service,No internet service,No internet service,No internet service,Month-to-month,Yes,Mailed check,26.77,933.67,No
2274-SJXTN,Male,0,Yes,No,28,Yes,Yes,No,No internet service,No internet service,No internet service,No internet service,No internet service,No internet service,Two year,Yes,Bank transfer (automatic),25.68,719.34,No
2656-KCWQG,Male,0,No,No,1,No,No phone service,Fiber optic,No,Yes,No,No,Yes,Yes,Month-to-month,Yes,Mailed check,84.15,106.75,Yes
6273-KRNNF,Female,0,Yes,No,16,Yes,No,DSL,No,No,No,Yes,No,No,Month-to-month,No,Electronic check,45.05,708.33,Yes
2566-IVCQL,Male,0,Yes,Yes,12,Yes,No,No,No internet service,No internet service,No internet service,No internet service,No internet service,No internet service,Month-to-month,Yes,Mailed check,28.14,324.7,No
8230-DTPXJ,Male,0,No,Yes,4,Yes,No,Fiber optic,No,Yes,No,No,Yes,Yes,Month-to-month,Yes,Electronic check,91.88,373.04,Yes
5637-GJGWR,Female,1,Yes,Yes,4,Yes,Yes,No,No internet service,No internet service,No internet service,No internet service,No internet service,No internet service,Month-to-month,No,Electronic check,19.35,76.08,No
6032-VRQKA,Male,0,Yes,No,4,Yes,Yes,Fiber optic,No,Yes,No,Yes,Yes,No,Month-to-month,Yes,Bank transfer (automatic),94.01,377.92,No
2891-DNIMP,Female,0,No,No,21,Yes,No,No,No internet service,No internet service,No internet service,No internet service,No internet service,No internet service,Month-to-month,Yes,Credit card (automatic),31.58,665.43,No
8426-SHRFT,Male,1,No,No,4,Yes,No,DSL,No,No,Yes,No,Yes,No,Month-to-month,No,Mailed check,67.0,285.52,Yes
7748-ELIIQ,Female,0,No,Yes,1,Yes,Yes,No,No internet service,No internet service,No internet service,No internet service,No internet service,No internet service,Month-to-month,Yes,Credit card (automatic),23.45,31.48,No
9720-VPLCN,Female,0,No,No,72,Yes,Yes,No,No internet service,No internet service,No internet service,No internet service,No internet service,No internet service,Two year,No,Bank transfer (automatic),30.28,2186.93,No
3352-VPULX,Female,0,Yes,No,0,Yes,Yes,DSL,No,No,No,No,No,No,Month-to-month,No,Electronic check,43.98, ,No
3657-HLUPH,Male,0,Yes,No,26,Yes,Yes,Fiber optic,Yes,No,No,No,No,Yes,Month-to-month,Yes,Bank transfer (automatic),88.66,2304.41,Yes
2289-TODZO,Female,0,No,No,65,Yes,Yes,DSL,Yes,No,Yes,Yes,Yes,Yes,Month-to-month,Yes,Credit card (automatic),90.64,5881.3,No
5669-KFDII,Male,1,No,Yes,0,No,No phone service,DSL,Yes,No,Yes,No,No,No,One year,No,Bank transfer (automatic),55.9, ,No
8778-WEOIB,Female,0,Yes,No,72,Yes,Yes,Fiber optic,No,Yes,Yes,Yes,Yes,No,Month-to-month,Yes,Credit card (automatic),102.02,7352.72,No
4140-JONNW,Female,0,No,No,16,Yes,Yes,DSL,Yes,Yes,Yes,No,Yes,No,Month-to-month,No,Bank transfer (automatic),83.63,1344.35,No
6004-PHHQQ,Female,0,No,No,36,Yes,No,Fiber optic,No,Yes,No,No,Yes,No,Month-to-month,No,Bank transfer (automatic),92.14,3307.96,No
4810-AQZXP,Male,0,No,No,23,Yes,No,Fiber optic,Yes,No,No,No,Yes,Yes,Month-to-month,Yes,Mailed check,95.42,2197.79,Yes
4376-YBYNG,Female,0,No,No,23,No,No phone service,Fiber optic,No,No,No,Yes,Yes,No,Month-to-month,Yes,Electronic check,81.99,1859.82,No
1992-QJFGY,Female,1,Yes,No,37,No,No phone service,Fiber optic,Yes,No,No,No,No,No,Month-to-month,Yes,Electronic check,76.53,2836.99,No
1357-EBRXQ,Female,0,Yes,Yes,1,Yes,No,DSL,Yes,No,No,No,No,No,Month-to-month,Yes,Credit card (automatic),55.4,49.2,No
4129-WGUSG,Female,1,No,No,11,Yes,Yes,DSL,No,No,No,No,No,Yes,One year,Yes,Bank transfer (automatic),57.84,642.87,No
7294-GPLOO,Male,0,No,No,72,Yes,No,No,No internet service,No internet service,No internet service,No internet service,No internet service,No internet service,Two year,Yes,Credit card (automatic),28.48,2046.86,No
9042-BCSTY,Male,0,No,Yes,1,Yes,Yes,Fiber optic,No,Yes,No,No,Yes,Yes,Month-to-month,Yes,Electronic check,110.58,101.09,No
7713-OPAOL,Female,0,No,No,7,No,No phone service,Fiber optic,Yes,No,Yes,No,No,Yes,Month-to-month,Yes,Bank transfer (automatic),82.66,575.75,Yes
8398-KTKQC,Female,0,Yes,Yes,26,No,No phone service,DSL,No,No,No,No,Yes,No,Month-to-month,Yes,Bank transfer (automatic),50.09,1296.38,No
5719-EBWZZ,Female,0,Yes,No,2,Yes,No,Fiber optic,Yes,Yes,Yes,Yes,No,No,One year,Yes,Mailed check,104.11,216.32,No
9644-OLJVQ,Female,0,No,Yes,18,Yes,Yes,No,No internet service,No internet service,No internet service,No internet service,No internet service,No internet service,Two year,Yes,Mailed check,29.09,539.83,No
8379-TKHOB,Male,0,Yes,No,29,Yes,No,Fiber optic,No,No,No,Yes,Yes,No,Month-to-month,Yes,Mailed check,86.03,2493.1,Yes
6718-FUMHK,Female,0,Yes,Yes,33,Yes,No,Fiber optic,Yes,No,No,No,Yes,Yes,Month-to-month,No,Mailed check,90.74,2982.1,No
5272-VMCUX,Female,1,No,No,19,Yes,No,Fiber optic,No,No,No,No,No,No,Two year,No,Electronic check,73.56,1392.45,Yes
5806-LDXZK,Male,0,No,Yes,16,No,No phone service,Fiber optic,No,Yes,Yes,No,No,No,Month-to-month,Yes,Credit card (automatic),84.36,1334.55,Yes
4665-GEPKV,Female,0,No,No,30,Yes,No,Fiber optic,No,No,No,Yes,No,Yes,Month-to-month,Yes,Credit card (automatic),86.94,2606.82,No
8882-JWWBP,Female,0,Yes,No,3,Yes,Yes,DSL,Yes,Yes,Yes,No,Yes,Yes,Month-to-month,No,Bank transfer (automatic),88.19,263.91,No
4408-JRLHZ,Male,0,Yes,No,27,Yes,Yes,DSL,No,No,Yes,No,Yes,No,Month-to-month,No,Credit card (automatic),59.31,1608.73,No
6690-TXCFB,Female,1,Yes,No,60,Yes,Yes,DSL,Yes,Yes,No,Yes,No,No,One year,No,Credit card (automatic),55.91,3370.48,No
4554-QIDVW,Male,0,No,Yes,27,Yes,Yes,DSL,No,Yes,No,Yes,No,Yes,Month-to-month,Yes,Electronic check,64.16,1744.12,Yes
6729-XINZK,Female,0,No,No,1,No,No phone service,Fiber optic,No,No,Yes,No,No,Yes,Month-to-month,Yes,Bank transfer (automatic),79.44,89.02,Yes
4713-UBEGV,Male,0,Yes,No,16,Yes,No,No,No internet service,No internet service,No internet service,No internet service,No internet service,No internet service,Month-to-month,Yes,Mailed check,24.66,397.83,No
7723-NBWLJ,Male,0,Yes,No,31,Yes,Yes,Fiber optic,No,No,Yes,No,No,Yes,One year,Yes,Electronic check,87.81,2723.64,No
1984-ASWPO,Female,1,Yes,No,1,No,No phone service,Fiber optic,No,No,Yes,Yes,Yes,Yes,Two year,Yes,Electronic check,90.96,93.25,No
6983-NIUWO,Female,1,No,No,34,Yes,No,No,No internet service,No internet service,No internet service,No internet service,No internet service,No internet service,Month-to-month,Yes,Electronic check,23.99,827.69,No
5345-GDURH,Female,0,Yes,No,7,Yes,Yes,No,No internet service,No internet service,No internet service,No internet service,No internet service,No internet service,Two year,No,Mailed check,23.45,166.79,No
9075-OOQBL,Female,1,Yes,No,21,Yes,Yes,DSL,No,No,Yes,Yes,Yes,Yes,One year,Yes,Electronic check,74.57,1574.32,No
4110-FNWED,Male,0,Yes,Yes,72,Yes,No,DSL,Yes,Yes,Yes,No,Yes,Yes,Two year,Yes,Electronic check,76.18,5474.91,Yes
9958-OGCMJ,Female,0,No,Yes,72,Yes,Yes,Fiber optic,Yes,No,Yes,Yes,Yes,No,Month-to-month,Yes,Mailed check,105.4,7589.28,No
4009-LXVLS,Female,0,Yes,No,24,Yes,No,Fiber optic,Yes,No,No,Yes,Yes,Yes,Month-to-month,Yes,Electronic check,101.26,2419.38,No
2970-UCFBX,Female,0,Yes,No,16,Yes,No,No,No internet service,No internet service,No internet service,No internet service,No internet service,No internet service,One year,Yes,Bank transfer (automatic),23.58,368.67,No
9762-IMWNS,Male,0,Yes,No,4,Yes,Yes,No,No internet service,No internet service,No internet service,No internet service,No internet service,No internet service,Two year,No,Electronic check,34.25,128.1,No
7153-TPZBY,Male,0,Yes,No,5,Yes,Yes,No,No internet service,No internet service,No internet service,No internet service,No internet service,No internet service,One year,Yes,Bank transfer (automatic),30.49,160.18,No
7861-URZFG,Male,0,No,Yes,13,Yes,No,Fiber optic,Yes,No,No,No,No,Yes,One year,No,Electronic check,85.83,1118.44,No
6102-QMGAC,Male,0,Yes,Yes,29,Yes,Yes,Fiber optic,Yes,No,Yes,Yes,Yes,No,Month-to-month,Yes,Bank transfer (automatic),94.95,2743.97,Yes
9115-RGUQL,Male,0,Yes,Yes,35,Yes,Yes,Fiber optic,No,Yes,Yes,No,Yes,Yes,Two year,Yes,Credit card (automatic),94.16,3300.18,No
1137-WPTRO,Female,0,No,No,6,Yes,Yes,DSL,Yes,Yes,Yes,No,No,Yes,One year,Yes,Credit card (automatic),63.85,389.72,Yes
8167-WKRFA,Female,0,No,No,18,Yes,Yes,DSL,No,No,No,No,No,Yes,One year,Yes,Electronic check,55.51,1017.08,No
6515-TDJUB,Female,0,Yes,No,21,Yes,No,Fiber optic,Yes,No,No,Yes,Yes,No,Month-to-month,Yes,Credit card (automatic),96.93,2027.07,No
2192-JTKYN,Male,0,Yes,No,53,Yes,No,Fiber optic,Yes,Yes,Yes,No,No,No,Two year,Yes,Mailed check,83.74,4441.83,No
3562-YAGDG,Female,0,No,Yes,50,Yes,Yes,No,No internet service,No internet service,No internet service,No internet service,No internet service,No internet service,Month-to-month,Yes,Electronic check,32.05,1620.16,No
1253-JOPFD,Male,0,No,Yes,40,Yes,No,DSL,Yes,Yes,No,No,No,No,Month-to-month,Yes,Bank transfer (automatic),64.33,2580.85,No
2027-XWDVV,Male,0,No,Yes,17,Yes,No,DSL,No,No,Yes,No,No,No,Month-to-month,Yes,Electronic check,60.46,1033.0,No
8660-BTFVA,Male,0,No,No,1,No,No phone service,No,No internet service,No internet service,No internet service,No internet service,No internet service,No internet service,Month-to-month,Yes,Credit card (automatic),19.38,24.14,No
6489-UDEEO,Male,0,No,Yes,9,Yes,Yes,DSL,No,No,Yes,Yes,No,No,Month-to-month,Yes,Bank transfer (automatic),56.19,511.33,No
4623-ZGLYK,Male,0,Yes,No,23,Yes,Yes,Fiber optic,No,No,Yes,Yes,No,No,Month-to-month,Yes,Electronic check,83.91,1923.87,No
5684-OQVVR,Female,0,Yes,Yes,24,Yes,Yes,DSL,Yes,No,No,Yes,Yes,No,One year,Yes,Bank transfer (automatic),68.2,1647.59,Yes
2562-HFKZI,Female,0,No,No,45,Yes,Yes,No,No internet service,No internet service,No internet service,No internet service,No internet service,No internet service,Two year,No,Electronic check,28.21,1256.03,No
2017-EGVOU,Female,0,No,No,11,Yes,No,Fiber optic,Yes,No,Yes,No,No,No,Two year,Yes,Mailed check,75.26,806.75,Yes
9949-DSMAA,Female,0,No,Yes,66,Yes,No,DSL,Yes,No,No,No,Yes,No,Month-to-month,No,Electronic check,67.98,4500.08,Yes
1181-NIXLR,Male,0,No,No,4,Yes,No,DSL,No,No,No,No,No,Yes,Month-to-month,Yes,Credit card (automatic),50.37,204.41,No
7173-NITYB,Female,0,No,No,1,Yes,No,No,No internet service,No internet service,No internet service,No internet service,No internet service,No internet service,One year,Yes,Electronic check,22.28,15.32,No
3364-AMYJH,Female,0,No,Yes,4,Yes,Yes,No,No internet service,No internet service,No internet service,No internet service,No internet service,No internet service,Month-to-month,No,Bank transfer (automatic),18.25,76.64,No
1125-XLQYL,Male,0,Yes,No,14,Yes,Yes,DSL,No,No,Yes,No,No,Yes,Two year,Yes,Bank transfer (automatic),59.3,830.32,No
7703-JYLKY,Male,0,Yes,No,41,Yes,Yes,DSL,Yes,Yes,No,Yes,No,Yes,Two year,Yes,Bank transfer (automatic),70.86,2898.8,No
9501-TMBTG,Male,0,Yes,Yes,4,Yes,Yes,DSL,Yes,No,No,No,No,No,Two year,Yes,Electronic check,54.27,216.56,No
7717-YCTLE,Female,0,No,No,19,Yes,No,Fiber optic,Yes,No,Yes,Yes,No,Yes,One year,Yes,Bank transfer (automatic),87.95,1668.5,No
1988-CTEAP,Female,0,Yes,Yes,35,Yes,Yes,DSL,Yes,Yes,Yes,No,Yes,Yes,Two year,No,Bank transfer (automatic),78.25,2749.86,No
7088-JJMPT,Female,0,No,No,0,Yes,Yes,No,No internet service,No internet service,No internet service,No internet service,No internet service,No internet service,Month-to-month,Yes,Bank transfer (automatic),25.14, ,No
7628-MYCEP,Male,0,No,No,1,Yes,Yes,Fiber optic,No,No,Yes,No,No,Yes,Two year,Yes,Mailed check,95.16,102.92,Yes
6970-QRRYW,Male,1,No,No,16,Yes,No,DSL,No,No,No,No,Yes,No,Two year,Yes,Electronic check,64.85,1040.69,No
4111-RISJB,Male,0,Yes,Yes,4,Yes,No,Fiber optic,No,No,No,No,Yes,No,Month-to-month,Yes,Electronic check,85.07,340.16,No
8824-YXMKP,Male,0,Yes,No,14,Yes,No,Fiber optic,No,No,No,No,Yes,No,Two year,No,Mailed check,86.38,1192.45,No
9614-CPSTP,Male,0,Yes,Yes,1,Yes,No,Fiber optic,Yes,No,No,Yes,Yes,No,Month-to-month,No,Mailed check,98.62,78.7,No
2633-NZTJS,Male,0,No,No,72,Yes,No,DSL,No,No,Yes,No,Yes,Yes,Two year,Yes,Bank transfer (automatic),69.05,4964.33,No
7353-KISTJ,Female,0,No,No,25,Yes,No,Fiber optic,No,No,No,Yes,Yes,Yes,Month-to-month,Yes,Electronic check,100.16,2498.32,No
9797-ZCCXH,Male,0,Yes,No,27,Yes,Yes,Fiber optic,Yes,Yes,No,No,Yes,No,Month-to-month,Yes,Credit card (automatic),88.71,2386.77,No
1764-FTATX,Male,0,Yes,No,17,Yes,No,DSL,Yes,No,No,No,No,No,One year,Yes,Credit card (automatic),57.81,965.84,No
3930-GKKDT,Male,1,No,No,41,Yes,Yes,DSL,Yes,No,Yes,Yes,Yes,Yes,Two year,Yes,Bank transfer (automatic),82.63,3384.7,No
3366-PEXGY,Male,1,Yes,Yes,43,Yes,No,No,No internet service,No internet service,No internet service,No internet service,No internet service,No internet service,Month-to-month,Yes,Mailed check,25.42,1075.63,No
2006-EATVV,Male,0,Yes,No,4,Yes,No,Fiber optic,Yes,No,Yes,Yes,Yes,Yes,Month-to-month,No,Electronic check,101.8,411.78,No
2896-ZUEVF,Male,1,Yes,Yes,35,Yes,No,Fiber optic,Yes,No,Yes,No,Yes,No,One year,Yes,Credit card (automatic),91.28,3180.84,Yes
3978-FHFPP,Male,0,Yes,No,20,No,No phone service,DSL,No,Yes,Yes,No,No,No,Two year,No,Electronic check,46.72,940.1,No
7501-FVSTO,Male,0,Yes,No,34,Yes,No,No,No internet service,No internet service,No internet service,No internet service,No internet service,No internet service,Month-to-month,No,Mailed check,18.25,631.18,No
5754-BHGHM,Male,0,No,No,60,Yes,Yes,No,No internet service,No internet service,No internet service,No internet service,No internet service,No internet service,Two year,Yes,Mailed check,18.58,1120.81,No
1794-OLONG,Female,0,Yes,No,9,Yes,Yes,No,No internet service,No internet service,No internet service,No internet service,No internet service,No internet service,Two year,No,Electronic check,27.39,264.55,No
5313-ETJSR,Female,0,Yes,No,20,No,No phone service,Fiber optic,No,No,No,Yes,No,No,Two year,Yes,Bank transfer (automatic),74.8,1495.95,No
9861-YXJBF,Female,0,Yes,No,37,Yes,Yes,Fiber optic,No,No,Yes,Yes,Yes,Yes,One year,Yes,Electronic check,104.87,3877.38,No
8519-CSEGG,Female,0,No,No,72,Yes,Yes,No,No internet service,No internet service,No internet service,No internet service,No internet service,No internet service,Month-to-month,Yes,Mailed check,22.65,1648.66,No
3400-KWGFF,Male,0,Yes,Yes,22,Yes,Yes,No,No internet service,No internet service,No internet service,No internet service,No internet service,No internet service,One year,Yes,Electronic check,26.66,571.56,No
8500-PMBSS,Female,0,Yes,No,30,Yes,Yes,No,No internet service,No internet service,No internet service,No internet service,No internet service,No internet service,One year,No,Mailed check,19.33,571.66,No
8826-RYFBS,Female,1,Yes,Yes,44,Yes,Yes,DSL,Yes,No,Yes,No,Yes,No,Two year,No,Credit card (automatic),64.3,2822.71,No
1153-FTWVO,Male,1,No,No,33,Yes,Yes,Fiber optic,No,Yes,No,No,No,No,Two year,No,Credit card (automatic),78.16,2574.75,No
7277-CKHYV,Male,0,No,No,68,Yes,No,Fiber optic,No,Yes,Yes,Yes,Yes,No,Month-to-month,Yes,Mailed check,97.58,6642.53,Yes
1945-QSSXU,Male,0,No,Yes,6,Yes,No,Fiber optic,No,Yes,No,Yes,Yes,No,Month-to-month,Yes,Electronic check,92.21,545.17,Yes
3886-EZPFN,Male,0,No,Yes,57,No,No phone service,DSL,Yes,Yes,Yes,No,Yes,Yes,Month-to-month,Yes,Mailed check,69.74,3977.56,No
2657-TBYRR,Female,0,No,No,5,Yes,No,DSL,No,Yes,No,Yes,Yes,No,One year,No,Bank transfer (automatic),74.75,368.42,No
9428-LCVGA,Male,1,No,No,19,No,No phone service,No,No internet service,No internet service,No internet service,No internet service,No internet service,No internet service,Month-to-month,No,Electronic check,18.25,353.88,No
9356-UADZA,Male,0,No,No,17,Yes,No,Fiber optic,Yes,Yes,No,No,Yes,Yes,Month-to-month,Yes,Electronic check,98.24,1665.43,Yes
1140-NOQLG,Male,0,No,No,42,Yes,Yes,No,No internet service,No internet service,No internet service,No internet service,No internet service,No internet service,Month-to-month,Yes,Electronic check,24.73,1030.45,No
3038-SWCRZ,Female,0,Yes,No,12,No,No phone service,DSL,No,No,Yes,No,No,Yes,Two year,Yes,Electronic check,56.4,683.2,No
8523-ZCLWL,Female,0,No,No,3,Yes,No,DSL,No,Yes,No,Yes,No,Yes,Month-to-month,No,Electronic check,57.25,175.53,No
3030-BHNEC,Male,0,Yes,No,29,Yes,Yes,Fiber optic,No,No,No,No,No,No,Month-to-month,Yes,Electronic check,79.98,2336.1,Yes
1617-GKOBE,Female,0,No,No,22,Yes,No,Fiber optic,Yes,Yes,No,No,Yes,Yes,Month-to-month,No,Electronic check,92.36,2027.08,No
5458-HMKQO,Male,0,No,No,42,Yes,Yes,Fiber optic,No,Yes,No,Yes,No,No,Two year,Yes,Credit card (automatic),88.24,3708.3,No
8154-PSMWV,Female,0,No,No,34,Yes,Yes,DSL,Yes,No,No,No,Yes,Yes,Two year,No,Electronic check,71.37,2410.14,No
8971-KRRJQ,Male,0,No,No,54,Yes,No,No,No internet service,No internet service,No internet service,No internet service,No internet service,No internet service,One year,Yes,Credit card (automatic),18.25,987.21,No
8197-YNGJC,Female,0,Yes,No,43,Yes,Yes,No,No internet service,No internet service,No internet service,No internet service,No internet service,No internet service,One year,Yes,Credit card (automatic),21.08,905.96,No
1093-SGECY,Female,0,No,No,27,Yes,Yes,DSL,No,Yes,No,No,No,Yes,Month-to-month,Yes,Mailed check,57.72,1567.13,No
3550-ZVFNG,Female,0,No,No,15,Yes,No,Fiber optic,Yes,No,Yes,No,No,No,Month-to-month,Yes,Mailed check,94.54,1418.46,Yes
7785-KUCIH,Male,0,No,Yes,0,Yes,No,DSL,Yes,Yes,Yes,Yes,No,No,Month-to-month,No,Electronic check,64.73, ,No
6593-KRAOD,Female,0,No,No,8,Yes,No,No,No internet service,No internet service,No internet service,No internet service,No internet service,No internet service,Two year,Yes,Electronic check,26.71,212.54,No
9010-RWOCG,Female,0,No,No,31,Yes,Yes,Fiber optic,No,No,Yes,Yes,No,Yes,One year,Yes,Bank transfer (automatic),97.77,3034.11,No
9294-QVTXP,Female,0,Yes,Yes,1,Yes,No,No,No internet service,No internet service,No internet service,No internet service,No internet service,No internet service,Two year,Yes,Credit card (automatic),22.82,10.9,No
9295-CTOAJ,Male,0,Yes,No,33,Yes,No,Fiber optic,No,No,No,No,Yes,No,Two year,Yes,Bank transfer (automatic),91.72,3022.68,No
7785-GNPOG,Female,0,Yes,No,17,Yes,Yes,Fiber optic,No,No,No,No,No,Yes,Month-to-month,Yes,Electronic check,85.18,1437.95,Yes
4436-YJIIF,Male,0,Yes,Yes,48,Yes,No,No,No internet service,No internet service,No internet service,No internet service,No internet service,No internet service,Month-to-month,Yes,Bank transfer (automatic),29.12,1406.49,No
5599-YLWTT,Male,1,No,Yes,25,Yes,No,Fiber optic,No,No,Yes,No,Yes,Yes,One year,No,Bank transfer (automatic),100.61,2509.84,No
2389-TGHHH,Male,1,No,Yes,38,Yes,No,DSL,No,Yes,Yes,Yes,No,Yes,Two year,Yes,Bank transfer (automatic),81.23,3071.97,No
1001-NJRRR,Male,1,No,No,4,Yes,Yes,No,No internet service,No internet service,No internet service,No internet service,No internet service,No internet service,Two year,Yes,Electronic check,29.1,125.45,Yes
5623-TETET,Male,0,Yes,Yes,4,No,No phone service,No,No internet service,No internet service,No internet service,No internet service,No internet service,No internet service,Month-to-month,Yes,Bank transfer (automatic),18.98,70.58,Yes
7495-JQMQR,Female,0,Yes,No,5,No,No phone service,DSL,No,Yes,Yes,No,No,No,Two year,Yes,Bank transfer (automatic),59.35,279.04,Yes
5044-QOZLJ,Male,1,Yes,No,9,Yes,Yes,Fiber optic,No,No,No,No,No,No,Month-to-month,Yes,Credit card (automatic),77.76,707.74,Yes
8445-JKFAF,Female,0,Yes,No,56,Yes,No,No,No internet service,No internet service,No internet service,No internet service,No internet service,No internet service,Month-to-month,Yes,Electronic check,26.12,1466.27,No
4775-EGVLL,Female,0,No,No,35,Yes,No,Fiber optic,No,No,Yes,No,Yes,Yes,Month-to-month,Yes,Electronic check,91.16,3186.14,Yes
9710-BAWYR,Male,0,No,No,10,Yes,No,DSL,No,No,Yes,No,No,No,Month-to-month,Yes,Credit card (automatic),49.17,483.71,No
5715-GSVCJ,Male,0,Yes,No,60,No,No phone service,No,No internet service,No internet service,No internet service,No internet service,No internet service,No internet service,Month-to-month,No,Electronic check,19.23,1149.18,Yes
6690-KEBHN,Male,0,No,Yes,36,Yes,Yes,Fiber optic,No,No,No,Yes,No,No,Month-to-month,No,Mailed check,74.54,2694.66,No
1999-WFAXA,Female,0,No,Yes,25,Yes,No,No,No internet service,No internet service,No internet service,No internet service,No internet service,No internet service,Month-to-month,No,Credit card (automatic),25.83,648.34,No
6479-KRXJL,Female,0,Yes,No,13,Yes,No,Fiber optic,No,Yes,Yes,Yes,No,No,Month-to-month,Yes,Electronic check,85.52,1107.94,Yes
9335-EPXLF,Female,0,No,Yes,25,Yes,Yes,Fiber optic,No,No,No,Yes,No,Yes,Month-to-month,Yes,Mailed check,88.96,2226.21,No
7590-EASJY,Female,0,No,No,21,Yes,No,DSL,No,No,Yes,Yes,Yes,No,Month-to-month,Yes,Bank transfer (automatic),75.62,1600.87,Yes
5734-NYUCF,Female,0,No,No,36,Yes,Yes,Fiber optic,No,No,Yes,Yes,Yes,No,Two year,Yes,Bank transfer (automatic),100.89,3624.65,No
1836-QRLEI,Female,1,No,Yes,6,Yes,No,No,No internet service,No internet service,No internet service,No internet service,No internet service,No internet service,Month-to-month,Yes,Bank transfer (automatic),18.89,111.2,Yes
7707-ICAVO,Female,0,Yes,No,52,Yes,No,No,No internet service,No internet service,No internet service,No internet service,No internet service,No internet service,One year,Yes,Electronic check,27.08,1398.38,No
7153-NGDZE,Female,0,No,No,21,Yes,No,DSL,No,Yes,No,Yes,No,No,Month-to-month,No,Bank transfer (automatic),57.44,1189.64,No
2075-PCQMF,Female,0,Yes,No,39,Yes,No,Fiber optic,No,Yes,No,No,No,No,Month-to-month,No,Credit card (automatic),77.84,3039.37,No
5452-PKQEF,Male,1,No,No,10,Yes,No,Fiber optic,Yes,No,Yes,No,No,No,One year,Yes,Electronic check,83.09,830.81,No
3420-AUJQC,Female,0,No,No,11,Yes,Yes,Fiber optic,Yes,No,No,Yes,Yes,No,One year,Yes,Bank transfer (automatic),92.98,1028.42,No
8227-BQDBE,Male,0,Yes,No,66,Yes,No,Fiber optic,No,Yes,No,No,Yes,Yes,One year,Yes,Mailed check,94.48,6236.74,No
1955-ZAZDG,Male,0,Yes,No,23,Yes,Yes,DSL,No,No,No,Yes,Yes,Yes,Month-to-month,Yes,Electronic check,69.92,1617.79,No
7433-AUVPV,Female,0,No,No,9,Yes,No,No,No internet service,No internet service,No internet service,No internet service,No internet service,No internet service,Two year,No,Bank transfer (automatic),30.18,270.55,No
2201-PWVXF,Female,0,No,Yes,2,Yes,No,No,No internet service,No internet service,No internet service,No internet service,No internet service,No internet service,Two year,Yes,Mailed check,26.91,60.98,No
6161-BGUQC,Female,0,No,Yes,13,Yes,Yes,Fiber optic,No,Yes,No,Yes,No,Yes,Month-to-month,Yes,Electronic check,93.88,1232.24,Yes
5371-LBGQS,Female,0,Yes,Yes,45,Yes,Yes,No,No internet service,No internet service,No internet service,No internet service,No internet service,No internet service,Two year,Yes,Electronic check,31.03,1401.46,No
9651-INBUD,Female,0,No,No,6,Yes,Yes,Fiber optic,No,No,Yes,No,No,No,Month-to-month,No,Bank transfer (automatic),78.51,471.87,Yes
6435-SUPVQ,Female,0,Yes,No,47,Yes,Yes,DSL,No,No,Yes,Yes,No,No,One year,No,Credit card (automatic),57.69,2710.14,No
4201-QSHXT,Male,0,Yes,Yes,4,Yes,Yes,Fiber optic,Yes,No,Yes,No,Yes,Yes,Month-to-month,No,Electronic check,103.79,417.65,Yes
7091-YWRBS,Male,0,Yes,No,3,Yes,Yes,DSL,No,No,No,No,No,No,Two year,Yes,Mailed check,56.54,182.51,No
2623-JYCYL,Female,0,No,Yes,22,Yes,Yes,No,No internet service,No internet service,No internet service,No internet service,No internet service,No internet service,Month-to-month,Yes,Electronic check,18.73,411.0,No
3823-EKJCW,Male,0,No,No,39,Yes,No,DSL,Yes,No,No,Yes,No,Yes,Month-to-month,Yes,Bank transfer (automatic),70.59,2761.31,Yes
1168-LFSPU,Male,0,Yes,No,36,Yes,No,DSL,No,No,No,No,Yes,Yes,Month-to-month,Yes,Electronic check,63.59,2295.95,No
9630-XNDRJ,Male,0,No,No,18,Yes,No,Fiber optic,Yes,No,No,No,No,No,Two year,Yes,Bank transfer (automatic),85.17,1542.04,No
6137-LSHAN,Male,0,No,No,24,Yes,,DSL,Yes,No,Yes,Yes,Yes,Yes,Month-to-month,No,Credit card (automatic),80.49,1942.01,No
7582-FNBIL,Male,0,No,No,7,Yes,No,DSL,Yes,Yes,No,No,No,No,Month-to-month,Yes,Bank transfer (automatic),55.99,392.16,No
6217-SGGJQ,Male,0,No,No,19,Yes,Yes,Fiber optic,Yes,No,No,No,No,No,One year,No,Electronic check,91.87,1750.52,Yes
4501-KTFHS,Female,0,No,No,5,Yes,Yes,No,No internet service,No internet service,No internet service,No internet service,No internet service,No internet service,Month-to-month,No,Bank transfer (automatic),24.38,105.73,No
7687-SXXXQ,Male,0,Yes,Yes,63,Yes,Yes,Fiber optic,No,Yes,No,Yes,Yes,Yes,Month-to-month,No,Mailed check,99.39,6267.61,No
3039-XRLIW,Male,0,No,No,27,Yes,No,Fiber optic,No,Yes,Yes,No,No,No,Month-to-month,Yes,Electronic check,79.8,2150.71,Yes
8087-RPPDW,Male,0,Yes,No,19,Yes,No,DSL,No,No,Yes,No,Yes,No,Month-to-month,Yes,Electronic check,54.32,1042.0,Yes
4541-GAXWT,Male,0,No,No,6,Yes,Yes,No,No internet service,No internet service,No internet service,No internet service,No internet service,No internet service,Month-to-month,No,Electronic check,29.62,184.19,No
5062-HZWHJ,Female,1,No,No,12,Yes,Yes,Fiber optic,No,No,No,No,Yes,No,Month-to-month,No,Credit card (automatic),80.29,964.17,Yes
3200-UNNJS,Male,0,No,No,36,Yes,No,Fiber optic,No,No,Yes,No,Yes,Yes,Month-to-month,Yes,Electronic check,100.01,3609.95,No
7520-PITPT,Female,0,No,No,6,Yes,Yes,Fiber optic,No,No,Yes,Yes,Yes,No,Month-to-month,Yes,Mailed check,95.96,576.49,No
7918-KUFOS,Male,0,Yes,Yes,3,Yes,Yes,Fiber optic,No,No,No,Yes,No,Yes,Month-to-month,No,Bank transfer (automatic),88.21,267.78,Yes
4214-FXJNP,Female,0,Yes,No,8,Yes,Yes,DSL,Yes,No,No,Yes,Yes,No,Month-to-month,Yes,Electronic check,57.03,451.31,No
7764-KYCHC,Male,0,No,No,37,Yes,Yes,Fiber optic,Yes,Yes,Yes,Yes,No,No,One year,Yes,Electronic check,96.43,3569.56,No
2857-UNTUV,Male,0,Yes,No,51,Yes,No,DSL,No,No,No,Yes,No,No,Month-to-month,Yes,Bank transfer (automatic),62.12,3172.66,No
3261-BRAIC,Male,0,Yes,No,12,Yes,No,Fiber optic,No,Yes,No,No,No,No,Month-to-month,Yes,Mailed check,83.33,992.45,No
3305-DPVAI,Female,1,No,No,36,No,No phone service,Fiber optic,No,No,Yes,No,No,Yes,Two year,No,Bank transfer (automatic),85.2,3071.11,Yes
8480-HFTRP,Female,1,Yes,No,9,Yes,No,Fiber optic,No,Yes,No,No,Yes,No,Month-to-month,Yes,Bank transfer (automatic),93.85,845.47,Yes
4207-WDCOF,Female,0,Yes,No,17,No,No phone service,Fiber optic,Yes,Yes,Yes,No,No,No,Month-to-month,No,Bank transfer (automatic),79.64,1365.2,No
8166-ARWKC,Female,1,No,No,0,Yes,No,DSL,Yes,Yes,Yes,No,No,Yes,Month-to-month,Yes,Bank transfer (automatic),74.31, ,No
8167-QRZZN,Male,0,No,No,29,No,No phone service,Fiber optic,No,No,No,No,Yes,No,Month-to-month,No,Mailed check,77.1,2227.91,No
3232-GGNZX,Male,0,No,No,30,Yes,No,No,No internet service,No internet service,No internet service,No internet service,No internet service,No internet service,Two year,No,Mailed check,29.85,901.44,No
6774-LLHPI,Female,0,No,No,2,Yes,No,Fiber optic,No,Yes,No,No,Yes,Yes,Two year,Yes,Electronic check,91.07,177.49,No
8841-NXXPE,Male,1,Yes,Yes,10,Yes,No,DSL,Yes,No,Yes,No,Yes,Yes,One year,No,Credit card (automatic),79.28,788.31,No
9964-KMCQY,Male,1,No,Yes,15,Yes,No,DSL,Yes,Yes,No,Yes,No,Yes,Month-to-month,Yes,Bank transfer (automatic),81.91,1218.84,No
6681-NLNZR,Male,0,No,No,35,Yes,No,Fiber optic,No,No,No,No,No,No,Month-to-month,No,Electronic check,75.29,2631.75,Yes
6203-BGOJO,Female,0,Yes,No,41,Yes,No,DSL,No,No,No,Yes,Yes,Yes,Month-to-month,Yes,Credit card (automatic),65.68,2696.72,No
2872-KBURY,Female,1,No,No,30,Yes,Yes,Fiber optic,Yes,No,Yes,No,No,Yes,Two year,Yes,Credit card (automatic),90.9,2735.37,No
3728-QQQPT,Male,0,Yes,No,5,Yes,No,Fiber optic,Yes,No,No,No,Yes,Yes,One year,Yes,Bank transfer (automatic),102.31,505.24,No
7936-HWOAS,Female,0,No,Yes,10,Yes,No,Fiber optic,Yes,Yes,No,Yes,Yes,No,One year,Yes,Electronic check,90.99,925.77,No
8208-EPMPV,Female,0,No,No,6,Yes,No,Fiber optic,No,Yes,No,No,No,No,Month-to-month,Yes,Electronic check,82.01,498.49,Yes
9588-FZTQE,Female,0,Yes,No,24,Yes,No,Fiber optic,No,No,Yes,No,No,Yes,Month-to-month,Yes,Bank transfer (automatic),86.44,2087.44,No
8548-QAEEG,Female,0,No,No,25,Yes,No,No,No internet service,No internet service,No internet service,No internet service,No internet service,No internet service,Month-to-month,Yes,Electronic check,21.88,550.44,No
6393-FBMJU,Male,0,Yes,No,0,Yes,Yes,DSL,No,No,Yes,Yes,No,No,Month-to-month,Yes,Credit card (automatic),65.35, ,No
5019-KZUBH,Female,0,No,No,31,No,No phone service,Fiber optic,No,Yes,No,No,No,No,One year,Yes,Bank transfer (automatic),84.71,2596.9,No
1975-YJENX,Female,1,Yes,No,6,Yes,No,DSL,No,Yes,No,No,Yes,No,Two year,Yes,Mailed check,55.06,331.85,Yes
3546-DTPXO,Male,0,No,No,38,No,No phone service,DSL,No,Yes,No,No,Yes,No,Month-to-month,Yes,Mailed check,65.12,2455.84,No
8304-RDSXD,Female,0,No,No,42,Yes,Yes,DSL,No,No,Yes,Yes,No,Yes,Two year,Yes,Mailed check,68.96,2910.72,No
1392-AATSC,Male,0,No,No,38,Yes,Yes,Fiber optic,No,Yes,Yes,Yes,No,Yes,Two year,Yes,Mailed check,103.32,3909.69,No
2225-LRNJJ,Male,1,No,Yes,12,Yes,No,DSL,No,No,No,No,Yes,Yes,Two year,No,Electronic check,60.2,736.61,No
4985-XAOHZ,Female,0,Yes,No,10,Yes,No,No,No internet service,No internet service,No internet service,No internet service,No internet service,No internet service,Two year,Yes,Credit card (automatic),20.95,191.91,No
7242-RIPUO,Male,0,No,No,13,Yes,Yes,Fiber optic,No,No,No,No,No,Yes,Two year,Yes,Bank transfer (automatic),85.47,1115.63,No
7845-EMVTG,Male,0,Yes,Yes,17,Yes,No,DSL,Yes,No,Yes,No,No,No,Month-to-month,No,Electronic check,59.98,1032.01,No
6743-GYVPM,Female,0,Yes,No,6,Yes,Yes,Fiber optic,No,No,Yes,No,Yes,Yes,Month-to-month,Yes,Electronic check,97.19,583.41,Yes
9976-ILMZI,Female,0,No,No,64,Yes,Yes,DSL,No,Yes,No,Yes,No,No,Month-to-month,Yes,Mailed check,61.6,3943.59,No
7404-GADZD,Female,0,No,No,16,Yes,No,DSL,Yes,Yes,No,Yes,Yes,Yes,Month-to-month,Yes,Mailed check,75.32,1195.87,No
3063-EVDFZ,Male,0,No,Yes,1,Yes,No,Fiber optic,Yes,No,No,Yes,Yes,Yes,Two year,Yes,Credit card (automatic),104.49,107.89,Yes
9216-HQRRZ,Male,0,Yes,Yes,72,Yes,No,DSL,No,Yes,No,No,No,Yes,One year,No,Electronic check,55.67,4011.36,No
6112-LYYAW,Male,0,No,Yes,15,Yes,No,DSL,Yes,No,No,Yes,No,No,Month-to-month,Yes,Mailed check,66.6,1007.85,No
1830-LKMCY,Male,0,Yes,No,70,No,No phone service,Fiber optic,Yes,Yes,No,No,No,Yes,Two year,No,Electronic check,92.61,6503.33,Yes
1834-QYMJQ,Male,0,Yes,Yes,11,Yes,Yes,Fiber optic,No,Yes,Yes,Yes,No,Yes,Month-to-month,Yes,Electronic check,107.33,1175.09,No
1254-CMVFN,Male,0,No,No,6,Yes,No,Fiber optic,No,Yes,Yes,No,No,No,Month-to-month,No,Bank transfer (automatic),88.22,529.66,No
9794-JTPRM,Female,0,Yes,No,32,Yes,No,Fiber optic,No,No,No,No,Yes,Yes,Month-to-month,No,Electronic check,89.6,2880.29,Yes
6353-FJEFG,Male,1,Yes,Yes,13,Yes,No,Fiber optic,Yes,No,No,No,No,Yes,Month-to-month,Yes,Bank transfer (automatic),83.02,1063.45,No
9202-PYLLW,Male,0,Yes,No,51,Yes,No,No,No internet service,No internet service,No internet service,No internet service,No internet service,No internet service,Month-to-month,Yes,Mailed check,21.89,1106.78,No
7227-ZEPFI,Female,0,Yes,Yes,14,Yes,No,DSL,No,No,No,No,No,Yes,One year,Yes,Electronic check,61.99,861.23,No
1436-WPRSL,Male,0,Yes,No,9,No,No phone service,DSL,No,Yes,No,No,No,Yes,Month-to-month,Yes,Credit card (automatic),67.47,612.23,Yes
6505-ZJLNR,Male,0,No,No,72,Yes,Yes,Fiber optic,No,Yes,No,No,Yes,No,Two year,Yes,Bank transfer (automatic),94.27,6797.96,No
9484-PNMUB,Male,0,No,Yes,42,Yes,No,No,No internet service,No internet service,No internet service,No internet service,No internet service,No internet service,Two year,No,Bank transfer (automatic),27.94,1175.79,No
6202-PGUGP,Female,0,No,No,5,No,No phone service,Fiber optic,Yes,Yes,No,No,No,Yes,Month-to-month,Yes,Electronic check,86.35,435.21,Yes
1088-FRAAZ,Female,0,Yes,Yes,16,Yes,Yes,Fiber optic,No,No,No,No,Yes,No,Two year,No,Bank transfer (automatic),81.4,1303.38,No
7029-FFDLR,Female,0,No,No,2,Yes,No,Fiber optic,No,No,Yes,No,No,Yes,Month-to-month,Yes,Mailed check,85.89,164.11,Yes
1265-CCHVW,Female,0,No,No,2,Yes,No,Fiber optic,Yes,Yes,No,No,No,Yes,Month-to-month,Yes,Mailed check,92.83,206.72,No
5416-ROYUT,Male,0,Yes,Yes,46,Yes,No,Fiber optic,No,No,No,Yes,No,No,Two year,No,Electronic check,75.06,3452.73,No
4274-MYTYJ,Male,0,No,No,64,Yes,No,Fiber optic,No,No,No,Yes,No,No,Two year,Yes,Electronic check,84.93,5434.35,No
3543-UCBFK,Female,0,No,Yes,32,Yes,Yes,DSL,Yes,Yes,No,No,Yes,No,Two year,Yes,Electronic check,67.18,2146.55,No
8196-CZAKM,Male,0,No,No,72,Yes,No,Fiber optic,No,No,No,No,Yes,Yes,Month-to-month,Yes,Electronic check,87.68,6311.96,Yes
9689-OROTT,Male,0,No,No,1,Yes,Yes,Fiber optic,No,Yes,Yes,No,No,No,One year,No,Mailed check,90.5,78.78,Yes
3751-TGQHM,Male,0,No,Yes,9,Yes,No,DSL,No,No,No,Yes,Yes,No,One year,Yes,Mailed check,53.23,481.82,Yes
8503-YJNFT,Female,0,No,Yes,3,Yes,No,Fiber optic,No,Yes,No,No,No,No,One year,No,Bank transfer (automatic),83.72,259.83,No
6087-GFQUX,Male,1,Yes,Yes,36,Yes,No,Fiber optic,No,No,Yes,No,No,No,Month-to-month,Yes,Mailed check,77.42,2793.52,Yes
6022-HLZYD,Female,0,Yes,Yes,53,Yes,No,DSL,Yes,No,No,Yes,Yes,No,Month-to-month,No,Electronic check,68.41,3612.51,Yes
7409-FGUHC,Male,0,Yes,No,14,Yes,No,Fiber optic,Yes,Yes,No,No,No,Yes,Month-to-month,Yes,Bank transfer (automatic),85.82,1209.0,No
4453-UAMVR,Male,1,No,No,42,Yes,No,No,No internet service,No internet service,No internet service,No internet service,No internet service,No internet service,Two year,Yes,Electronic check,26.42,1134.52,No
8374-GOYCZ,Female,0,No,Yes,45,Yes,Yes,DSL,No,No,No,No,No,No,Month-to-month,Yes,Electronic check,42.99,1929.01,No
5291-DCEYK,Female,0,Yes,No,3,Yes,No,Fiber optic,Yes,No,No,No,No,No,Month-to-month,No,Mailed check,83.24,233.55,Yes
1321-PYJRG,Male,0,No,No,11,Yes,No,No,No internet service,No internet service,No internet service,No internet service,No internet service,No internet service,Two year,No,Mailed check,31.69,334.17,No
1830-GUFXA,Female,0,Yes,Yes,4,Yes,No,No,No internet service,No internet service,No internet service,No internet service,No internet service,No internet service,Two year,Yes,Electronic check,18.25,68.52,No
8676-KMLAU,Female,1,No,Yes,26,Yes,Yes,DSL,Yes,Yes,Yes,Yes,No,No,Two year,Yes,Mailed check,69.98,1829.0,No
9366-ACZOI,Male,0,No,Yes,11,Yes,No,Fiber optic,Yes,No,Yes,No,Yes,No,Month-to-month,Yes,Electronic check,94.24,1042.69,No
1269-WVXHV,Female,0,No,No,26,Yes,Yes,DSL,No,No,Yes,Yes,Yes,Yes,Month-to-month,Yes,Electronic check,78.92,2055.91,No
3083-TTFAR,Female,0,Yes,No,50,Yes,Yes,DSL,No,No,No,No,No,No,Two year,Yes,Bank transfer (automatic),47.03,2349.21,Yes
7125-KQIVG,Female,1,Yes,No,12,Yes,Yes,Fiber optic,No,Yes,Yes,No,Yes,No,One year,Yes,Electronic check,93.69,1128.78,No
4472-HPLLE,Female,0,Yes,No,72,Yes,No,Fiber optic,No,Yes,No,No,No,No,Month-to-month,Yes,Electronic check,83.08,5985.66,Yes
3509-FGWUQ,Female,0,No,No,12,Yes,Yes,DSL,Yes,Yes,Yes,No,Yes,No,Month-to-month,Yes,Bank transfer (automatic),74.84,897.68,No
2850-IVMIP,Female,1,Yes,No,5,Yes,Yes,Fiber optic,Yes,Yes,Yes,Yes,No,Yes,One year,Yes,Electronic check,100.98,515.11,No
7625-MMSLD,Male,0,No,No,18,Yes,No,DSL,No,No,No,Yes,No,Yes,One year,Yes,Credit card (automatic),60.35,1091.41,No
3313-PXSHF,Female,0,No,No,12,Yes,Yes,Fiber optic,No,No,Yes,Yes,No,No,One year,Yes,Mailed check,86.21,1032.09,No
8782-NMUEI,Female,1,Yes,Yes,3,Yes,No,DSL,No,No,No,Yes,No,Yes,Two year,Yes,Bank transfer (automatic),58.98,166.92,No
3350-TUQWX,Male,0,Yes,No,0,Yes,Yes,DSL,No,No,Yes,No,No,No,Month-to-month,No,Credit card (automatic),55.97, ,No
3910-FYCRE,Female,0,No,No,32,Yes,No,DSL,Yes,No,Yes,No,Yes,Yes,One year,No,Mailed check,75.27,2409.17,No
3864-ZCZSU,Female,0,Yes,No,64,Yes,No,DSL,Yes,No,No,No,No,Yes,Two year,No,Bank transfer (automatic),63.5,4054.86,No
9373-LHHOK,Male,0,Yes,Yes,13,Yes,No,No,No internet service,No internet service,No internet service,No internet service,No internet service,No internet service,Month-to-month,Yes,Credit card (automatic),27.94,360.42,No
3451-APNGF,Male,0,No,No,1,Yes,No,Fiber optic,Yes,No,Yes,No,No,No,Month-to-month,No,Electronic check,82.01,73.65,No
1660-DVHVS,Female,0,No,No,32,Yes,No,No,No internet service,No internet service,No internet service,No internet service,No internet service,No internet service,Month-to-month,Yes,Credit card (automatic),29.77,943.35,No
3072-CDMUB,Female,0,No,Yes,48,Yes,No,Fiber optic,Yes,No,Yes,No,Yes,Yes,Month-to-month,No,Credit card (automatic),97.01,4640.73,Yes
1815-JOJBF,Male,0,Yes,Yes,9,Yes,Yes,Fiber optic,Yes,No,Yes,No,Yes,Yes,Month-to-month,Yes,Electronic check,95.38,859.35,Yes
5734-NBJQH,Female,0,No,No,6,Yes,No,Fiber optic,No,No,No,No,Yes,No,Month-to-month,Yes,Mailed check,81.12,503.56,No
5685-JMAJV,Female,0,No,No,9,Yes,No,DSL,No,No,No,Yes,Yes,No,Month-to-month,No,Electronic check,65.28,577.76,Yes
5221-QXNES,Male,1,Yes,Yes,57,Yes,No,DSL,No,Yes,No,No,Yes,Yes,Two year,No,Credit card (automatic),71.52,4070.26,No
2604-OMQAN,Male,0,No,Yes,12,Yes,Yes,Fiber optic,No,No,No,Yes,No,No,Two year,No,Electronic check,74.45,898.84,No
6059-YIQCM,Male,1,No,No,25,Yes,Yes,Fiber optic,No,No,No,No,Yes,No,Two year,Yes,Mailed check,80.29,2007.08,Yes
5719-DRWCQ,Female,0,Yes,Yes,1,No,No phone service,No,No internet service,No internet service,No internet service,No internet service,No internet service,No internet service,Month-to-month,No,Credit card (automatic),18.25,24.67,Yes
3677-DQGBL,Male,0,Yes,Yes,7,Yes,No,Fiber optic,No,No,Yes,No,No,Yes,Month-to-month,Yes,Mailed check,92.13,647.89,Yes
2924-PHWHM,Female,0,No,No,6,Yes,No,No,No internet service,No internet service,No internet service,No internet service,No internet service,No internet service,Two year,Yes,Credit card (automatic),30.93,206.95,No
7681-NKFPW,Male,1,Yes,Yes,1,Yes,Yes,Fiber optic,No,No,No,Yes,No,Yes,One year,Yes,Mailed check,91.61,96.75,No
1056-VYOPM,Male,0,No,No,3,Yes,Yes,No,No internet service,No internet service,No internet service,No internet service,No internet service,No internet service,One year,Yes,Credit card (automatic),25.56,69.79,No
4147-RRNBV,Female,0,No,No,12,Yes,No,DSL,No,Yes,No,Yes,No,Yes,Month-to-month,Yes,Credit card (automatic),67.68,807.69,No
3817-CXHKL,Male,0,No,Yes,19,Yes,No,DSL,No,No,No,No,Yes,Yes,Month-to-month,Yes,Electronic check,73.23,1389.22,Yes
1259-IXQXP,Female,0,Yes,Yes,8,Yes,Yes,DSL,No,Yes,No,No,No,No,Month-to-month,Yes,Mailed check,58.19,457.91,No
5048-OTZVG,Female,1,No,Yes,13,Yes,Yes,DSL,No,No,Yes,No,No,Yes,One year,No,Credit card (automatic),62.55,807.37,No
1476-DXXNN,Female,0,Yes,No,34,Yes,No,Fiber optic,No,Yes,No,No,No,No,Two year,No,Credit card (automatic),74.3,2522.21,No
9024-NVTRO,Female,0,Yes,No,6,Yes,Yes,No,No internet service,No internet service,No internet service,No internet service,No internet service,No internet service,One year,Yes,Electronic check,29.01,181.56,No
2498-MLSST,Female,1,No,No,0,Yes,Yes,DSL,Yes,Yes,No,Yes,No,Yes,One year,No,Credit card (automatic),75.93, ,Yes
3209-UCJEL,Male,1,No,No,7,Yes,No,Fiber optic,No,Yes,No,No,Yes,Yes,One year,No,Electronic check,95.16,663.39,No
6372-GIBYJ,Male,0,Yes,Yes,61,Yes,Yes,No,No internet service,No internet service,No internet service,No internet service,No internet service,No internet service,Month-to-month,Yes,Credit card (automatic),24.0,1460.51,No
1837-CJITE,Female,0,Yes,No,0,Yes,Yes,No,No internet service,No internet service,No internet service,No internet service,No internet service,No internet service,Month-to-month,No,Electronic check,18.25, ,No
8332-HHNXV,Female,0,Yes,No,3,Yes,Yes,DSL,No,Yes,No,No,No,Yes,Two year,No,Credit card (automatic),58.41,169.73,No
8038-QKZPF,Female,0,No,No,1,No,No phone service,Fiber optic,No,No,No,No,No,No,Two year,No,Electronic check,77.12,80.52,No
3779-KJWIX,Female,0,No,Yes,11,Yes,Yes,DSL,No,No,No,Yes,No,Yes,Month-to-month,Yes,Electronic check,57.21,618.74,Yes
9407-OGRAO,Male,0,Yes,Yes,25,Yes,No,Fiber optic,No,No,Yes,No,No,No,Month-to-month,Yes,Mailed check,71.59,1775.42,No
9801-VBJTO,Male,1,Yes,No,57,No,No phone service,Fiber optic,No,No,No,No,Yes,Yes,Month-to-month,Yes,Electronic check,86.05,4910.38,Yes
6449-SVMXK,Male,0,Yes,No,37,Yes,Yes,DSL,Yes,No,Yes,No,No,No,Two year,No,Mailed check,52.8,1976.74,No
3721-UMVYV,Male,0,No,No,6,No,No phone service,DSL,Yes,Yes,Yes,No,No,No,Month-to-month,No,Electronic check,53.3,318.3,Yes
1788-AZEUV,Male,0,Yes,Yes,24,Yes,Yes,Fiber optic,No,Yes,No,No,Yes,No,Two year,Yes,Mailed check,90.36,2153.2,No
4654-MMTWU,Male,0,Yes,No,26,Yes,No,DSL,No,No,Yes,No,No,Yes,One year,No,Bank transfer (automatic),65.87,1714.27,No
8176-RKTKX,Female,0,No,No,2,Yes,Yes,DSL,Yes,No,Yes,No,Yes,No,One year,Yes,Electronic check,72.36,141.53,No
6326-ICQYQ,Male,0,No,No,13,Yes,No,Fiber optic,Yes,No,Yes,Yes,Yes,Yes,Month-to-month,Yes,Electronic check,100.3,1308.92,No
6474-SIQWR,Male,0,No,No,8,Yes,No,DSL,No,No,No,No,No,No,Month-to-month,Yes,Bank transfer (automatic),48.37,402.23,No
4774-OAZJH,Female,0,No,No,4,Yes,Yes,Fiber optic,No,Yes,Yes,No,Yes,No,Month-to-month,No,Electronic check,92.4,366.38,Yes
6481-ZBSNH,Female,0,No,No,1,Yes,Yes,Fiber optic,No,No,Yes,No,No,No,One year,Yes,Mailed check,78.12,61.76,No
5887-OTXEC,Female,0,No,No,0,Yes,Yes,No,No internet service,No internet service,No internet service,No internet service,No internet service,No internet service,One year,No,Electronic check,26.46, ,No
7588-JEKFD,Female,0,Yes,No,46,Yes,No,Fiber optic,No,No,No,No,No,Yes,Two year,Yes,Mailed check,79.6,3633.94,No
3790-SGNQW,Female,0,No,No,9,Yes,Yes,DSL,No,Yes,No,No,No,No,Month-to-month,Yes,Credit card (automatic),60.49,533.4,Yes
8056-MABRD,Male,0,Yes,No,16,Yes,No,No,No internet service,No internet service,No internet service,No internet service,No internet service,No internet service,One year,No,Credit card (automatic),23.65,387.83,No
7508-ADBDP,Female,0,Yes,No,8,Yes,No,DSL,No,Yes,No,No,No,Yes,Two year,Yes,Electronic check,64.48,516.36,No
9136-QUWTU,Female,0,No,No,4,Yes,No,DSL,No,Yes,Yes,Yes,Yes,Yes,Month-to-month,Yes,Electronic check,80.82,323.76,No
1409-OGDLA,Female,0,No,No,7,Yes,Yes,Fiber optic,Yes,Yes,No,Yes,No,No,Two year,Yes,Electronic check,96.69,667.06,No
3051-VWYIZ,Male,0,Yes,No,4,Yes,No,Fiber optic,No,No,No,No,Yes,No,One year,Yes,Credit card (automatic),87.73,352.44,No
8934-UJSSO,Female,0,No,Yes,34,Yes,Yes,Fiber optic,No,No,No,Yes,Yes,No,One year,Yes,Credit card (automatic),93.9,3186.41,No
3662-CEPWG,Female,0,Yes,Yes,57,Yes,No,DSL,No,Yes,No,No,Yes,Yes,Two year,Yes,Electronic check,71.96,4108.7,No
6368-HRXXR,Male,0,Yes,Yes,13,Yes,No,Fiber optic,Yes,No,No,No,No,No,Two year,Yes,Electronic check,80.56,1048.77,No
6670-YTFYK,Female,0,No,No,41,Yes,Yes,Fiber optic,No,Yes,Yes,No,No,Yes,Month-to-month,No,Bank transfer (automatic),94.66,3876.82,Yes
3500-LASKO,Male,0,No,Yes,13,Yes,No,Fiber optic,No,Yes,Yes,No,No,Yes,Month-to-month,Yes,Mailed check,98.97,1291.72,No
5834-KKJBT,Male,0,No,No,14,Yes,No,No,No internet service,No internet service,No internet service,No internet service,No internet service,No internet service,One year,No,Credit card (automatic),28.8,391.98,No
4012-WWYHM,Female,0,No,No,15,Yes,No,Fiber optic,Yes,No,No,Yes,No,Yes,Month-to-month,Yes,Credit card (automatic),94.67,1416.99,Yes
4423-BLXHU,Male,0,Yes,No,41,Yes,No,Fiber optic,No,No,Yes,No,Yes,Yes,Two year,No,Mailed check,87.33,3588.0,No
3686-SYWAH,Female,0,Yes,No,66,No,No phone service,Fiber optic,Yes,No,Yes,Yes,Yes,Yes,Month-to-month,Yes,Credit card (automatic),100.61,6657.16,No
6289-MEVIJ,Female,1,No,No,32,Yes,No,Fiber optic,No,No,No,Yes,Yes,Yes,Month-to-month,Yes,Bank transfer (automatic),95.26,3052.28,No
2086-NXKNC,Female,0,No,No,52,Yes,No,Fiber optic,No,No,No,Yes,No,Yes,Month-to-month,No,Bank transfer (automatic),92.57,4821.62,No
1495-TQEZG,Male,0,No,No,24,Yes,No,DSL,No,No,No,Yes,No,Yes,Two year,Yes,Credit card (automatic),54.89,1325.42,No
1720-TVKLY,Male,1,Yes,No,43,Yes,No,DSL,Yes,Yes,No,No,No,No,Month-to-month,Yes,Mailed check,58.51,2495.64,No
5026-XBSZE,Male,0,No,No,19,Yes,Yes,Fiber optic,No,No,No,No,No,Yes,Two year,No,Electronic check,83.5,1577.03,No
8734-SGUZV,Male,0,Yes,No,35,Yes,No,DSL,Yes,Yes,Yes,No,No,Yes,One year,Yes,Credit card (automatic),69.76,2437.43,No
6261-DHIBY,Male,0,Yes,Yes,29,Yes,No,DSL,No,No,No,No,Yes,No,Month-to-month,No,Credit card (automatic),56.34,1642.75,No
6691-TVGDX,Female,0,No,No,33,Yes,No,DSL,No,Yes,No,Yes,Yes,Yes,Month-to-month,Yes,Credit card (automatic),66.39,2196.42,No
5205-ZXAXZ,Female,0,No,No,6,Yes,Yes,DSL,No,Yes,No,No,No,No,Month-to-month,Yes,Mailed check,49.88,308.46,No
8243-SEZHK,Female,0,No,No,4,Yes,Yes,No,No internet service,No internet service,No internet service,No internet service,No internet service,No internet service,Month-to-month,No,Electronic check,23.43,109.16,No
1885-DOTLT,Male,0,Yes,No,25,Yes,Yes,DSL,No,Yes,Yes,No,Yes,Yes,Two year,Yes,Electronic check,67.52,1693.53,No
6110-UJXPW,Male,0,Yes,Yes,15,Yes,Yes,DSL,No,Yes,No,Yes,Yes,No,One year,Yes,Mailed check,71.38,1060.81,No
8015-THFCH,Male,0,No,No,34,Yes,Yes,Fiber optic,Yes,Yes,Yes,No,No,Yes,Month-to-month,Yes,Bank transfer (automatic),96.52,3292.13,Yes
8108-KDQZC,Female,0,Yes,No,3,Yes,No,Fiber optic,No,No,Yes,No,No,No,Month-to-month,Yes,Mailed check,69.1,198.16,Yes
7909-XLUPN,Female,1,No,Yes,70,Yes,No,No,No internet service,No internet service,No internet service,No internet service,No internet service,No internet service,Two year,Yes,Mailed check,25.99,1819.77,No
2748-PDAAV,Male,0,Yes,Yes,29,Yes,No,Fiber optic,No,No,No,Yes,No,Yes,Month-to-month,Yes,Credit card (automatic),87.44,2550.63,No
6774-TTCNI,Female,0,Yes,No,0,Yes,No,DSL,No,Yes,No,Yes,Yes,Yes,One year,No,Bank transfer (automatic),81.13, ,No
2063-BDAKE,Male,0,Yes,No,20,Yes,Yes,DSL,No,No,Yes,No,Yes,Yes,Two year,Yes,Mailed check,64.67,1271.95,No
5545-MQQRU,Female,0,No,No,8,Yes,Yes,No,No internet service,No internet service,No internet service,No internet service,No internet service,No internet service,Month-to-month,No,Bank transfer (automatic),30.83,247.13,Yes
1318-IFTCH,Male,0,No,Yes,7,Yes,No,DSL,No,No,Yes,No,Yes,No,Two year,Yes,Credit card (automatic),63.3,444.53,Yes
1450-ATMUE,Male,0,No,Yes,55,Yes,No,Fiber optic,Yes,Yes,No,No,Yes,No,Month-to-month,Yes,Mailed check,90.82,5002.94,No
8887-UXPXL,Female,0,No,No,43,Yes,No,Fiber optic,No,No,No,No,No,No,Month-to-month,Yes,Mailed check,75.85,3259.98,No
9835-IPAEU,Female,1,Yes,No,0,Yes,No,Fiber optic,No,No,Yes,No,No,No,Two year,No,Bank transfer (automatic),70.56, ,No
5452-XYSIH,Male,0,Yes,No,4,Yes,No,No,No internet service,No internet service,No internet service,No internet service,No internet service,No internet service,One year,Yes,Bank transfer (automatic),28.75,108.42,No
2059-OMRTE,Female,0,Yes,Yes,30,Yes,Yes,Fiber optic,Yes,Yes,No,Yes,No,No,Month-to-month,No,Electronic check,94.05,2817.81,No
3193-HASWZ,Female,0,No,No,45,Yes,Yes,Fiber optic,No,No,Yes,Yes,Yes,Yes,Month-to-month,No,Mailed check,100.73,4545.93,No
3544-BSPRB,Female,0,No,No,30,Yes,No,No,No internet service,No internet service,No internet service,No internet service,No internet service,No internet service,One year,No,Electronic check,23.87,701.4,No
3309-GFFIH,Male,0,No,No,17,Yes,No,DSL,Yes,No,Yes,No,No,No,Month-to-month,Yes,Credit card (automatic),59.71,1018.49,No
1349-XVUIL,Female,0,No,No,72,Yes,Yes,Fiber optic,No,No,No,No,No,No,Month-to-month,Yes,Mailed check,74.09,5344.64,No
8953-WFWDY,Female,0,Yes,No,38,No,No phone service,No,No internet service,No internet service,No internet service,No internet service,No internet service,No internet service,Month-to-month,No,Bank transfer (automatic),25.13,941.15,No
3769-TERJH,Female,0,Yes,Yes,15,Yes,Yes,Fiber optic,Yes,Yes,No,No,Yes,Yes,Month-to-month,No,Electronic check,95.19,1392.33,Yes
3542-NAUHG,Female,0,No,No,21,Yes,No,Fiber optic,No,Yes,No,No,No,No,Month-to-month,Yes,Mailed check,82.43,1726.2,Yes
4880-RLHHF,Male,0,Yes,Yes,1,Yes,No,No,No internet service,No internet service,No internet service,No internet service,No internet service,No internet service,Two year,No,Electronic check,18.25,9.06,No
3439-FDEUM,Male,0,Yes,No,72,Yes,No,DSL,Yes,No,No,Yes,Yes,No,Month-to-month,No,Mailed check,73.81,5314.42,No
1684-IXXPL,Male,0,Yes,No,10,Yes,No,No,No internet service,No internet service,No internet service,No internet service,No internet service,No internet service,One year,No,Credit card (automatic),33.4,335.03,No
3113-SPXME,Female,1,No,No,25,Yes,No,No,No internet service,No internet service,No internet service,No internet service,No internet service,No internet service,Month-to-month,Yes,Credit card (automatic),19.75,508.07,No
4094-XFUXQ,Male,1,Yes,No,26,Yes,Yes,Fiber optic,Yes,Yes,No,Yes,No,Yes,Month-to-month,No,Credit card (automatic),93.47,2412.92,No
7015-QQCZM,Female,1,Yes,Yes,1,Yes,Yes,Fiber optic,No,Yes,Yes,Yes,Yes,No,Month-to-month,Yes,Electronic check,97.29,104.22,No
1875-FVUMN,Male,0,Yes,Yes,7,Yes,No,Fiber optic,Yes,No,No,No,Yes,Yes,Month-to-month,No,Electronic check,93.56,652.65,Yes
9900-NRDAG,Male,0,Yes,Yes,25,Yes,Yes,Fiber optic,No,No,No,Yes,Yes,No,Month-to-month,Yes,Bank transfer (automatic),93.27,2333.88,Yes
7547-MDMDC,Female,1,Yes,No,58,Yes,No,DSL,No,No,No,No,Yes,No,Month-to-month,Yes,Electronic check,60.13,3463.68,No
3183-THYQO,Female,1,Yes,No,36,Yes,Yes,Fiber optic,Yes,Yes,No,No,No,Yes,One year,No,Electronic check,92.14,3304.43,No
7691-FXVFJ,Female,0,Yes,Yes,20,Yes,Yes,Fiber optic,Yes,Yes,Yes,Yes,No,No,Month-to-month,Yes,Credit card (automatic),93.69,1853.3,No
4043-IPGNF,Male,0,No,Yes,6,Yes,Yes,Fiber optic,Yes,No,Yes,No,Yes,No,Month-to-month,No,Electronic check,91.38,528.26,No
2845-OAOOP,Female,0,Yes,No,71,Yes,No,DSL,No,No,No,No,No,No,Month-to-month,No,Mailed check,54.82,3886.61,No
4860-ACLGE,Female,1,Yes,Yes,12,Yes,Yes,DSL,Yes,No,No,No,No,Yes,Two year,Yes,Electronic check,69.55,841.0,No
1315-ZAAOH,Female,0,Yes,No,3,No,No phone service,No,No internet service,No internet service,No internet service,No internet service,No internet service,No internet service,Two year,No,Electronic check,18.25,54.89,Yes
3925-YWMSL,Male,1,No,No,0,Yes,No,Fiber optic,Yes,No,No,Yes,No,Yes,Month-to-month,No,Credit card (automatic),99.48, ,Yes
5021-SZDDC,Female,0,No,No,71,Yes,No,Fiber optic,Yes,No,No,Yes,No,No,Month-to-month,Yes,Electronic check,83.78,5957.38,No
6605-EKYIC,Male,0,No,Yes,36,Yes,Yes,DSL,Yes,Yes,No,Yes,No,No,One year,Yes,Mailed check,65.02,2354.63,No
6468-ILCTQ,Male,0,No,No,5,Yes,No,Fiber optic,Yes,Yes,Yes,No,No,Yes,Month-to-month,No,Bank transfer (automatic),95.95,484.74,Yes
7132-LYRDJ,Female,0,Yes,No,3,Yes,Yes,DSL,Yes,No,No,No,Yes,No,One year,Yes,Electronic check,64.4,193.15,No
3769-HISMY,Female,0,No,Yes,72,Yes,Yes,DSL,No,No,Yes,Yes,No,No,One year,Yes,Bank transfer (automatic),59.31,4256.09,No
3555-UFKQS,Female,0,No,No,6,Yes,No,Fiber optic,No,Yes,No,No,No,Yes,One year,No,Bank transfer (automatic),93.1,557.21,Yes
4099-YLUUX,Female,0,No,Yes,14,No,No phone service,No,No internet service,No internet service,No internet service,No internet service,No internet service,No internet service,Month-to-month,Yes,Credit card (automatic),25.38,354.53,No
6786-MRGYW,Male,0,Yes,No,22,Yes,No,Fiber optic,No,Yes,Yes,No,No,No,Month-to-month,Yes,Mailed check,85.94,1901.76,Yes
8132-PVDWA,Female,0,Yes,No,1,Yes,No,DSL,No,No,No,Yes,No,Yes,Month-to-month,Yes,Mailed check,67.98,78.13,No
2795-ALMBI,Female,0,No,No,10,Yes,No,Fiber optic,Yes,Yes,Yes,Yes,Yes,Yes,One year,Yes,Mailed check,114.46,1141.1,No
7214-MVBAR,Male,0,No,No,69,Yes,No,DSL,No,No,No,Yes,No,Yes,Month-to-month,Yes,Mailed check,51.92,3573.25,No
9337-SHWLK,Male,0,Yes,Yes,28,Yes,Yes,Fiber optic,Yes,No,No,Yes,Yes,Yes,Two year,Yes,Electronic check,98.18,2762.64,No
7842-IDGQK,Female,1,No,No,11,Yes,No,Fiber optic,No,Yes,No,Yes,Yes,No,Two year,Yes,Electronic check,91.63,1016.29,Yes
8546-BWRVZ,Female,0,Yes,No,37,Yes,No,Fiber optic,Yes,No,Yes,Yes,Yes,No,Two year,No,Electronic check,92.36,3423.6,No
1907-IKEZG,Female,0,No,No,43,Yes,No,DSL,No,No,Yes,Yes,Yes,Yes,Month-to-month,Yes,Credit card (automatic),77.16,3301.16,No
3455-YEFMK,Female,0,No,No,3,Yes,No,Fiber optic,No,No,Yes,No,No,Yes,Month-to-month,Yes,Electronic check,94.62,268.85,Yes
6279-HTBOJ,Female,0,No,No,21,Yes,No,Fiber optic,No,Yes,No,No,Yes,No,Month-to-month,Yes,Mailed check,82.08,1731.45,Yes
9769-UOFEV,Male,1,Yes,Yes,10,Yes,No,No,No internet service,No internet service,No internet service,No internet service,No internet service,No internet service,Month-to-month,No,Electronic check,21.6,229.26,Yes
6442-KKPCI,Male,0,No,Yes,16,Yes,No,Fiber optic,No,Yes,No,No,No,No,Two year,No,Bank transfer (automatic),73.52,1180.66,No
1546-SKNBG,Male,0,Yes,No,15,Yes,Yes,DSL,Yes,No,Yes,Yes,Yes,No,Month-to-month,Yes,Electronic check,82.28,1221.03,Yes
4987-AFUNB,Female,0,No,No,16,Yes,Yes,No,No internet service,No internet service,No internet service,No internet service,No internet service,No internet service,Month-to-month,No,Electronic check,29.44,459.54,No
5901-ACDMC,Female,0,No,No,17,Yes,Yes,DSL,No,Yes,Yes,No,Yes,No,Month-to-month,Yes,Credit card (automatic),63.51,1064.32,No
5652-VKDQE,Female,0,No,No,1,Yes,Yes,Fiber optic,Yes,Yes,Yes,No,No,Yes,Month-to-month,Yes,Bank transfer (automatic),96.76,91.08,No
4796-YXHUX,Female,1,No,No,4,Yes,Yes,Fiber optic,No,No,No,No,No,Yes,Month-to-month,Yes,Electronic check,80.66,332.33,Yes
9105-GQGXS,Male,0,No,No,20,Yes,No,DSL,No,No,No,Yes,No,Yes,Month-to-month,Yes,Bank transfer (automatic),57.5,1154.03,No
7135-BVTSF,Male,0,No,No,65,Yes,No,DSL,Yes,No,Yes,Yes,Yes,No,Two year,Yes,Electronic check,70.85,4597.54,No
9300-YBJJZ,Female,0,Yes,No,32,No,No phone service,Fiber optic,No,Yes,No,No,No,No,One year,Yes,Credit card (automatic),75.42,2407.03,No
3948-VDWBG,Female,0,No,No,6,Yes,Yes,Fiber optic,No,No,Yes,No,Yes,No,Month-to-month,Yes,Mailed check,90.98,559.9,No
2040-KURHL,Female,0,No,No,10,Yes,No,Fiber optic,Yes,No,Yes,Yes,No,Yes,Month-to-month,No,Electronic check,94.57,961.05,No
1503-ATYUL,Male,0,Yes,Yes,9,Yes,Yes,Fiber optic,Yes,Yes,Yes,Yes,No,No,One year,No,Electronic check,92.52,825.25,No
7010-ZFCEN,Male,0,No,No,35,Yes,No,DSL,No,Yes,No,No,Yes,Yes,Month-to-month,No,Electronic check,82.09,2865.19,Yes
4726-FLBDT,Female,0,Yes,No,72,Yes,No,No,No internet service,No internet service,No internet service,No internet service,No internet service,No internet service,Month-to-month,Yes,Electronic check,19.51,1407.02,No
3424-YULCQ,Female,1,Yes,No,10,No,No phone service,No,No internet service,No internet service,No internet service,No internet service,No internet service,No internet service,One year,No,Electronic check,18.25,178.1,No
2317-XQQKW,Male,0,Yes,No,0,Yes,No,DSL,No,No,Yes,Yes,No,No,One year,Yes,Mailed check,56.98, ,No
1129-SBVMX,Female,0,No,No,66,Yes,Yes,DSL,No,Yes,No,No,Yes,No,Two year,Yes,Credit card (automatic),59.82,3935.94,No
3895-QKIXI,Male,0,No,No,33,Yes,No,Fiber optic,Yes,No,No,No,No,No,One year,Yes,Mailed check,85.23,2802.92,No
1300-YKLVC,Female,0,No,Yes,43,Yes,Yes,DSL,No,No,No,Yes,No,No,Two year,No,Mailed check,49.41,2128.34,No
9352-HZSMG,Male,0,Yes,No,5,Yes,Yes,No,No internet service,No internet service,No internet service,No internet service,No internet service,No internet service,Two year,Yes,Electronic check,25.57,117.68,No
6804-ZFCFC,Female,0,Yes,No,24,Yes,No,Fiber optic,No,No,Yes,Yes,Yes,No,Month-to-month,Yes,Electronic check,94.79,2268.46,No
4084-YMAHE,Male,0,No,No,6,Yes,Yes,Fiber optic,No,No,No,Yes,No,Yes,Month-to-month,Yes,Credit card (automatic),89.16,531.91,Yes
2552-IMYME,Male,0,Yes,No,0,No,No phone service,Fiber optic,No,No,Yes,Yes,Yes,Yes,Month-to-month,No,Mailed check,98.85, ,No
6578-YZNYG,Female,1,No,No,4,Yes,No,DSL,Yes,Yes,Yes,Yes,Yes,Yes,Month-to-month,No,Bank transfer (automatic),80.69,322.8,No
5695-QDJJO,Male,1,No,Yes,61,Yes,Yes,Fiber optic,No,No,Yes,No,Yes,Yes,Two year,No,Credit card (automatic),107.22,6540.31,No
8595-ICOLZ,Female,0,No,No,5,Yes,Yes,Fiber optic,No,No,No,No,No,Yes,One year,Yes,Electronic check,85.25,428.23,No
3694-LTYFV,Male,0,No,No,21,Yes,Yes,Fiber optic,Yes,No,No,No,Yes,Yes,Month-to-month,Yes,Electronic check,105.18,2219.69,No
4266-JZUZV,Female,0,Yes,Yes,72,Yes,Yes,Fiber optic,Yes,Yes,Yes,No,No,Yes,One year,No,Mailed check,105.01,7557.87,No
9095-DMSEW,Female,1,No,No,1,No,No phone service,No,No internet service,No internet service,No internet service,No internet service,No internet service,No internet service,Two year,Yes,Electronic check,18.25,34.5,No
8226-VRAUU,Male,1,Yes,No,39,Yes,Yes,DSL,No,Yes,Yes,Yes,Yes,No,Month-to-month,No,Electronic check,71.52,2793.96,No
3843-PPPVS,Female,0,No,Yes,21,Yes,No,DSL,No,No,Yes,Yes,Yes,Yes,Month-to-month,No,Credit card (automatic),69.95,1487.47,No
2903-ATTJB,Female,0,No,No,9,No,No phone service,DSL,Yes,No,Yes,Yes,No,No,Month-to-month,Yes,Electronic check,64.9,563.98,Yes
9941-HFCPQ,Female,0,No,No,10,Yes,No,No,No internet service,No internet service,No internet service,No internet service,No internet service,No internet service,Two year,Yes,Electronic check,27.88,270.49,No
1043-SXTCM,Female,1,Yes,No,0,Yes,No,DSL,No,No,No,Yes,Yes,Yes,Two year,Yes,Mailed check,74.63, ,No
4951-KTPTB,Male,1,No,No,7,Yes,Yes,DSL,No,No,Yes,Yes,Yes,No,One year,No,Credit card (automatic),72.39,479.23,No
5163-YDQAA,Male,1,No,Yes,13,Yes,Yes,DSL,Yes,No,Yes,No,No,No,Two year,Yes,Electronic check,50.35,651.46,No
6405-EVLFF,Female,0,No,Yes,30,Yes,No,No,No internet service,No internet service,No internet service,No internet service,No internet service,No internet service,One year,Yes,Mailed check,34.45,1017.68,No
6880-QZVMH,Male,0,No,Yes,7,Yes,No,No,No internet service,No internet service,No internet service,No internet service,No internet service,No internet service,One year,Yes,Electronic check,25.13,177.74,Yes
8391-XLOSU,Female,0,No,Yes,20,Yes,Yes,Fiber optic,No,No,Yes,No,Yes,No,One year,No,Credit card (automatic),92.41,1852.49,No
5827-QIURB,Female,1,No,No,31,Yes,Yes,Fiber optic,Yes,Yes,Yes,Yes,Yes,Yes,Month-to-month,Yes,Mailed check,109.35,3400.51,No
7986-WTQUR,Female,1,No,No,28,Yes,No,DSL,No,No,Yes,Yes,Yes,No,Two year,Yes,Bank transfer (automatic),70.14,1959.65,No
9527-YARVH,Male,0,No,Yes,21,Yes,Yes,No,No internet service,No internet service,No internet service,No internet service,No internet service,No internet service,Month-to-month,No,Bank transfer (automatic),28.78,619.15,No
5166-YBLPI,Female,0,No,No,20,Yes,Yes,DSL,No,No,Yes,No,Yes,No,Two year,Yes,Credit card (automatic),55.19,1115.57,No
9334-CWUMU,Female,0,No,No,30,Yes,No,DSL,No,Yes,Yes,No,No,Yes,Two year,Yes,Electronic check,65.55,1974.32,No
5187-MBFFL,Male,0,Yes,Yes,9,Yes,Yes,Fiber optic,No,Yes,No,Yes,Yes,No,Two year,No,Credit card (automatic),103.97,944.12,No
8300-WHFUC,Female,0,No,Yes,14,Yes,Yes,DSL,No,No,Yes,Yes,Yes,No,Month-to-month,Yes,Mailed check,69.84,978.45,No
7678-HSUKR,Male,0,No,Yes,72,No,No phone service,No,No internet service,No internet service,No internet service,No internet service,No internet service,No internet service,Two year,Yes,Bank transfer (automatic),18.25,1308.09,No
1987-TLTHS,Male,0,Yes,Yes,26,Yes,Yes,DSL,Yes,Yes,Yes,Yes,No,Yes,Month-to-month,No,Credit card (automatic),70.08,1823.44,No
4567-URIDI,Male,0,Yes,No,17,Yes,No,No,No internet service,No internet service,No internet service,No internet service,No internet service,No internet service,Month-to-month,No,Electronic check,27.68,474.62,No
5376-BIIRK,Female,0,No,Yes,20,Yes,No,Fiber optic,No,No,No,Yes,Yes,No,One year,Yes,Credit card (automatic),75.12,1495.92,No
8820-FIPDB,Female,0,No,No,2,No,No phone service,DSL,No,Yes,No,No,No,No,Month-to-month,Yes,Bank transfer (automatic),47.98,85.28,No
5358-OYFKT,Female,0,Yes,Yes,21,Yes,Yes,No,No internet service,No internet service,No internet service,No internet service,No internet service,No internet service,Month-to-month,Yes,Electronic check,19.69,426.76,Yes
8760-DSGKM,Female,0,No,No,43,Yes,Yes,Fiber optic,No,Yes,Yes,No,No,No,One year,Yes,Credit card (automatic),90.31,3883.92,No
7970-ZUCNB,Female,0,Yes,No,17,Yes,Yes,Fiber optic,No,No,No,Yes,Yes,Yes,Two year,Yes,Electronic check,91.3,1524.16,No
5012-MXXNL,Female,1,Yes,No,4,Yes,No,DSL,No,No,No,No,Yes,No,One year,No,Bank transfer (automatic),54.88,227.6,Yes
5396-RMDWV,Female,0,Yes,No,14,Yes,Yes,No,No internet service,No internet service,No internet service,No internet service,No internet service,No internet service,Two year,No,Electronic check,31.48,438.96,No
9137-WERHN,Female,0,No,No,7,Yes,Yes,No,No internet service,No internet service,No internet service,No internet service,No internet service,No internet service,Month-to-month,No,Electronic check,23.93,165.27,No
8931-BHPGC,Female,0,Yes,No,10,Yes,Yes,Fiber optic,No,No,No,No,Yes,Yes,One year,No,Electronic check,89.63,890.27,No
1611-GDIWQ,Female,0,Yes,No,6,Yes,Yes,Fiber optic,No,Yes,No,Yes,No,No,Two year,No,Credit card (automatic),94.89,561.23,No
6424-TNNYM,Female,0,Yes,No,9,Yes,Yes,DSL,Yes,No,Yes,Yes,Yes,Yes,One year,No,Mailed check,87.69,781.49,Yes
8907-MUQOR,Female,0,Yes,Yes,41,Yes,No,Fiber optic,Yes,Yes,No,Yes,No,Yes,One year,No,Electronic check,99.39,4081.93,Yes
4139-TKJVM,Male,0,Yes,No,34,Yes,No,DSL,Yes,No,No,Yes,No,No,Month-to-month,Yes,Mailed check,59.16,2002.4,No
9181-HMIAA,Male,0,Yes,No,16,Yes,No,Fiber optic,No,No,No,Yes,No,Yes,Two year,Yes,Credit card (automatic),92.38,1488.85,No
8918-VDTAY,Female,0,Yes,No,36,Yes,Yes,DSL,Yes,No,No,No,Yes,No,Two year,Yes,Bank transfer (automatic),67.57,2425.23,No
5075-KSOUJ,Female,0,No,No,72,Yes,No,DSL,No,No,Yes,No,No,No,One year,No,Electronic check,50.48,3614.94,No
9992-XCNOA,Male,0,Yes,Yes,12,No,No phone service,No,No internet service,No internet service,No internet service,No internet service,No internet service,No internet service,Month-to-month,Yes,Credit card (automatic),19.16,240.92,No
2493-AOCUT,Male,0,No,No,72,No,No phone service,No,No internet service,No internet service,No internet service,No internet service,No internet service,No internet service,Two year,No,Mailed check,21.13,1502.81,No
8071-WVLSP,Female,0,Yes,Yes,6,Yes,Yes,Fiber optic,Yes,No,Yes,No,No,Yes,Month-to-month,Yes,Electronic check,93.13,553.01,Yes
7586-HXNRW,Female,1,No,No,72,Yes,Yes,No,No internet service,No internet service,No internet service,No internet service,No internet service,No internet service,Two year,Yes,Bank transfer (automatic),25.25,1819.83,No
1221-ABXLQ,Female,0,Yes,No,47,Yes,Yes,DSL,No,No,Yes,No,No,Yes,Month-to-month,No,Mailed check,62.17,2905.94,No
6300-GFFVH,Female,0,No,Yes,5,Yes,Yes,Fiber optic,Yes,Yes,Yes,No,No,No,One year,Yes,Electronic check,93.09,449.35,No
8566-ZGCYJ,Female,0,Yes,Yes,10,Yes,Yes,Fiber optic,Yes,Yes,No,No,Yes,Yes,One year,No,Bank transfer (automatic),100.29,1000.92,No
5757-CAASD,Male,0,No,No,29,Yes,No,No,No internet service,No internet service,No internet service,No internet service,No internet service,No internet service,Month-to-month,Yes,Bank transfer (automatic),32.07,927.54,No
6437-BYKXL,Female,1,Yes,Yes,5,Yes,No,DSL,No,Yes,No,Yes,Yes,No,Month-to-month,Yes,Credit card (automatic),67.43,327.47,No
3703-PSWTU,Male,1,Yes,No,21,Yes,No,DSL,No,Yes,Yes,Yes,No,Yes,One year,No,Electronic check,75.83,1587.68,No
2747-IPGMD,Male,0,No,Yes,18,Yes,Yes,Fiber optic,No,No,Yes,Yes,No,Yes,Two year,No,Mailed check,95.31,1721.94,No
3151-BGKQX,Female,0,No,Yes,8,Yes,Yes,Fiber optic,No,No,No,No,No,No,Month-to-month,No,Electronic check,80.48,641.19,Yes
9796-NMOVU,Female,0,No,Yes,8,Yes,No,DSL,No,No,No,No,Yes,Yes,Two year,Yes,Electronic check,67.2,525.44,No
7552-ICYMM,Male,0,No,Yes,17,Yes,No,DSL,No,Yes,No,Yes,Yes,No,Month-to-month,No,Mailed check,68.59,1134.92,No
3408-REKBQ,Female,0,Yes,No,8,Yes,Yes,DSL,No,Yes,No,No,Yes,Yes,Two year,Yes,Bank transfer (automatic),75.84,614.84,No
1822-TUDVR,Male,1,No,No,4,Yes,No,Fiber optic,No,No,No,No,No,Yes,Two year,Yes,Bank transfer (automatic),83.13,340.21,Yes
4831-THSLK,Male,0,No,No,35,Yes,No,No,No internet service,No internet service,No internet service,No internet service,No internet service,No internet service,Two year,No,Electronic check,27.49,967.09,No
8983-ECLOP,Female,0,Yes,No,20,Yes,No,DSL,No,No,No,No,No,No,One year,Yes,Credit card (automatic),54.97,1101.94,No
5076-GOCLH,Female,0,No,No,13,Yes,Yes,DSL,Yes,No,No,No,No,Yes,Two year,Yes,Bank transfer (automatic),72.11,924.85,No
7360-LRCLW,Female,1,No,Yes,4,Yes,No,DSL,Yes,No,No,No,No,Yes,One year,Yes,Bank transfer (automatic),59.18,222.06,Yes
6825-NNDQO,Male,0,Yes,No,21,Yes,No,DSL,No,No,No,No,No,No,One year,No,Electronic check,56.48,1193.87,No
5719-EXQWG,Male,0,Yes,No,23,Yes,Yes,Fiber optic,No,No,Yes,Yes,Yes,No,Two year,Yes,Electronic check,87.63,2025.43,No
5758-OQLKS,Male,1,Yes,No,15,Yes,Yes,Fiber optic,Yes,No,Yes,Yes,Yes,Yes,Month-to-month,No,Electronic check,101.4,1508.36,Yes
2098-BOERU,Female,1,No,No,11,Yes,Yes,DSL,Yes,No,No,No,Yes,Yes,Month-to-month,Yes,Credit card (automatic),74.45,814.65,No
5271-DWJVB,Male,0,No,No,48,Yes,Yes,No,No internet service,No internet service,No internet service,No internet service,No internet service,No internet service,Two year,No,Electronic check,19.81,941.24,No
2262-DPGYY,Female,0,No,No,29,Yes,Yes,Fiber optic,No,Yes,No,Yes,Yes,Yes,Month-to-month,No,Bank transfer (automatic),91.1,2646.08,Yes
3562-QIHWF,Female,0,No,No,10,Yes,Yes,No,No internet service,No internet service,No internet service,No internet service,No internet service,No internet service,Two year,Yes,Bank transfer (automatic),27.4,259.59,No
3333-OJWYF,Male,0,Yes,No,21,Yes,No,DSL,Yes,Yes,No,Yes,Yes,Yes,One year,No,Electronic check,82.8,1734.67,No
3205-NZSMN,Female,0,Yes,No,6,Yes,Yes,Fiber optic,No,Yes,No,Yes,No,Yes,Two year,Yes,Bank transfer (automatic),88.99,541.25,No
2730-DZNNZ,Male,0,No,No,0,Yes,Yes,No,No internet service,No internet service,No internet service,No internet service,No internet service,No internet service,One year,Yes,Mailed check,20.84, ,No
9009-INHKJ,Female,1,No,No,48,Yes,No,DSL,No,Yes,No,No,No,No,Month-to-month,Yes,Mailed check,57.0,2724.65,Yes
9337-DDLRH,Female,1,Yes,Yes,41,Yes,Yes,No,No internet service,No internet service,No internet service,No internet service,No internet service,No internet service,Month-to-month,Yes,Electronic check,29.87,1222.31,Yes
2026-RGAVM,Male,0,Yes,Yes,24,Yes,Yes,No,No internet service,No internet service,No internet service,No internet service,No internet service,No internet service,Two year,No,Credit card (automatic),25.14,606.27,No
1476-CCOUS,Female,0,Yes,No,40,Yes,Yes,Fiber optic,No,Yes,Yes,No,Yes,Yes,Month-to-month,No,Bank transfer (automatic),105.91,4227.21,No
2947-DMMOS,Male,1,Yes,No,36,Yes,No,No,No internet service,No internet service,No internet service,No internet service,No internet service,No internet service,Month-to-month,Yes,Bank transfer (automatic),27.21,990.03,Yes
8647-CZTBR,Female,0,Yes,Yes,47,Yes,Yes,Fiber optic,No,Yes,Yes,No,Yes,Yes,Month-to-month,No,Mailed check,99.42,4676.06,No
8704-KAPQP,Male,0,Yes,No,53,No,No phone service,Fiber optic,No,Yes,Yes,No,Yes,No,Two year,Yes,Bank transfer (automatic),79.56,4225.87,No
2417-QCRSN,Male,0,Yes,No,40,Yes,No,DSL,No,Yes,Yes,No,No,No,Month-to-month,Yes,Credit card (automatic),57.26,2291.83,No
3552-BLKQF,Female,0,No,No,45,Yes,No,No,No internet service,No internet service,No internet service,No internet service,No internet service,No internet service,Month-to-month,Yes,Mailed check,27.41,1229.84,No
5492-GVKGM,Female,1,No,No,16,Yes,No,DSL,No,Yes,Yes,No,Yes,Yes,Two year,Yes,Mailed check,74.09,1185.42,No
5780-UASSW,Male,0,No,Yes,29,Yes,Yes,DSL,No,No,Yes,No,Yes,No,Month-to-month,Yes,Electronic check,69.56,2016.04,Yes
5397-CUTDG,Male,1,No,Yes,9,Yes,No,Fiber optic,No,No,No,No,No,No,Month-to-month,Yes,Mailed check,79.47,702.5,Yes
4392-WXSCT,Male,0,No,Yes,47,Yes,Yes,Fiber optic,No,No,Yes,No,Yes,No,Month-to-month,Yes,Mailed check,89.81,4221.73,Yes
8662-MVNGA,Male,1,No,No,46,Yes,Yes,Fiber optic,Yes,No,Yes,Yes,No,Yes,Month-to-month,No,Bank transfer (automatic),98.33,4514.88,No
9556-DLGBQ,Female,0,Yes,No,1,Yes,No,Fiber optic,No,No,No,Yes,No,No,Two year,No,Credit card (automatic),80.58,65.75,Yes
7941-VUAZC,Female,0,No,Yes,10,Yes,No,DSL,Yes,No,No,No,No,No,One year,Yes,Electronic check,52.09,519.53,No
4658-GYIVC,Female,0,Yes,Yes,4,Yes,Yes,DSL,No,Yes,Yes,Yes,No,Yes,Month-to-month,Yes,Mailed check,68.48,271.17,No
8098-UXEQS,Female,1,Yes,Yes,3,Yes,No,DSL,No,No,No,No,Yes,Yes,Month-to-month,Yes,Bank transfer (automatic),69.33,216.11,No
1612-WUNJU,Female,0,No,No,12,Yes,No,DSL,Yes,No,No,Yes,No,No,Month-to-month,Yes,Credit card (automatic),60.47,722.54,No
8102-HHGMN,Male,0,Yes,No,23,Yes,Yes,Fiber optic,No,Yes,No,No,Yes,No,One year,Yes,Credit card (automatic),90.6,2092.24,No
4201-QFISE,Male,1,No,No,10,Yes,Yes,Fiber optic,Yes,No,Yes,Yes,Yes,No,One year,No,Bank transfer (automatic),93.88,943.31,No
2341-YGDRR,Female,0,No,Yes,8,Yes,No,DSL,Yes,No,No,No,Yes,Yes,One year,Yes,Electronic check,70.23,564.07,No
8728-DVPVW,Female,0,Yes,No,2,Yes,Yes,Fiber optic,Yes,No,No,No,Yes,Yes,Two year,No,Bank transfer (automatic),94.21,187.64,Yes
9865-BDTTQ,Male,0,Yes,No,11,Yes,Yes,Fiber optic,Yes,Yes,No,No,Yes,Yes,Two year,No,Bank transfer (automatic),104.9,1140.75,No
8635-UYSCE,Female,0,Yes,No,15,Yes,Yes,No,No internet service,No internet service,No internet service,No internet service,No internet service,No internet service,Month-to-month,Yes,Credit card (automatic),33.44,501.97,No
3793-FCQJX,Female,0,No,No,12,Yes,No,DSL,No,No,No,No,Yes,Yes,Month-to-month,Yes,Credit card (automatic),70.45,863.2,No
1299-ARSVT,Male,0,Yes,No,27,Yes,Yes,Fiber optic,Yes,No,Yes,No,Yes,Yes,One year,No,Mailed check,94.96,2565.0,No
8459-OIFLR,Female,1,Yes,No,8,Yes,No,Fiber optic,No,No,No,Yes,No,Yes,Month-to-month,Yes,Credit card (automatic),90.04,727.22,No
7102-OSIVX,Female,0,Yes,Yes,30,Yes,No,Fiber optic,No,Yes,No,Yes,No,No,Month-to-month,Yes,Electronic check,83.58,2484.18,Yes
7880-RVCQV,Female,0,Yes,No,51,Yes,Yes,DSL,No,Yes,Yes,Yes,No,No,Two year,No,Credit card (automatic),61.79,3139.66,No
2924-YFUQQ,Female,0,No,No,21,No,No phone service,Fiber optic,No,No,No,Yes,Yes,Yes,Two year,No,Credit card (automatic),92.75,1961.68,No
5320-GVPEP,Male,0,Yes,No,11,No,No phone service,DSL,No,Yes,No,No,No,Yes,Two year,Yes,Credit card (automatic),54.35,598.19,No
9259-KNMXH,Female,0,No,No,4,Yes,Yes,DSL,No,No,No,Yes,No,No,Month-to-month,Yes,Bank transfer (automatic),58.41,235.46,No
2470-TORGU,Female,0,No,No,64,No,No phone service,DSL,Yes,Yes,Yes,No,No,No,One year,Yes,Electronic check,55.41,3564.54,No
8114-JNPHA,Male,0,No,Yes,33,Yes,Yes,Fiber optic,No,Yes,No,No,Yes,No,Month-to-month,No,Credit card (automatic),78.9,2600.66,No
3594-BPDBL,Male,0,No,No,6,Yes,Yes,Fiber optic,Yes,No,No,No,No,Yes,Two year,Yes,Mailed check,88.59,520.9,No
9759-QTUJT,Male,0,No,Yes,3,No,No phone service,Fiber optic,No,Yes,Yes,Yes,No,No,Month-to-month,Yes,Mailed check,89.87,272.96,No
9839-RYRRB,Female,0,No,Yes,1,Yes,No,DSL,No,No,Yes,No,No,Yes,Month-to-month,Yes,Electronic check,62.74,73.2,No
6097-HSJKN,Male,0,No,No,5,Yes,Yes,Fiber optic,Yes,No,No,No,No,Yes,Month-to-month,Yes,Mailed check,80.18,407.42,Yes
1814-XWJDG,Male,0,No,No,31,Yes,No,Fiber optic,No,Yes,No,Yes,Yes,No,One year,No,Electronic check,85.91,2660.27,No
1394-XVVCE,Female,0,Yes,No,23,No,No phone service,Fiber optic,Yes,No,No,No,No,Yes,Two year,No,Mailed check,80.72,1846.96,No
6625-BLUEG,Male,0,No,No,72,Yes,No,DSL,No,Yes,No,Yes,No,No,Month-to-month,No,Electronic check,65.28,4703.17,No
8747-KVIDV,Female,0,Yes,No,9,Yes,No,No,No internet service,No internet service,No internet service,No internet service,No internet service,No internet service,Month-to-month,Yes,Mailed check,19.36,175.3,Yes
3504-ZLPAH,Female,0,Yes,No,37,Yes,Yes,Fiber optic,Yes,Yes,Yes,Yes,No,Yes,Month-to-month,No,Electronic check,99.12,3687.43,No
3976-TSDNW,Female,0,No,No,3,Yes,Yes,Fiber optic,No,Yes,Yes,No,No,No,One year,Yes,Credit card (automatic),88.7,271.11,No
3568-IZQOJ,Male,0,Yes,No,19,Yes,Yes,No,No internet service,No internet service,No internet service,No internet service,No internet service,No internet service,Month-to-month,Yes,Bank transfer (automatic),26.85,511.39,No
3192-IDNCY,Female,0,No,No,15,Yes,Yes,No,No internet service,No internet service,No internet service,No internet service,No internet service,No internet service,Month-to-month,No,Credit card (automatic),28.22,411.13,No
9704-AMNPG,Male,0,Yes,Yes,43,No,No phone service,DSL,No,No,Yes,No,Yes,Yes,Month-to-month,Yes,Electronic check,72.28,3086.78,Yes
6385-OHKXN,Male,0,No,No,29,Yes,Yes,Fiber optic,No,No,Yes,No,No,Yes,Month-to-month,Yes,Credit card (automatic),82.44,2393.29,No
6164-WMIQR,Female,0,No,No,5,Yes,No,Fiber optic,No,No,No,Yes,No,No,Two year,No,Electronic check,75.92,389.55,No
8228-SMLUT,Female,0,No,No,72,Yes,Yes,No,No internet service,No internet service,No internet service,No internet service,No internet service,No internet service,Month-to-month,Yes,Bank transfer (automatic),20.3,1452.22,No
1275-HXKGA,Male,0,Yes,No,41,Yes,No,No,No internet service,No internet service,No internet service,No internet service,No internet service,No internet service,Month-to-month,Yes,Credit card (automatic),25.13,1028.27,No
1809-ODAKE,Female,0,Yes,No,10,Yes,No,DSL,Yes,No,No,No,No,Yes,Month-to-month,Yes,Electronic check,72.94,741.5,Yes
9114-DBGMT,Male,0,No,No,41,No,No phone service,Fiber optic,Yes,Yes,No,No,No,No,Month-to-month,Yes,Credit card (automatic),74.12,3045.17,No
3655-BVIPH,Male,0,Yes,Yes,72,Yes,No,Fiber optic,No,Yes,No,No,No,No,One year,Yes,Mailed check,78.03,5619.93,No
1151-RDXKQ,Male,0,Yes,No,53,No,No phone service,DSL,Yes,No,No,Yes,No,No,One year,No,Mailed check,60.22,3190.52,No
2511-SHFWB,Male,0,No,No,19,Yes,No,Fiber optic,No,Yes,No,No,No,No,Month-to-month,Yes,Credit card (automatic),80.85,1542.3,Yes
5462-AFSDM,Male,0,No,Yes,20,Yes,No,DSL,Yes,No,Yes,No,Yes,No,Month-to-month,No,Credit card (automatic),60.63,1214.35,No
7609-RFRKG,Male,0,Yes,No,2,Yes,Yes,DSL,No,No,No,No,No,No,One year,Yes,Credit card (automatic),39.43,95.64,No
1188-RGJHX,Female,0,No,No,4,Yes,Yes,Fiber optic,Yes,Yes,No,No,Yes,No,Month-to-month,No,Bank transfer (automatic),91.08,370.92,Yes
6301-YVZVJ,Male,0,No,Yes,72,Yes,Yes,No,No internet service,No internet service,No internet service,No internet service,No internet service,No internet service,Two year,Yes,Electronic check,27.3,1970.9,No
2870-FIJWQ,Male,0,Yes,No,35,Yes,Yes,No,No internet service,No internet service,No internet service,No internet service,No internet service,No internet service,One year,No,Electronic check,21.81,759.81,No
9832-NDBCG,Female,1,Yes,No,0,Yes,No,Fiber optic,No,Yes,No,No,No,No,Two year,Yes,Electronic check,80.98, ,No
5438-NLSRO,Female,1,No,Yes,19,No,No phone service,DSL,No,No,Yes,No,No,Yes,One year,No,Electronic check,49.08,936.62,No
7716-AYZCY,Male,0,No,No,10,Yes,No,DSL,No,No,No,No,No,No,Month-to-month,Yes,Mailed check,53.0,544.89,Yes
5286-DOJFM,Male,0,Yes,No,8,Yes,No,Fiber optic,No,No,Yes,No,No,No,Month-to-month,Yes,Credit card (automatic),83.9,669.33,Yes
7822-ZVAVK,Male,0,Yes,Yes,19,Yes,Yes,Fiber optic,Yes,Yes,No,Yes,Yes,Yes,Month-to-month,Yes,Credit card (automatic),110.58,2103.0,No
7893-FESZS,Female,0,No,Yes,9,Yes,No,Fiber optic,No,Yes,Yes,No,Yes,No,One year,No,Bank transfer (automatic),92.33,806.84,Yes
6082-ZMGHN,Male,0,No,No,6,Yes,No,Fiber optic,No,Yes,No,Yes,Yes,No,Month-to-month,Yes,Electronic check,93.06,539.46,No
1818-SWZLW,Male,0,No,No,66,Yes,No,Fiber optic,Yes,Yes,Yes,No,No,Yes,One year,No,Bank transfer (automatic),97.73,6441.05,No
5104-NFOMG,Female,0,No,No,0,Yes,No,DSL,No,Yes,Yes,No,No,No,One year,No,Electronic check,57.84, ,Yes
8050-JAGRW,Female,0,No,Yes,13,Yes,Yes,No,No internet service,No internet service,No internet service,No internet service,No internet service,No internet service,One year,No,Bank transfer (automatic),24.47,320.51,No
4138-IEWXM,Female,0,Yes,No,17,Yes,No,DSL,No,No,Yes,No,Yes,Yes,Month-to-month,Yes,Electronic check,68.07,1159.48,No
5303-PLRKQ,Male,1,No,No,13,Yes,Yes,No,No internet service,No internet service,No internet service,No internet service,No internet service,No internet service,Month-to-month,Yes,Electronic check,22.76,299.82,No
9142-FFRST,Female,1,Yes,No,25,Yes,No,Fiber optic,No,Yes,Yes,No,Yes,No,Month-to-month,No,Bank transfer (automatic),99.14,2501.02,No
8730-BCNVY,Male,0,Yes,Yes,0,No,No phone service,No,No internet service,No internet service,No internet service,No internet service,No internet service,No internet service,Two year,No,Bank transfer (automatic),19.09, ,No
7453-QFSID,Female,0,No,Yes,51,Yes,Yes,DSL,No,No,No,No,No,Yes,Two year,No,Electronic check,61.74,3152.59,No
4686-DKVWB,Female,0,No,Yes,16,Yes,Yes,No,No internet service,No internet service,No internet service,No internet service,No internet service,No internet service,Month-to-month,No,Mailed check,18.41,299.4,No
4909-HOMVB,Male,0,No,No,19,Yes,Yes,DSL,Yes,No,Yes,Yes,Yes,No,Two year,No,Credit card (automatic),69.64,1319.28,No
3579-AOGXZ,Male,0,No,No,14,Yes,Yes,No,No internet service,No internet service,No internet service,No internet service,No internet service,No internet service,One year,No,Bank transfer (automatic),21.74,321.78,No
3609-JOEXK,Female,0,Yes,Yes,14,Yes,No,Fiber optic,No,No,No,Yes,No,Yes,Two year,Yes,Bank transfer (automatic),87.9,1217.77,No
1103-UHFOO,Male,0,Yes,Yes,4,Yes,Yes,No,No internet service,No internet service,No internet service,No internet service,No internet service,No internet service,Month-to-month,No,Bank transfer (automatic),18.92,82.76,No
7444-NKTUL,Male,1,No,No,16,Yes,No,DSL,Yes,Yes,No,Yes,No,No,Month-to-month,Yes,Mailed check,59.37,968.03,No
6203-ACHWL,Female,0,Yes,No,13,Yes,Yes,Fiber optic,No,No,Yes,No,Yes,Yes,Month-to-month,Yes,Electronic check,94.17,1221.29,No
7486-CYVHX,Male,0,Yes,No,15,Yes,Yes,Fiber optic,No,Yes,No,No,No,No,One year,No,Bank transfer (automatic),74.95,1114.87,No
6521-KLWBE,Male,0,No,No,0,No,No phone service,Fiber optic,Yes,No,No,Yes,No,No,Two year,No,Credit card (automatic),77.99, ,No
3171-DIMMO,Female,0,Yes,No,3,Yes,No,No,No internet service,No internet service,No internet service,No internet service,No internet service,No internet service,Month-to-month,Yes,Credit card (automatic),32.81,91.05,No
8457-WMGWQ,Male,0,Yes,No,34,Yes,No,Fiber optic,No,Yes,Yes,No,Yes,Yes,Month-to-month,Yes,Credit card (automatic),95.66,3271.16,No
6361-OOEBP,Male,0,No,Yes,13,Yes,Yes,DSL,No,No,No,No,No,Yes,Month-to-month,Yes,Mailed check,56.54,736.2,No
8940-THKNX,Male,0,Yes,No,32,Yes,Yes,No,No internet service,No internet service,No internet service,No internet service,No internet service,No internet service,Two year,Yes,Mailed check,28.45,905.83,No
3945-CMQCJ,Female,1,Yes,Yes,4,Yes,Yes,DSL,Yes,Yes,No,No,No,No,Month-to-month,Yes,Bank transfer (automatic),56.4,226.0,No
8131-HDMGG,Male,0,No,No,28,Yes,No,Fiber optic,Yes,No,No,No,Yes,No,Two year,No,Mailed check,81.81,2279.56,No
4503-EQJDW,Male,0,Yes,Yes,8,Yes,Yes,Fiber optic,Yes,Yes,No,No,Yes,No,Month-to-month,Yes,Mailed check,89.61,716.79,No
3957-EBNXR,Male,0,No,Yes,29,Yes,No,DSL,No,Yes,Yes,No,No,No,Month-to-month,Yes,Credit card (automatic),48.34,1405.28,No
1026-XKPRP,Male,0,No,Yes,2,Yes,Yes,Fiber optic,No,Yes,Yes,No,Yes,Yes,One year,Yes,Credit card (automatic),104.48,219.58,Yes
8299-ANLXJ,Male,0,No,Yes,9,Yes,Yes,Fiber optic,Yes,No,Yes,No,Yes,Yes,Month-to-month,Yes,Bank transfer (automatic),100.09,914.23,Yes
8931-SDTUC,Female,0,No,No,3,Yes,Yes,DSL,No,No,No,Yes,Yes,No,Two year,Yes,Credit card (automatic),60.71,197.64,No
4544-DZOKP,Male,0,Yes,Yes,23,No,No phone service,DSL,Yes,No,Yes,No,No,Yes,Two year,Yes,Electronic check,62.33,1416.68,Yes
8262-HMWTD,Female,1,Yes,No,11,No,No phone service,Fiber optic,No,No,No,No,Yes,Yes,Month-to-month,No,Bank transfer (automatic),83.68,916.64,No
5260-JELAX,Male,0,Yes,No,1,Yes,Yes,DSL,No,No,No,Yes,No,Yes,Month-to-month,No,Mailed check,70.15,69.46,Yes
6161-ESSTL,Female,0,Yes,No,17,Yes,No,No,No internet service,No internet service,No internet service,No internet service,No internet service,No internet service,Two year,Yes,Electronic check,30.51,505.08,Yes
8222-PEQNL,Male,0,Yes,No,0,Yes,Yes,No,No internet service,No internet service,No internet service,No internet service,No internet service,No internet service,Month-to-month,No,Credit card (automatic),33.27, ,No
8501-EVWER,Female,0,Yes,Yes,40,Yes,Yes,DSL,Yes,Yes,Yes,Yes,No,Yes,One year,Yes,Electronic check,80.37,3234.35,No
6613-RTAGQ,Male,0,No,Yes,66,Yes,Yes,Fiber optic,No,No,No,Yes,No,No,Two year,Yes,Credit card (automatic),83.42,5516.58,No
8938-JGLVO,Male,0,Yes,Yes,39,Yes,No,Fiber optic,No,No,No,Yes,Yes,No,Month-to-month,No,Bank transfer (automatic),90.88,3561.82,Yes
6103-HFDKQ,Male,0,No,No,72,Yes,Yes,DSL,No,Yes,No,No,No,Yes,Month-to-month,Yes,Credit card (automatic),60.42,4341.57,No
1289-FDCGG,Male,0,Yes,No,54,Yes,Yes,Fiber optic,Yes,No,No,No,Yes,Yes,Month-to-month,Yes,Mailed check,85.74,4625.85,No
9257-HOPAJ,Female,0,No,No,54,Yes,No,Fiber optic,No,Yes,Yes,Yes,Yes,Yes,Two year,Yes,Electronic check,105.39,5683.51,No
3566-PJLQM,Male,0,No,No,6,No,No phone service,Fiber optic,No,Yes,No,Yes,Yes,No,Month-to-month,No,Credit card (automatic),90.7,535.31,No
1078-NSSZN,Male,0,Yes,Yes,6,Yes,Yes,Fiber optic,Yes,Yes,Yes,Yes,Yes,Yes,Month-to-month,No,Bank transfer (automatic),110.49,667.31,No
6745-ZETFR,Male,0,Yes,No,39,Yes,No,DSL,Yes,No,No,No,Yes,No,Month-to-month,No,Bank transfer (automatic),69.49,2712.42,No
6293-DWAMK,Male,0,No,Yes,16,No,No phone service,DSL,Yes,No,No,Yes,No,Yes,One year,Yes,Electronic check,60.64,966.44,No
4778-QRYJP,Female,0,Yes,No,68,Yes,No,No,No internet service,No internet service,No internet service,No internet service,No internet service,No internet service,Two year,No,Mailed check,25.81,1745.51,No
8124-MTLDH,Male,1,Yes,No,54,Yes,Yes,Fiber optic,No,Yes,Yes,Yes,No,Yes,Month-to-month,No,Electronic check,95.78,5160.06,No
1299-SOPLT,Male,0,No,Yes,53,No,No phone service,Fiber optic,No,No,Yes,No,No,No,Month-to-month,No,Bank transfer (automatic),83.56,4420.7,Yes
4695-YTKVT,Male,0,Yes,No,9,Yes,Yes,Fiber optic,Yes,No,No,No,Yes,No,Month-to-month,No,Mailed check,78.19,699.58,Yes
4617-MNFLG,Male,0,No,No,3,Yes,No,Fiber optic,No,No,Yes,Yes,No,Yes,Month-to-month,Yes,Electronic check,99.36,300.11,No
9995-GMKHS,Female,0,Yes,Yes,27,Yes,No,DSL,Yes,No,No,Yes,No,No,One year,Yes,Bank transfer (automatic),59.38,1609.21,No
3137-UJFXV,Male,0,No,Yes,13,Yes,No,Fiber optic,Yes,No,No,Yes,No,Yes,Month-to-month,No,Electronic check,94.72,1247.37,Yes
2805-NRQRR,Female,0,Yes,No,65,Yes,Yes,DSL,No,No,No,Yes,Yes,Yes,Two year,Yes,Electronic check,58.99,3813.35,No
6310-EIADZ,Male,0,No,Yes,46,Yes,Yes,Fiber optic,No,Yes,No,No,Yes,No,One year,Yes,Electronic check,80.79,3749.4,No
2862-KNJSH,Female,0,Yes,No,63,No,No phone service,Fiber optic,No,No,No,No,Yes,Yes,Month-to-month,No,Bank transfer (automatic),86.02,5430.48,No
8554-HRETK,Female,0,No,No,20,Yes,No,Fiber optic,No,No,No,No,No,No,Month-to-month,Yes,Bank transfer (automatic),78.41,1569.98,No
6515-EPZYM,Male,0,Yes,No,17,Yes,Yes,No,No internet service,No internet service,No internet service,No internet service,No internet service,No internet service,Month-to-month,Yes,Bank transfer (automatic),23.98,428.22,No
3640-LAGNR,Male,0,No,Yes,45,Yes,No,DSL,Yes,No,No,No,Yes,Yes,Month-to-month,Yes,Electronic check,65.9,2964.08,No
3446-KDOUP,Male,0,Yes,Yes,17,Yes,No,DSL,No,No,No,Yes,No,No,One year,Yes,Mailed check,54.62,929.4,No
5701-ZOQWK,Male,0,No,No,55,Yes,No,No,No internet service,No internet service,No internet service,No internet service,No internet service,No internet service,One year,No,Electronic check,21.04,1149.18,No
7383-OKMRH,Female,0,Yes,No,0,Yes,No,Fiber optic,No,No,No,No,Yes,Yes,Two year,Yes,Electronic check,102.91, ,No
3334-IVKQA,Female,0,Yes,No,10,Yes,No,Fiber optic,No,No,No,Yes,Yes,No,Month-to-month,Yes,Mailed check,91.12,911.4,Yes
4389-KGHSY,Female,0,Yes,No,43,Yes,No,Fiber optic,Yes,No,No,Yes,No,No,One year,Yes,Mailed check,85.54,3678.59,No
3962-XIQRA,Female,0,No,No,5,Yes,No,Fiber optic,No,No,Yes,Yes,No,Yes,Two year,No,Credit card (automatic),99.98,508.47,No
1803-JWNGL,Male,0,Yes,No,12,Yes,No,DSL,No,Yes,No,Yes,No,Yes,One year,Yes,Bank transfer (automatic),69.31,831.07,No
7396-PEKDM,Male,0,No,Yes,0,Yes,Yes,Fiber optic,No,No,No,Yes,No,Yes,Month-to-month,Yes,Credit card (automatic),94.56, ,No
5349-HGKKZ,Female,0,No,Yes,8,Yes,Yes,DSL,No,No,Yes,No,Yes,No,One year,Yes,Electronic check,78.96,613.04,No
6456-VNBTU,Male,0,Yes,No,9,Yes,No,Fiber optic,No,Yes,No,Yes,No,Yes,Month-to-month,Yes,Bank transfer (automatic),90.08,815.59,No
5807-VBUOE,Female,0,No,No,31,No,No phone service,DSL,No,Yes,No,No,No,Yes,Month-to-month,Yes,Bank transfer (automatic),63.87,1997.76,No
1656-HSEWS,Female,0,Yes,No,27,Yes,No,Fiber optic,No,Yes,Yes,No,Yes,Yes,One year,Yes,Electronic check,110.69,3001.59,No
8038-VEGJK,Female,0,No,No,14,Yes,No,No,No internet service,No internet service,No internet service,No internet service,No internet service,No internet service,Month-to-month,Yes,Electronic check,24.65,336.47,No
7498-MBDCO,Male,1,No,No,31,No,No phone service,DSL,Yes,Yes,Yes,No,No,No,One year,Yes,Electronic check,60.88,1891.83,No
6187-WUDOF,Female,1,Yes,Yes,13,Yes,No,DSL,No,No,Yes,Yes,Yes,No,Month-to-month,No,Credit card (automatic),71.32,920.78,No
3934-ELGCG,Female,0,Yes,No,13,Yes,Yes,Fiber optic,No,Yes,Yes,No,Yes,No,Month-to-month,Yes,Electronic check,85.88,1093.43,No
9846-SFHFZ,Female,0,Yes,No,24,Yes,No,Fiber optic,No,No,Yes,Yes,Yes,No,Month-to-month,No,Credit card (automatic),94.68,2278.98,Yes
9218-CEIXP,Male,0,No,Yes,30,Yes,No,No,No internet service,No internet service,No internet service,No internet service,No internet service,No internet service,Month-to-month,Yes,Bank transfer (automatic),20.03,613.83,No
5113-MKYJJ,Male,0,Yes,No,45,Yes,Yes,DSL,Yes,No,No,No,Yes,No,Month-to-month,Yes,Mailed check,57.45,2565.06,No
3511-YLDEB,Female,0,Yes,No,33,Yes,Yes,Fiber optic,Yes,No,No,Yes,Yes,Yes,Two year,No,Credit card (automatic),105.78,3477.9,No
7226-ADLBL,Male,0,Yes,No,26,Yes,Yes,No,No internet service,No internet service,No internet service,No internet service,No internet service,No internet service,Two year,Yes,Electronic check,30.02,782.87,No
2822-PBQZB,Male,0,No,Yes,19,Yes,Yes,Fiber optic,No,Yes,No,Yes,No,No,One year,No,Mailed check,86.25,1654.06,No
6782-GWOTL,Male,0,Yes,No,8,Yes,Yes,DSL,No,No,Yes,No,No,No,Two year,Yes,Electronic check,51.79,408.56,Yes
5175-KLSQX,Male,1,No,No,7,Yes,No,DSL,No,Yes,No,No,No,No,One year,Yes,Electronic check,59.77,422.72,No
6210-GINZT,Female,0,Yes,Yes,44,Yes,No,Fiber optic,No,No,No,No,Yes,Yes,Month-to-month,Yes,Bank transfer (automatic),92.88,4082.61,No
5494-LUUWM,Female,0,No,Yes,30,Yes,No,Fiber optic,No,No,Yes,Yes,Yes,No,Month-to-month,Yes,Bank transfer (automatic),95.33,2866.57,No
8255-GAJFZ,Female,0,Yes,Yes,26,Yes,Yes,DSL,Yes,Yes,Yes,No,Yes,No,Month-to-month,Yes,Bank transfer (automatic),76.05,1978.73,No
5616-MWAIC,Female,0,Yes,No,7,Yes,No,Fiber optic,No,No,No,No,Yes,No,Month-to-month,Yes,Mailed check,82.57,561.79,No
8389-ITYOX,Male,0,Yes,No,72,Yes,No,Fiber optic,Yes,Yes,No,Yes,No,No,Month-to-month,No,Credit card (automatic),91.31,6555.4,No
7623-GDYTQ,Female,0,Yes,No,2,No,No phone service,Fiber optic,No,No,Yes,No,Yes,No,Month-to-month,Yes,Mailed check,80.65,156.48,No
7371-ZSEPC,Male,1,Yes,Yes,43,Yes,No,DSL,No,Yes,No,Yes,Yes,Yes,Month-to-month,Yes,Bank transfer (automatic),80.65,3456.22,No
2883-VOSUX,Female,0,No,Yes,5,Yes,No,No,No internet service,No internet service,No internet service,No internet service,No internet service,No internet service,Two year,Yes,Credit card (automatic),28.55,133.69,Yes
3477-PXFEU,Female,0,Yes,Yes,11,Yes,Yes,DSL,No,Yes,Yes,No,Yes,Yes,Month-to-month,No,Credit card (automatic),81.89,918.71,No
1368-PBKDF,Male,0,Yes,No,13,No,No phone service,Fiber optic,No,No,Yes,Yes,Yes,Yes,Two year,No,Bank transfer (automatic),88.22,1136.72,No
7704-HAYOT,Female,0,Yes,No,26,Yes,No,Fiber optic,Yes,No,Yes,No,Yes,No,Two year,Yes,Bank transfer (automatic),97.16,2505.3,Yes
6803-OWVOI,Male,0,No,Yes,18,Yes,No,DSL,Yes,No,Yes,No,No,No,Month-to-month,Yes,Credit card (automatic),62.71,1110.39,No
7063-BOOGU,Female,0,Yes,No,4,Yes,Yes,Fiber optic,No,Yes,No,Yes,No,Yes,One year,Yes,Electronic check,86.43,330.16,No
5022-QKJYA,Female,0,Yes,Yes,0,Yes,No,Fiber optic,No,Yes,No,No,Yes,Yes,Two year,Yes,Electronic check,101.07, ,No
2485-EHAGB,Male,0,Yes,Yes,30,Yes,No,Fiber optic,Yes,Yes,No,No,Yes,No,Two year,Yes,Electronic check,89.6,2703.97,No
5422-GIVDW,Female,0,No,Yes,16,Yes,No,Fiber optic,No,No,Yes,No,No,No,Two year,No,Bank transfer (automatic),79.17,1265.08,No
4846-TRMKI,Male,0,No,No,10,Yes,No,DSL,Yes,Yes,Yes,No,Yes,Yes,Two year,No,Bank transfer (automatic),85.52,841.26,No
2357-HUNUQ,Male,0,No,Yes,8,Yes,No,No,No internet service,No internet service,No internet service,No internet service,No internet service,No internet service,Month-to-month,Yes,Electronic check,18.25,150.27,No
1568-NZXEJ,Female,0,No,Yes,41,Yes,No,Fiber optic,No,No,Yes,Yes,Yes,No,Month-to-month,Yes,Electronic check,95.56,3922.65,No
9805-JKZXF,Female,0,No,No,38,Yes,Yes,Fiber optic,No,Yes,Yes,Yes,Yes,No,Month-to-month,Yes,Credit card (automatic),90.7,3444.09,No
1493-TCGBG,Male,1,No,No,41,Yes,No,No,No internet service,No internet service,No internet service,No internet service,No internet service,No internet service,Month-to-month,Yes,Mailed check,30.57,1272.23,No
6433-UIMOM,Female,0,No,Yes,5,Yes,No,Fiber optic,Yes,No,No,Yes,Yes,No,Month-to-month,Yes,Mailed check,100.29,480.06,No
5560-HIIHP,Female,0,Yes,Yes,45,Yes,Yes,DSL,Yes,Yes,No,No,Yes,Yes,Month-to-month,Yes,Bank transfer (automatic),75.98,3416.58,Yes
5797-GQGFE,Male,0,Yes,No,72,Yes,Yes,No,No internet service,No internet service,No internet service,No internet service,No internet service,No internet service,One year,No,Credit card (automatic),18.25,1295.06,No
3768-HZAPQ,Male,1,No,No,21,Yes,Yes,No,No internet service,No internet service,No internet service,No internet service,No internet service,No internet service,Month-to-month,Yes,Electronic check,25.77,545.77,No
4293-CMHPX,Female,0,Yes,No,1,Yes,No,Fiber optic,No,No,Yes,No,No,No,Two year,Yes,Bank transfer (automatic),86.7,91.05,No
1126-GUOXB,Male,0,No,Yes,29,Yes,Yes,Fiber optic,No,No,Yes,No,Yes,Yes,Month-to-month,Yes,Electronic check,101.04,2913.46,No
6431-BJEDO,Female,0,No,Yes,18,Yes,No,Fiber optic,No,No,No,No,No,Yes,Month-to-month,No,Mailed check,86.04,1561.77,No
2420-QUWAR,Female,0,Yes,No,29,Yes,Yes,Fiber optic,No,No,No,No,No,No,Month-to-month,No,Mailed check,80.27,2327.08,No
5987-ONILE,Female,0,No,No,5,Yes,No,Fiber optic,No,No,No,No,Yes,No,Month-to-month,Yes,Electronic check,79.47,393.56,Yes
9924-WBWWG,Male,0,Yes,No,22,Yes,No,DSL,No,Yes,Yes,No,Yes,No,One year,Yes,Mailed check,69.25,1522.97,No
9052-IRDBX,Male,1,Yes,No,18,Yes,No,Fiber optic,Yes,No,Yes,No,No,No,Two year,Yes,Bank transfer (automatic),81.56,1467.03,No
9863-YLMNE,Female,1,No,No,22,Yes,No,Fiber optic,Yes,No,Yes,No,Yes,No,Month-to-month,Yes,Credit card (automatic),90.15,1978.94,No
5923-DQSKH,Male,0,No,No,31,Yes,No,Fiber optic,Yes,Yes,Yes,Yes,No,No,One year,No,Bank transfer (automatic),91.21,2804.2,No
3795-RRIEU,Male,1,No,No,18,Yes,Yes,DSL,No,No,Yes,No,No,Yes,Two year,Yes,Bank transfer (automatic),59.18,1067.32,No
3160-MFXVN,Male,0,No,No,9,Yes,No,Fiber optic,Yes,Yes,Yes,No,No,Yes,Month-to-month,Yes,Credit card (automatic),112.33,1023.2,Yes
9910-WNDRA,Male,0,No,Yes,8,Yes,No,DSL,Yes,No,Yes,Yes,Yes,No,Month-to-month,Yes,Bank transfer (automatic),79.53,641.34,Yes
9255-LVIJU,Male,1,No,No,28,No,No phone service,Fiber optic,No,Yes,Yes,No,Yes,No,Month-to-month,Yes,Credit card (automatic),85.68,2390.39,No
5027-RQSDP,Female,0,Yes,Yes,26,Yes,Yes,No,No internet service,No internet service,No internet service,No internet service,No internet service,No internet service,Month-to-month,No,Mailed check,28.86,760.45,No
2990-IHYGJ,Male,0,Yes,No,13,Yes,Yes,No,No internet service,No internet service,No internet service,No internet service,No internet service,No internet service,Two year,No,Bank transfer (automatic),21.09,281.29,No
6383-XQLNL,Male,1,Yes,No,10,Yes,No,Fiber optic,Yes,Yes,No,No,Yes,Yes,Two year,Yes,Electronic check,95.47,935.93,No
8992-BLNGZ,Male,0,No,No,23,No,No phone service,Fiber optic,Yes,Yes,No,No,Yes,Yes,One year,Yes,Credit card (automatic),101.39,2327.61,No
6044-DAQCQ,Female,0,No,Yes,8,Yes,No,DSL,Yes,No,No,Yes,Yes,Yes,One year,No,Bank transfer (automatic),71.77,572.24,No
4522-JBVDN,Female,0,No,No,72,Yes,Yes,Fiber optic,No,No,No,No,Yes,No,One year,No,Credit card (automatic),75.8,5473.43,Yes
1202-NMDBB,Male,0,Yes,No,21,Yes,Yes,DSL,Yes,Yes,Yes,No,Yes,Yes,Month-to-month,No,Mailed check,82.86,1756.51,No
2642-VEITU,Female,0,Yes,Yes,21,Yes,Yes,No,No internet service,No internet service,No internet service,No internet service,No internet service,No internet service,One year,No,Electronic check,22.69,483.26,No
2035-RCEUT,Male,0,Yes,No,3,Yes,Yes,Fiber optic,Yes,Yes,No,No,Yes,No,Month-to-month,No,Mailed check,100.23,292.46,No
5015-ZSIQV,Female,1,No,No,22,Yes,No,DSL,Yes,No,Yes,Yes,Yes,Yes,Month-to-month,No,Bank transfer (automatic),76.52,1680.18,No
5070-JDJCX,Female,1,No,Yes,8,Yes,Yes,Fiber optic,No,No,No,No,Yes,Yes,Month-to-month,No,Electronic check,93.47,765.36,Yes
6280-OOKJY,Male,0,Yes,No,14,Yes,Yes,Fiber optic,No,Yes,No,Yes,No,Yes,Month-to-month,No,Electronic check,95.6,1332.49,No
9390-AGEZW,Female,0,Yes,No,18,Yes,Yes,Fiber optic,No,No,Yes,No,No,Yes,Month-to-month,Yes,Electronic check,89.12,1583.81,No
1591-YHVBH,Male,0,No,Yes,15,Yes,Yes,DSL,No,No,Yes,No,Yes,No,Month-to-month,No,Electronic check,69.83,1033.71,No
5379-NDXOG,Male,0,Yes,No,39,No,No phone service,Fiber optic,No,Yes,No,No,No,Yes,One year,No,Bank transfer (automatic),85.72,3338.95,No
8283-HKBIF,Female,0,Yes,Yes,2,Yes,Yes,DSL,No,No,Yes,No,No,Yes,Month-to-month,No,Credit card (automatic),64.02,129.62,Yes
1832-CJELW,Female,1,No,No,4,Yes,Yes,DSL,Yes,No,No,No,Yes,Yes,Month-to-month,Yes,Mailed check,75.33,311.68,No
1288-IUMSG,Female,0,Yes,No,4,Yes,Yes,Fiber optic,No,No,No,Yes,No,Yes,Month-to-month,No,Credit card (automatic),84.78,340.67,No
1039-ZZSGW,Male,0,Yes,No,40,Yes,No,Fiber optic,No,Yes,No,Yes,Yes,No,Month-to-month,Yes,Mailed check,89.14,3571.96,Yes
6496-AQUMS,Male,0,No,Yes,3,Yes,Yes,No,No internet service,No internet service,No internet service,No internet service,No internet service,No internet service,Two year,Yes,Credit card (automatic),25.87,88.7,No
9876-IEWAB,Male,0,Yes,No,72,Yes,No,Fiber optic,No,Yes,Yes,No,No,No,Month-to-month,Yes,Electronic check,88.05,6339.22,No
1318-KDIEE,Female,0,Yes,No,72,Yes,Yes,DSL,No,Yes,No,Yes,No,No,Month-to-month,No,Bank transfer (automatic),59.49,4275.82,No
1728-HBGQZ,Female,0,Yes,Yes,72,Yes,No,DSL,No,Yes,Yes,Yes,No,No,Two year,No,Mailed check,64.67,4664.95,No
1024-CMRTT,Female,1,Yes,No,72,Yes,No,Fiber optic,No,Yes,No,No,No,No,Two year,No,Electronic check,79.57,5740.02,Yes
5706-BETEM,Female,0,No,No,3,Yes,No,No,No internet service,No internet service,No internet service,No internet service,No internet service,No internet service,Month-to-month,No,Electronic check,26.93,93.52,No
6979-HPRYZ,Male,0,No,No,25,No,No phone service,No,No internet service,No internet service,No internet service,No internet service,No internet service,No internet service,Two year,No,Mailed check,25.06,638.81,No
3479-AHUBX,Female,0,Yes,Yes,12,Yes,Yes,Fiber optic,No,No,No,Yes,Yes,No,One year,Yes,Bank transfer (automatic),88.9,1072.54,No
4172-ZONZC,Male,0,No,No,31,Yes,Yes,No,No internet service,No internet service,No internet service,No internet service,No internet service,No internet service,Two year,Yes,Credit card (automatic),24.1,755.71,No
7022-DKZLO,Male,0,Yes,No,12,Yes,Yes,DSL,Yes,No,No,No,Yes,Yes,Month-to-month,No,Bank transfer (automatic),66.17,787.96,Yes
4621-ZXARN,Male,0,No,No,11,No,No phone service,Fiber optic,Yes,Yes,No,No,No,No,One year,Yes,Electronic check,90.12,984.15,No
9316-XGJIB,Female,0,No,Yes,56,Yes,No,DSL,No,Yes,Yes,No,No,Yes,Two year,No,Electronic check,76.09,4256.06,No
9885-ATBGY,Female,0,Yes,No,16,Yes,No,No,No internet service,No internet service,No internet service,No internet service,No internet service,No internet service,Two year,No,Mailed check,20.51,318.58,No
2716-QDZCI,Female,0,Yes,No,32,Yes,No,DSL,Yes,No,Yes,No,Yes,Yes,Month-to-month,No,Mailed check,73.13,2355.44,No
8381-OTCLO,Female,1,No,No,25,Yes,Yes,No,No internet service,No internet service,No internet service,No internet service,No internet service,No internet service,Two year,Yes,Mailed check,26.99,683.63,No
1231-LUMOK,Female,0,No,No,25,Yes,No,Fiber optic,No,No,No,No,Yes,Yes,One year,Yes,Mailed check,93.13,2325.2,Yes
1247-LTRPC,Female,0,No,No,10,Yes,No,No,No internet service,No internet service,No internet service,No internet service,No internet service,No internet service,Two year,No,Mailed check,27.39,258.32,No
4005-IGSES,Female,0,Yes,No,6,Yes,No,Fiber optic,No,No,No,Yes,No,No,Month-to-month,Yes,Credit card (automatic),81.26,477.7,Yes
1393-TLHCS,Female,0,Yes,No,51,Yes,No,Fiber optic,No,Yes,No,Yes,No,No,Month-to-month,No,Bank transfer (automatic),91.68,4662.64,No
5474-KHZMZ,Female,0,Yes,No,0,Yes,Yes,Fiber optic,No,No,No,No,No,No,Month-to-month,Yes,Bank transfer (automatic),82.14, ,Yes
9086-WJRLG,Female,0,No,No,4,Yes,No,No,No internet service,No internet service,No internet service,No internet service,No internet service,No internet service,Two year,No,Electronic check,28.39,112.35,No
5618-JCGDH,Female,1,No,Yes,3,Yes,Yes,Fiber optic,No,Yes,Yes,No,Yes,Yes,Month-to-month,No,Mailed check,93.13,271.57,No
9071-FMLCF,Female,0,No,No,71,Yes,No,No,No internet service,No internet service,No internet service,No internet service,No internet service,No internet service,Two year,No,Bank transfer (automatic),25.19,1785.53,No
6682-KDOBO,Female,0,Yes,Yes,0,Yes,No,No,No internet service,No internet service,No internet service,No internet service,No internet service,No internet service,Month-to-month,Yes,Mailed check,22.68, ,No
5568-SBODB,Female,0,Yes,Yes,0,Yes,Yes,DSL,Yes,No,No,No,Yes,No,Month-to-month,Yes,Mailed check,56.26, ,Yes
6530-WJVXE,Male,0,Yes,No,6,Yes,Yes,No,No internet service,No internet service,No internet service,No internet service,No internet service,No internet service,One year,No,Credit card (automatic),23.06,135.7,Yes
9849-DARTF,Male,1,No,No,7,Yes,No,DSL,No,Yes,No,No,Yes,No,Month-to-month,Yes,Electronic check,65.5,454.32,Yes
1403-TNZJR,Male,0,No,Yes,19,Yes,Yes,No,No internet service,No internet service,No internet service,No internet service,No internet service,No internet service,Month-to-month,No,Electronic check,18.25,338.65,Yes
8423-ILJXX,Female,0,No,Yes,72,Yes,Yes,DSL,No,No,Yes,Yes,Yes,No,Month-to-month,Yes,Mailed check,72.64,5220.67,No
6492-SFNYH,Male,0,No,Yes,15,No,No phone service,Fiber optic,Yes,No,No,No,Yes,No,Month-to-month,Yes,Mailed check,88.27,1322.21,No
7198-NKXPT,Female,0,Yes,No,8,Yes,No,No,No internet service,No internet service,No internet service,No internet service,No internet service,No internet service,Month-to-month,Yes,Mailed check,18.81,146.67,No
4621-OONUL,Female,0,No,Yes,40,Yes,No,DSL,No,No,Yes,No,Yes,Yes,Month-to-month,No,Mailed check,68.43,2730.17,No
5513-HSNEX,Male,0,Yes,Yes,11,Yes,No,DSL,Yes,No,No,Yes,Yes,Yes,Two year,No,Electronic check,81.03,876.86,No
6850-IMINE,Female,0,Yes,Yes,3,Yes,No,Fiber optic,No,No,No,No,Yes,No,Two year,No,Electronic check,86.58,240.77,No
3241-GPKKW,Female,0,Yes,Yes,37,Yes,No,Fiber optic,No,Yes,No,No,Yes,No,Two year,No,Mailed check,87.1,3235.92,No
5894-LMHXP,Female,0,Yes,No,0,No,No phone service,DSL,No,Yes,No,No,Yes,Yes,Month-to-month,No,Electronic check,74.26, ,No
5864-MKDDO,Female,0,No,Yes,5,Yes,No,Fiber optic,No,Yes,No,No,No,No,Two year,No,Credit card (automatic),85.54,435.96,No
7842-CXSUB,Male,0,No,No,24,Yes,Yes,No,No internet service,No internet service,No internet service,No internet service,No internet service,No internet service,One year,No,Bank transfer (automatic),24.71,586.62,No
6381-VXHQE,Female,0,Yes,No,2,Yes,No,No,No internet service,No internet service,No internet service,No internet service,No internet service,No internet service,Month-to-month,No,Mailed check,30.35,62.05,No
6945-LEJIT,Male,0,No,Yes,7,Yes,No,Fiber optic,Yes,Yes,No,No,No,Yes,Month-to-month,No,Mailed check,87.73,619.83,No
5295-AXFXV,Male,0,Yes,No,11,Yes,Yes,DSL,No,No,Yes,Yes,Yes,No,Month-to-month,Yes,Credit card (automatic),61.74,672.41,Yes
3398-OKXEZ,Female,0,No,No,12,Yes,No,DSL,No,No,Yes,Yes,No,No,Month-to-month,No,Bank transfer (automatic),58.21,693.53,No
3036-GFIGC,Male,0,No,No,72,Yes,Yes,Fiber optic,No,No,No,Yes,Yes,Yes,Two year,No,Electronic check,100.08,7189.23,No
6236-YKZBA,Female,0,Yes,No,27,Yes,No,DSL,No,Yes,Yes,No,Yes,Yes,Two year,No,Electronic check,84.04,2266.22,No
5698-XXBNM,Female,0,Yes,No,0,Yes,No,Fiber optic,No,No,No,No,Yes,Yes,Two year,Yes,Electronic check,92.77, ,No
6444-BWWSQ,Male,1,No,No,6,Yes,Yes,Fiber optic,No,No,No,No,Yes,No,Month-to-month,No,Credit card (automatic),84.11,502.72,No
3959-TRTHB,Male,0,Yes,No,22,Yes,No,DSL,Yes,No,No,No,Yes,No,One year,No,Mailed check,68.04,1498.64,No
7064-KNPOO,Male,0,Yes,No,29,Yes,Yes,Fiber optic,No,Yes,No,No,No,No,Month-to-month,Yes,Electronic check,80.12,2337.95,No
8929-GLVVW,Female,0,No,Yes,11,Yes,Yes,DSL,Yes,Yes,No,No,Yes,No,Two year,No,Mailed check,71.11,793.24,No
9418-SJHPP,Male,0,No,No,46,Yes,Yes,DSL,Yes,No,No,No,No,Yes,Two year,Yes,Credit card (automatic),67.97,3125.13,No
3941-WZETF,Male,0,No,No,68,Yes,Yes,DSL,No,No,No,No,Yes,Yes,Month-to-month,No,Electronic check,71.87,4882.01,No
1760-FHQLV,Male,0,No,Yes,22,Yes,No,DSL,No,No,No,No,No,Yes,One year,Yes,Mailed check,51.63,1125.71,No
1253-NBSFR,Female,0,No,No,19,Yes,Yes,Fiber optic,Yes,Yes,Yes,Yes,Yes,No,Month-to-month,No,Electronic check,105.43,2000.89,No
7883-VEFOF,Female,0,Yes,No,33,Yes,Yes,Fiber optic,No,Yes,No,No,Yes,Yes,Two year,Yes,Credit card (automatic),91.0,2997.2,No
6768-UVFVB,Male,1,No,No,36,Yes,No,DSL,No,No,No,Yes,No,Yes,Month-to-month,Yes,Electronic check,61.57,2211.37,No
7707-APAAG,Male,0,Yes,No,5,Yes,Yes,Fiber optic,No,No,Yes,No,No,No,One year,No,Credit card (automatic),88.19,426.75,No
3063-QPPFR,Male,0,Yes,No,15,No,No phone service,Fiber optic,No,No,No,Yes,No,No,One year,Yes,Credit card (automatic),71.34,1052.71,Yes
2429-VCHDW,Female,0,Yes,Yes,14,Yes,No,Fiber optic,Yes,Yes,No,No,Yes,No,Month-to-month,No,Mailed check,87.25,1211.84,No
7640-VEYNO,Female,0,No,No,68,Yes,No,DSL,No,Yes,Yes,No,Yes,No,Month-to-month,No,Credit card (automatic),64.79,4409.41,No
3808-LMXWR,Female,1,Yes,No,2,Yes,No,DSL,No,Yes,Yes,No,Yes,No,Two year,No,Mailed check,64.89,116.73,No
3061-XSVZG,Female,0,Yes,Yes,68,Yes,Yes,DSL,No,Yes,No,No,Yes,No,Month-to-month,Yes,Electronic check,58.3,3971.14,No
1077-PWWTN,Female,0,No,No,20,Yes,No,DSL,Yes,Yes,Yes,Yes,Yes,Yes,Two year,No,Mailed check,80.65,1601.5,No
8135-EVKLR,Male,0,Yes,No,8,Yes,Yes,Fiber optic,No,No,Yes,Yes,No,Yes,One year,Yes,Credit card (automatic),95.37,770.7,No
2502-MTMDW,Male,1,Yes,No,48,Yes,Yes,Fiber optic,No,No,No,No,Yes,No,Month-to-month,Yes,Mailed check,70.53,3379.86,No
9316-WGWBU,Female,1,Yes,Yes,1,Yes,Yes,DSL,No,Yes,No,Yes,No,No,Two year,Yes,Electronic check,59.83,71.91,No
3553-RUFPC,Female,0,No,No,9,Yes,Yes,Fiber optic,No,Yes,No,Yes,No,No,Two year,No,Electronic check,82.08,744.48,Yes
6621-OUTJI,Male,0,No,No,33,Yes,No,DSL,Yes,No,Yes,No,Yes,Yes,One year,Yes,Bank transfer (automatic),75.9,2505.6,No
3250-NXLGK,Male,0,Yes,No,42,Yes,Yes,Fiber optic,No,No,Yes,No,No,Yes,Month-to-month,Yes,Credit card (automatic),89.12,3744.8,Yes
3014-QYIVW,Male,0,No,Yes,4,Yes,Yes,DSL,No,Yes,Yes,Yes,No,Yes,Month-to-month,Yes,Credit card (automatic),84.11,338.74,Yes
6868-PCEWQ,Male,0,No,No,68,Yes,Yes,Fiber optic,Yes,Yes,No,No,Yes,Yes,Month-to-month,No,Credit card (automatic),110.91,7529.5,No
1667-AUIWQ,Male,0,Yes,Yes,1,Yes,No,DSL,No,No,No,Yes,No,No,Month-to-month,No,Mailed check,60.01,55.98,No
3748-MOUHH,Male,1,No,No,13,Yes,No,Fiber optic,Yes,No,No,No,No,No,One year,No,Mailed check,86.2,1123.95,No
7230-JEPYS,Male,0,No,No,2,Yes,No,DSL,No,Yes,No,Yes,No,No,Month-to-month,Yes,Credit card (automatic),60.05,125.13,No
7534-ABPNE,Male,0,Yes,No,2,Yes,No,Fiber optic,No,No,Yes,No,No,Yes,Two year,No,Credit card (automatic),89.78,176.17,Yes
9312-NQLTL,Male,0,Yes,No,58,Yes,No,DSL,Yes,No,No,Yes,No,No,Two year,Yes,Bank transfer (automatic),70.23,4099.35,No
5413-CUUZB,Male,1,No,No,56,Yes,No,No,No internet service,No internet service,No internet service,No internet service,No internet service,No internet service,Two year,No,Mailed check,27.44,1562.03,No
7836-YUOKJ,Male,0,Yes,Yes,22,Yes,Yes,Fiber optic,No,Yes,No,No,Yes,Yes,Two year,Yes,Credit card (automatic),90.19,1991.1,No
4222-VWXZU,Female,1,Yes,No,72,Yes,No,DSL,No,No,Yes,No,No,Yes,Two year,No,Mailed check,60.88,4393.18,No
9257-GGXGZ,Female,0,Yes,No,16,Yes,No,Fiber optic,No,No,No,No,Yes,Yes,Month-to-month,Yes,Bank transfer (automatic),91.49,1478.44,No
9534-NYXBB,Female,0,Yes,Yes,36,Yes,No,Fiber optic,No,No,No,No,Yes,Yes,Two year,Yes,Electronic check,92.59,3333.38,No
6334-ZOKJC,Male,0,No,No,2,Yes,No,DSL,No,Yes,Yes,No,No,No,Month-to-month,No,Credit card (automatic),67.8,142.14,No
4632-IONSQ,Male,0,Yes,No,12,Yes,No,DSL,Yes,No,No,No,Yes,Yes,Two year,Yes,Credit card (automatic),63.94,761.4,No
2949-QPTHG,Female,0,Yes,No,17,Yes,Yes,Fiber optic,Yes,No,No,No,No,No,One year,Yes,Mailed check,82.65,1408.08,No
9971-AZLYF,Female,1,No,No,36,No,No phone service,No,No internet service,No internet service,No internet service,No internet service,No internet service,No internet service,Month-to-month,Yes,Mailed check,19.49,694.47,No
3513-SWCCE,Male,0,No,Yes,9,Yes,No,Fiber optic,No,No,No,No,No,Yes,One year,Yes,Credit card (automatic),86.75,784.78,Yes
4490-SENUP,Male,0,No,No,72,Yes,Yes,Fiber optic,No,No,No,Yes,Yes,Yes,Month-to-month,Yes,Electronic check,93.89,6753.99,No
5888-AQKIU,Male,0,No,No,31,Yes,No,Fiber optic,Yes,No,No,No,Yes,No,Two year,No,Mailed check,82.1,2564.15,No
5597-YEDWE,Female,0,No,Yes,18,No,No phone service,Fiber optic,No,No,Yes,Yes,Yes,No,One year,No,Mailed check,85.95,1539.5,No
7935-RMEZX,Male,0,No,No,9,Yes,No,DSL,Yes,No,No,No,No,No,Month-to-month,No,Credit card (automatic),56.8,522.06,Yes
3258-WCVRF,Male,0,No,No,24,Yes,No,DSL,Yes,No,Yes,No,No,Yes,One year,Yes,Bank transfer (automatic),70.62,1679.81,No
2271-EAHYA,Male,0,Yes,No,26,Yes,No,DSL,No,No,No,Yes,No,No,One year,Yes,Bank transfer (automatic),52.15,1348.03,No
5941-KBUDM,Male,0,No,No,27,Yes,Yes,DSL,No,No,Yes,Yes,No,No,Two year,Yes,Electronic check,60.89,1643.28,No
1774-FCINT,Female,0,No,No,21,Yes,No,Fiber optic,No,Yes,No,No,Yes,Yes,Two year,No,Mailed check,94.58,1983.88,No
5030-KENSH,Female,1,Yes,Yes,12,Yes,No,Fiber optic,Yes,No,No,No,No,No,Month-to-month,Yes,Electronic check,77.05,944.31,Yes
4518-GXWCC,Male,0,Yes,No,40,Yes,Yes,Fiber optic,No,No,No,Yes,Yes,No,Month-to-month,No,Electronic check,88.81,3552.11,Yes
7673-MAEDP,Female,0,No,Yes,7,Yes,Yes,No,No internet service,No internet service,No internet service,No internet service,No internet service,No internet service,Month-to-month,Yes,Electronic check,29.55,188.79,No
4996-RQNNS,Female,1,No,No,23,Yes,No,DSL,Yes,No,No,No,Yes,Yes,Month-to-month,Yes,Electronic check,69.44,1590.7,Yes
7812-FMRZO,Male,1,Yes,No,15,Yes,No,Fiber optic,No,Yes,Yes,No,No,Yes,Month-to-month,Yes,Mailed check,92.99,1383.88,No
3714-GSQIK,Female,0,No,No,53,Yes,No,DSL,No,Yes,Yes,No,Yes,Yes,Month-to-month,No,Bank transfer (automatic),80.0,4234.88,No
8684-BOXLJ,Male,0,No,No,21,Yes,No,No,No internet service,No internet service,No internet service,No internet service,No internet service,No internet service,One year,Yes,Electronic check,23.62,493.55,No
7505-TKJGN,Male,0,Yes,Yes,46,Yes,No,Fiber optic,Yes,Yes,Yes,Yes,No,Yes,Two year,Yes,Credit card (automatic),114.08,5258.83,No
7476-ESJHR,Female,0,Yes,Yes,72,Yes,No,No,No internet service,No internet service,No internet service,No internet service,No internet service,No internet service,Month-to-month,Yes,Credit card (automatic),18.37,1342.67,No
3688-EKTKP,Male,0,No,Yes,3,Yes,No,Fiber optic,Yes,No,No,Yes,No,Yes,One year,No,Credit card (automatic),93.57,283.39,No
9078-GOYPF,Male,0,Yes,No,19,Yes,No,DSL,Yes,No,No,Yes,Yes,No,Month-to-month,Yes,Mailed check,64.67,1230.11,No
9714-QOPXB,Male,0,Yes,Yes,51,Yes,No,No,No internet service,No internet service,No internet service,No internet service,No internet service,No internet service,Two year,No,Mailed check,18.25,933.89,No
4410-FRUKI,Male,0,Yes,No,49,Yes,No,DSL,No,No,No,No,Yes,No,Two year,Yes,Mailed check,60.06,2952.44,No
3017-ROYVR,Female,1,No,Yes,5,Yes,Yes,Fiber optic,No,Yes,Yes,No,Yes,No,Month-to-month,No,Bank transfer (automatic),88.74,457.9,Yes
7386-OQRRK,Male,0,Yes,No,15,Yes,Yes,Fiber optic,No,No,Yes,Yes,Yes,No,Month-to-month,Yes,Electronic check,98.67,1488.46,No
8158-CMNDR,Female,0,Yes,Yes,6,Yes,Yes,Fiber optic,No,Yes,No,No,No,No,Month-to-month,Yes,Bank transfer (automatic),85.04,513.67,No
7157-YLYGL,Female,0,Yes,No,54,Yes,Yes,Fiber optic,Yes,Yes,No,No,No,Yes,Month-to-month,No,Electronic check,101.41,5486.8,No
8271-UUCVA,Female,1,Yes,No,0,No,No phone service,No,No internet service,No internet service,No internet service,No internet service,No internet service,No internet service,Month-to-month,Yes,Bank transfer (automatic),23.57, ,Yes
2834-RGIDW,Male,1,Yes,No,5,Yes,No,Fiber optic,No,Yes,Yes,No,No,No,Two year,Yes,Bank transfer (automatic),83.73,419.85,No
7729-RWPLS,Female,0,Yes,Yes,12,Yes,Yes,DSL,No,No,Yes,No,Yes,No,Month-to-month,Yes,Electronic check,56.88,689.97,No
4157-CHSIS,Female,0,Yes,No,5,Yes,No,Fiber optic,No,Yes,No,No,No,Yes,Month-to-month,Yes,Credit card (automatic),89.2,451.79,No
9432-MBDKB,Female,0,Yes,No,72,Yes,No,No,No internet service,No internet service,No internet service,No internet service,No internet service,No internet service,Month-to-month,Yes,Electronic check,26.75,1913.21,Yes
3803-AYZKW,Female,0,Yes,No,6,Yes,No,No,No internet service,No internet service,No internet service,No internet service,No internet service,No internet service,Month-to-month,Yes,Credit card (automatic),28.24,166.66,No
4026-HWTDY,Female,0,No,No,10,No,No phone service,Fiber optic,No,No,Yes,No,Yes,No,Month-to-month,No,Mailed check,83.09,825.21,No
2700-EOWQC,Female,0,No,No,4,Yes,Yes,DSL,Yes,Yes,No,Yes,No,No,Month-to-month,No,Mailed check,62.67,253.82,Yes
6585-KZFLV,Female,0,No,No,62,Yes,Yes,DSL,Yes,Yes,No,Yes,No,No,Month-to-month,Yes,Electronic check,62.58,3890.12,No
6456-NFJPR,Male,0,No,No,12,Yes,No,Fiber optic,Yes,Yes,No,No,Yes,Yes,Month-to-month,No,Bank transfer (automatic),104.93,1270.11,No
5037-SCLPC,Male,0,No,Yes,7,Yes,No,Fiber optic,No,Yes,Yes,Yes,No,Yes,Two year,Yes,Mailed check,102.23,709.86,No
9175-DYTMD,Female,0,Yes,No,6,No,No phone service,Fiber optic,No,No,Yes,No,Yes,Yes,Two year,Yes,Credit card (automatic),88.89,519.73,No
7548-LBPGS,Female,0,Yes,Yes,21,Yes,Yes,No,No internet service,No internet service,No internet service,No internet service,No internet service,No internet service,Month-to-month,Yes,Credit card (automatic),18.25,418.31,No
2002-AIEZQ,Male,1,No,No,72,Yes,Yes,Fiber optic,Yes,Yes,No,No,Yes,Yes,Month-to-month,Yes,Electronic check,100.16,7209.57,Yes
4256-MXKMM,Female,0,Yes,No,72,Yes,No,No,No internet service,No internet service,No internet service,No internet service,No internet service,No internet service,Month-to-month,Yes,Mailed check,29.5,2118.85,No
5837-ZVFTU,Female,0,No,No,72,Yes,No,DSL,No,No,No,No,No,Yes,Two year,Yes,Mailed check,62.36,4494.62,No
4620-HELDS,Male,0,No,No,11,Yes,Yes,Fiber optic,No,Yes,Yes,Yes,No,Yes,One year,Yes,Bank transfer (automatic),93.25,1019.04,No
5337-CGHOU,Female,0,No,No,58,Yes,Yes,Fiber optic,No,Yes,Yes,Yes,Yes,Yes,Month-to-month,Yes,Electronic check,92.9,5400.7,Yes
8472-SDPZM,Female,0,No,No,14,Yes,No,No,No internet service,No internet service,No internet service,No internet service,No internet service,No internet service,Month-to-month,No,Credit card (automatic),23.1,316.7,No
1683-DLQZI,Female,0,Yes,No,17,Yes,No,Fiber optic,No,Yes,No,No,No,Yes,Month-to-month,No,Credit card (automatic),87.75,1477.59,Yes
3910-OTBIN,Female,0,Yes,No,17,Yes,No,Fiber optic,No,No,No,No,Yes,No,Two year,No,Mailed check,81.86,1378.75,No
7691-DFXEX,Male,0,Yes,No,1,Yes,No,Fiber optic,No,No,Yes,No,Yes,Yes,Two year,Yes,Credit card (automatic),80.86,75.3,No
4920-MTQSW,Female,1,Yes,No,4,Yes,No,DSL,Yes,Yes,No,Yes,No,No,Two year,Yes,Electronic check,52.99,206.28,No
2360-VYCNL,Female,1,No,No,52,Yes,No,Fiber optic,No,No,No,No,No,No,Month-to-month,Yes,Electronic check,72.91,3789.14,No
7030-FTVBD,Male,1,Yes,No,54,Yes,No,DSL,No,Yes,No,Yes,Yes,No,Month-to-month,No,Bank transfer (automatic),57.91,3123.07,No
1044-MWVYW,Male,1,No,No,5,Yes,No,Fiber optic,No,No,Yes,No,No,No,Month-to-month,Yes,Mailed check,78.85,397.34,No
7085-KSPHA,Female,0,Yes,No,8,Yes,No,Fiber optic,No,Yes,Yes,No,Yes,No,Month-to-month,No,Electronic check,86.96,704.02,Yes
6089-SNCWX,Female,0,Yes,No,42,Yes,No,DSL,No,No,No,No,No,Yes,Month-to-month,No,Electronic check,63.57,2665.44,No
6182-IWHKO,Female,1,No,Yes,5,Yes,Yes,Fiber optic,No,No,Yes,Yes,Yes,No,Two year,Yes,Credit card (automatic),91.67,472.84,No
1033-ACYWR,Female,0,No,No,51,Yes,No,DSL,No,No,No,Yes,No,No,One year,Yes,Bank transfer (automatic),57.55,2951.16,No
9653-QBSVI,Female,0,No,Yes,41,Yes,Yes,Fiber optic,Yes,Yes,Yes,No,No,No,Month-to-month,Yes,Credit card (automatic),94.11,3875.0,No
4240-HGVXF,Female,0,No,Yes,39,Yes,Yes,DSL,No,Yes,Yes,No,Yes,Yes,Month-to-month,No,Mailed check,73.5,2845.85,No
2409-IISIB,Female,0,Yes,No,53,Yes,No,DSL,No,No,No,Yes,No,Yes,One year,No,Credit card (automatic),60.48,3212.31,No
8634-PVNTX,Male,0,No,Yes,52,Yes,No,Fiber optic,Yes,No,Yes,No,Yes,Yes,Month-to-month,No,Credit card (automatic),102.36,5326.56,Yes
7208-MVBVN,Male,0,No,No,59,Yes,No,DSL,No,No,No,No,No,Yes,Two year,Yes,Electronic check,59.06,3478.87,No
8328-ORIVH,Female,0,Yes,No,50,Yes,No,No,No internet service,No internet service,No internet service,No internet service,No internet service,No internet service,Month-to-month,Yes,Mailed check,19.37,975.57,No
2574-IIKDG,Female,0,Yes,No,22,Yes,Yes,DSL,No,Yes,No,No,Yes,Yes,Month-to-month,Yes,Electronic check,71.49,1567.57,Yes
8764-GDLZQ,Female,1,No,No,4,Yes,No,Fiber optic,Yes,Yes,No,Yes,Yes,Yes,One year,Yes,Electronic check,112.05,443.93,Yes
4667-ZCIET,Female,0,Yes,No,22,Yes,Yes,Fiber optic,No,Yes,No,Yes,No,Yes,Month-to-month,No,Credit card (automatic),94.53,2077.44,No
1583-UPSPR,Female,0,No,Yes,68,Yes,No,DSL,No,Yes,Yes,Yes,No,No,One year,No,Credit card (automatic),56.96,3882.55,No
2198-XRNXP,Female,0,No,No,72,Yes,No,No,No internet service,No internet service,No internet service,No internet service,No internet service,No internet service,Month-to-month,No,Electronic check,28.85,2060.01,Yes
4303-PUAKK,Male,0,Yes,Yes,31,Yes,Yes,Fiber optic,No,Yes,Yes,Yes,Yes,No,Month-to-month,Yes,Electronic check,96.76,2996.08,Yes
8549-VSXEC,Male,0,Yes,No,28,Yes,No,Fiber optic,Yes,Yes,Yes,No,No,No,Month-to-month,Yes,Bank transfer (automatic),87.56,2462.66,No
9603-ZWHDM,Female,1,No,No,66,Yes,No,DSL,Yes,Yes,No,Yes,No,Yes,Month-to-month,No,Electronic check,68.05,4509.25,No
7037-NAEUG,Female,0,No,No,8,No,No phone service,Fiber optic,No,No,No,No,No,Yes,One year,Yes,Electronic check,78.01,621.64,No
2302-FOOHB,Female,0,Yes,No,3,Yes,No,Fiber optic,No,Yes,No,Yes,No,Yes,Month-to-month,Yes,Credit card (automatic),89.68,260.04,Yes
9717-PWJOW,Male,0,No,No,8,Yes,No,DSL,Yes,No,Yes,No,Yes,Yes,Month-to-month,Yes,Mailed check,72.9,584.05,Yes
7667-JBDTF,Male,0,No,No,71,No,No phone service,No,No internet service,No internet service,No internet service,No internet service,No internet service,No internet service,One year,No,Mailed check,18.25,1277.86,No
9077-WCOZA,Male,0,Yes,No,5,Yes,Yes,Fiber optic,No,Yes,No,No,Yes,No,Two year,Yes,Electronic check,90.95,467.04,No
6688-AMHRV,Female,0,No,No,6,Yes,No,No,No internet service,No internet service,No internet service,No internet service,No internet service,No internet service,One year,Yes,Mailed check,27.1,168.46,No
1674-WRTZI,Male,0,No,Yes,5,Yes,No,No,No internet service,No internet service,No internet service,No internet service,No internet service,No internet service,Month-to-month,Yes,Bank transfer (automatic),27.18,131.98,No
4027-BZYDY,Female,0,Yes,No,15,No,No phone service,Fiber optic,No,Yes,Yes,No,No,No,Two year,Yes,Electronic check,81.68,1208.91,No
1797-RGKEH,Female,0,No,No,38,Yes,No,DSL,Yes,No,No,Yes,Yes,Yes,Month-to-month,No,Credit card (automatic),85.43,3259.93,No
8690-XTTOX,Female,0,No,No,11,Yes,Yes,Fiber optic,No,No,No,No,No,Yes,One year,Yes,Bank transfer (automatic),84.05,912.02,No
4110-XHKJT,Female,0,Yes,Yes,2,Yes,No,Fiber optic,No,No,Yes,No,Yes,No,Two year,No,Mailed check,91.07,169.64,No
9360-OZTXV,Male,0,Yes,No,32,Yes,No,Fiber optic,Yes,No,No,No,No,Yes,Month-to-month,No,Mailed check,88.97,2862.65,No
8812-ODEOQ,Female,1,No,No,22,Yes,No,DSL,Yes,No,Yes,Yes,No,No,Two year,Yes,Electronic check,60.45,1331.03,Yes
8227-YSIJE,Female,0,Yes,Yes,15,Yes,Yes,DSL,Yes,Yes,No,No,No,No,Two year,Yes,Credit card (automatic),62.05,938.43,No
3441-VAYYV,Male,0,No,No,72,Yes,No,Fiber optic,No,Yes,No,No,Yes,No,Month-to-month,No,Credit card (automatic),85.04,6124.93,Yes
1951-DUEWG,Female,0,No,No,15,Yes,Yes,Fiber optic,Yes,No,Yes,No,No,No,Month-to-month,No,Mailed check,80.97,1228.12,No
9886-ETHQA,Female,0,No,No,31,Yes,No,No,No internet service,No internet service,No internet service,No internet service,No internet service,No internet service,Month-to-month,Yes,Bank transfer (automatic),30.14,926.79,No
6237-RLCTN,Female,0,No,No,4,Yes,No,DSL,Yes,No,No,Yes,No,Yes,Month-to-month,Yes,Bank transfer (automatic),63.24,252.4,No
8663-RJWOJ,Male,0,Yes,Yes,12,Yes,No,No,No internet service,No internet service,No internet service,No internet service,No internet service,No internet service,Two year,Yes,Credit card (automatic),24.77,296.26,No
9608-SBMYP,Female,0,Yes,No,5,Yes,No,No,No internet service,No internet service,No internet service,No internet service,No internet service,No internet service,One year,Yes,Bank transfer (automatic),29.73,135.46,No
4978-KVURJ,Female,0,No,Yes,10,Yes,Yes,DSL,Yes,Yes,Yes,No,Yes,No,One year,Yes,Mailed check,71.76,722.07,No
7501-SMOMA,Male,0,No,Yes,15,Yes,Yes,DSL,No,No,Yes,No,Yes,Yes,Month-to-month,Yes,Bank transfer (automatic),72.14,1090.26,No
3260-BMBYK,Female,0,No,No,4,Yes,Yes,DSL,No,No,No,Yes,Yes,Yes,One year,Yes,Credit card (automatic),70.82,280.67,Yes
6870-ANJRK,Female,0,No,No,38,Yes,Yes,Fiber optic,Yes,No,Yes,No,No,No,Two year,Yes,Mailed check,84.39,3202.98,No
8214-CBVHH,Female,0,Yes,Yes,11,Yes,Yes,Fiber optic,No,Yes,No,Yes,Yes,Yes,Month-to-month,No,Electronic check,96.36,1065.09,Yes
2455-BVEGT,Female,0,No,Yes,54,Yes,No,Fiber optic,No,No,Yes,Yes,No,Yes,One year,No,Credit card (automatic),90.95,4901.45,No
3267-MBZCI,Male,0,Yes,No,26,Yes,Yes,Fiber optic,No,No,No,No,No,No,Month-to-month,No,Bank transfer (automatic),71.28,1846.53,No
9012-YUMEW,Male,0,Yes,Yes,4,Yes,No,Fiber optic,No,No,Yes,Yes,No,No,Month-to-month,Yes,Electronic check,73.75,300.5,Yes
1400-OEXGB,Female,1,Yes,No,24,Yes,Yes,Fiber optic,Yes,No,No,No,Yes,No,Month-to-month,No,Bank transfer (automatic),86.96,2085.84,Yes
8933-XRJAN,Male,0,Yes,No,0,Yes,No,Fiber optic,Yes,Yes,Yes,No,Yes,No,Month-to-month,Yes,Electronic check,94.58, ,No
3618-SPSFL,Female,0,No,No,39,Yes,Yes,DSL,No,No,No,No,No,No,Month-to-month,Yes,Mailed check,47.21,1846.1,Yes
8042-GXCYQ,Female,0,Yes,Yes,72,Yes,No,Fiber optic,No,Yes,Yes,No,No,No,One year,Yes,Mailed check,93.42,6726.97,No
5878-SSWKU,Male,0,No,No,27,Yes,No,Fiber optic,No,No,Yes,No,Yes,Yes,Two year,No,Electronic check,102.25,2766.83,No
2651-BGSGJ,Female,0,No,No,62,Yes,Yes,DSL,Yes,No,Yes,Yes,Yes,No,Month-to-month,Yes,Electronic check,67.78,4230.03,No
1683-WRWFZ,Female,0,No,Yes,8,Yes,No,Fiber optic,No,Yes,No,No,No,Yes,Month-to-month,Yes,Mailed check,90.62,703.87,Yes
8443-UHECB,Female,0,No,No,13,Yes,Yes,DSL,Yes,No,Yes,No,No,Yes,Month-to-month,Yes,Credit card (automatic),64.56,843.64,No
6909-FGHDL,Female,1,No,No,13,Yes,Yes,Fiber optic,Yes,No,No,Yes,No,No,Two year,Yes,Mailed check,77.93,1015.29,No
8819-QVVSI,Male,0,Yes,Yes,2,Yes,No,No,No internet service,No internet service,No internet service,No internet service,No internet service,No internet service,Month-to-month,No,Electronic check,23.09,46.66,No
1715-UQWJS,Male,0,No,Yes,38,Yes,Yes,DSL,No,Yes,No,Yes,No,Yes,Two year,Yes,Credit card (automatic),62.77,2380.11,No
7937-ZKTVX,Male,1,Yes,No,16,Yes,No,Fiber optic,No,No,No,No,Yes,Yes,Month-to-month,Yes,Electronic check,96.9,1547.16,No
6059-OLYXZ,Male,0,Yes,Yes,16,Yes,Yes,Fiber optic,No,No,No,No,Yes,No,One year,No,Credit card (automatic),79.91,1282.52,Yes
6385-VGXBU,Male,0,No,Yes,26,Yes,No,DSL,No,No,Yes,No,Yes,No,Month-to-month,Yes,Electronic check,67.75,1761.45,Yes
9454-HUSFU,Female,0,No,No,4,Yes,Yes,DSL,Yes,Yes,No,No,No,No,Month-to-month,No,Credit card (automatic),53.45,210.07,No
9583-YYVTD,Male,0,Yes,No,39,Yes,No,No,No internet service,No internet service,No internet service,No internet service,No internet service,No internet service,Month-to-month,Yes,Mailed check,18.25,728.38,No
7616-TXIEF,Male,0,No,No,10,Yes,Yes,Fiber optic,Yes,No,No,No,No,No,Two year,Yes,Bank transfer (automatic),79.68,803.1,No
7987-EERZF,Female,0,Yes,No,1,Yes,Yes,Fiber optic,No,No,No,No,No,No,Month-to-month,No,Electronic check,59.54,49.16,Yes
8048-KWNXB,Female,0,No,No,5,Yes,No,No,No internet service,No internet service,No internet service,No internet service,No internet service,No internet service,One year,Yes,Credit card (automatic),23.69,120.28,No
8452-NYSJE,Female,0,No,No,6,Yes,Yes,Fiber optic,Yes,No,No,No,No,Yes,Two year,Yes,Bank transfer (automatic),94.7,566.74,No
6091-GXMJJ,Female,0,Yes,No,4,No,No phone service,DSL,No,No,Yes,No,No,Yes,Month-to-month,No,Electronic check,54.73,230.57,Yes
7627-POUKS,Female,0,No,No,6,Yes,No,DSL,Yes,Yes,No,No,Yes,No,Two year,No,Electronic check,67.72,412.1,No
7775-COPNE,Male,0,Yes,No,72,Yes,No,DSL,No,No,No,No,No,No,Two year,Yes,Mailed check,48.29,3468.63,No
1176-RSAYI,Male,0,No,No,18,Yes,Yes,No,No internet service,No internet service,No internet service,No internet service,No internet service,No internet service,Month-to-month,Yes,Electronic check,19.34,345.23,No
9852-NTUTU,Male,0,No,No,22,Yes,No,Fiber optic,Yes,No,Yes,No,No,No,Month-to-month,Yes,Electronic check,82.5,1820.83,No
4670-KXBTX,Female,0,Yes,No,4,Yes,Yes,Fiber optic,No,No,No,No,No,No,Two year,Yes,Mailed check,77.77,298.56,Yes
4958-YEVXO,Male,0,No,No,1,Yes,Yes,No,No internet service,No internet service,No internet service,No internet service,No internet service,No internet service,Month-to-month,Yes,Electronic check,33.45,47.35,No
9715-NKUIT,Female,0,Yes,No,8,Yes,No,Fiber optic,Yes,Yes,No,Yes,No,No,Two year,Yes,Mailed check,92.7,751.72,No
9519-LCUOH,Male,0,Yes,Yes,35,Yes,No,DSL,No,No,No,Yes,No,Yes,Two year,No,Mailed check,63.71,2229.76,No
6950-ZGQLT,Female,0,No,No,19,Yes,Yes,DSL,Yes,No,No,Yes,No,No,Month-to-month,Yes,Electronic check,60.32,1143.85,No
1145-OWCSO,Male,0,Yes,Yes,0,Yes,Yes,Fiber optic,No,Yes,No,Yes,Yes,No,Month-to-month,Yes,Bank transfer (automatic),94.72, ,No
1629-QAKFW,Male,1,Yes,No,37,Yes,No,No,No internet service,No internet service,No internet service,No internet service,No internet service,No internet service,One year,Yes,Mailed check,22.19,828.03,No
6555-PZFLS,Female,1,No,No,2,Yes,Yes,DSL,Yes,No,Yes,No,No,Yes,Two year,No,Bank transfer (automatic),68.81,141.57,No
6498-DINNQ,Female,0,Yes,No,13,Yes,Yes,Fiber optic,Yes,Yes,No,No,No,Yes,Month-to-month,Yes,Credit card (automatic),95.89,1260.53,No
1676-WSBMK,Female,0,No,No,72,Yes,No,DSL,No,Yes,No,No,No,Yes,Two year,Yes,Mailed check,52.16,3763.97,No
6888-UCLGA,Male,0,No,Yes,3,Yes,Yes,Fiber optic,No,No,No,No,No,No,Month-to-month,Yes,Bank transfer (automatic),67.39,198.2,Yes
6149-RXZTF,Female,0,No,No,40,Yes,Yes,DSL,No,Yes,Yes,No,Yes,No,Month-to-month,No,Electronic check,69.88,2799.68,No
8784-WHWRY,Female,1,No,No,38,Yes,Yes,Fiber optic,No,No,No,Yes,No,Yes,Month-to-month,No,Credit card (automatic),85.77,3250.52,No
3048-NRSSJ,Female,0,Yes,Yes,14,Yes,No,DSL,Yes,No,Yes,Yes,No,No,Two year,No,Bank transfer (automatic),53.48,739.96,No
7087-VJIEW,Male,0,No,No,72,Yes,Yes,No,No internet service,No internet service,No internet service,No internet service,No internet service,No internet service,Month-to-month,Yes,Electronic check,26.98,1943.21,No
1483-FFMDV,Female,0,No,No,8,Yes,Yes,No,No internet service,No internet service,No internet service,No internet service,No internet service,No internet service,Month-to-month,No,Mailed check,23.49,197.66,Yes
5954-EBIKT,Male,0,No,No,9,Yes,No,DSL,No,Yes,Yes,Yes,No,No,Month-to-month,Yes,Credit card (automatic),65.98,607.18,Yes
5723-KGZNZ,Male,0,No,Yes,3,Yes,No,Fiber optic,No,No,Yes,Yes,Yes,No,Two year,No,Bank transfer (automatic),83.9,239.44,No
2059-FCWFC,Male,0,No,No,11,Yes,No,Fiber optic,No,No,No,No,Yes,No,Month-to-month,Yes,Electronic check,84.05,945.23,Yes
2600-ZUZRW,Female,0,No,Yes,8,Yes,Yes,DSL,Yes,No,No,Yes,No,No,One year,Yes,Electronic check,55.49,453.3,No
1351-WDFQR,Male,0,No,No,22,Yes,No,Fiber optic,No,No,Yes,No,No,No,Month-to-month,No,Bank transfer (automatic),88.77,1951.35,Yes
4166-FBLLD,Female,1,No,No,0,Yes,No,No,No internet service,No internet service,No internet service,No internet service,No internet service,No internet service,Month-to-month,Yes,Mailed check,18.25, ,No
1563-JYJGN,Female,0,Yes,No,8,Yes,Yes,Fiber optic,No,No,Yes,No,No,No,Two year,Yes,Mailed check,78.43,637.18,No
2190-LKQKU,Female,0,Yes,No,0,Yes,Yes,Fiber optic,No,No,No,No,No,Yes,Two year,Yes,Credit card (automatic),76.02, ,Yes
9447-SVDHN,Male,0,No,No,0,Yes,No,DSL,No,No,No,No,No,No,Month-to-month,Yes,Electronic check,51.02, ,No
8383-NPOLP,Male,0,No,Yes,41,Yes,Yes,Fiber optic,No,No,No,No,No,Yes,Month-to-month,Yes,Electronic check,86.05,3520.53,No
2042-ELEJZ,Male,1,No,No,33,Yes,No,No,No internet service,No internet service,No internet service,No internet service,No internet service,No internet service,Two year,Yes,Electronic check,26.38,863.76,No
4088-OHHHJ,Female,0,No,No,32,Yes,Yes,DSL,Yes,No,No,No,No,No,One year,Yes,Bank transfer (automatic),55.37,1778.43,No
2747-MPIPJ,Female,0,Yes,Yes,10,Yes,Yes,Fiber optic,Yes,Yes,Yes,No,No,No,Month-to-month,Yes,Electronic check,94.53,943.6,No
5610-WVYNM,Male,0,Yes,No,28,Yes,Yes,Fiber optic,No,Yes,Yes,No,No,No,Two year,Yes,Mailed check,78.54,2195.54,Yes
1483-DFXSK,Male,0,No,Yes,7,No,No phone service,DSL,No,No,Yes,Yes,Yes,Yes,Month-to-month,Yes,Credit card (automatic),67.58,478.7,No
8207-NHNWG,Female,0,Yes,No,8,Yes,No,Fiber optic,No,No,No,Yes,Yes,Yes,Month-to-month,No,Credit card (automatic),99.7,797.72,No
8412-RLNOR,Female,0,No,No,19,No,No phone service,Fiber optic,Yes,No,No,Yes,No,Yes,Two year,Yes,Electronic check,85.3,1614.54,No
7332-LJLHF,Female,0,Yes,No,28,Yes,Yes,Fiber optic,Yes,No,No,Yes,No,Yes,Month-to-month,Yes,Credit card (automatic),84.39,2369.94,No
4415-SAMVP,Female,0,No,No,7,Yes,No,DSL,Yes,No,No,No,No,Yes,Month-to-month,No,Credit card (automatic),57.08,394.61,Yes
8345-LYEUM,Male,0,Yes,No,27,Yes,No,DSL,No,Yes,No,No,No,Yes,Month-to-month,No,Credit card (automatic),63.82,1728.99,No
3503-FCYZT,Male,0,Yes,No,72,Yes,Yes,Fiber optic,No,No,No,No,No,No,One year,Yes,Credit card (automatic),69.59,5004.05,No
4075-LMBSD,Female,0,Yes,No,16,Yes,Yes,Fiber optic,Yes,No,No,Yes,No,Yes,Two year,No,Electronic check,91.64,1457.53,No
9978-HHPZK,Male,0,No,Yes,12,Yes,No,Fiber optic,No,Yes,Yes,No,No,No,Month-to-month,No,Bank transfer (automatic),78.43,928.48,Yes
8697-DXAAN,Male,0,No,Yes,6,No,No phone service,No,No internet service,No internet service,No internet service,No internet service,No internet service,No internet service,Month-to-month,Yes,Mailed check,18.25,94.47,No
9010-RPQXB,Female,0,Yes,No,10,Yes,No,Fiber optic,Yes,Yes,No,Yes,No,Yes,Month-to-month,Yes,Electronic check,93.0,930.85,Yes
8906-OBXSI,Female,0,Yes,Yes,18,Yes,No,Fiber optic,No,Yes,No,Yes,No,No,Month-to-month,Yes,Electronic check,82.08,1471.69,No
4977-UYSEN,Male,0,No,Yes,69,Yes,No,Fiber optic,No,Yes,No,Yes,No,No,One year,Yes,Credit card (automatic),83.64,5783.97,No
8791-FYHBR,Female,0,No,No,7,Yes,No,Fiber optic,No,Yes,No,No,Yes,Yes,One year,No,Credit card (automatic),95.3,671.41,No
7900-THEQP,Male,0,Yes,Yes,6,Yes,Yes,Fiber optic,Yes,No,No,No,Yes,No,Month-to-month,No,Electronic check,91.27,539.94,No
7489-EQDAV,Female,0,No,No,72,Yes,No,Fiber optic,Yes,No,No,Yes,Yes,Yes,Month-to-month,Yes,Electronic check,96.3,6942.35,Yes
2605-AXDBM,Male,1,Yes,No,22,Yes,Yes,DSL,Yes,Yes,Yes,No,Yes,Yes,Two year,Yes,Credit card (automatic),77.21,1708.85,No
5991-KCGJK,Female,0,No,No,31,Yes,No,No,No internet service,No internet service,No internet service,No internet service,No internet service,No internet service,One year,Yes,Bank transfer (automatic),18.25,557.45,No
3372-WBOPD,Male,0,Yes,No,42,Yes,No,Fiber optic,No,Yes,No,No,Yes,No,Month-to-month,Yes,Bank transfer (automatic),90.39,3795.75,Yes
8803-PLNLU,Female,0,No,Yes,2,Yes,No,Fiber optic,No,No,Yes,Yes,Yes,Yes,Month-to-month,No,Mailed check,99.83,209.48,Yes
6487-PVLBW,Female,0,Yes,No,15,Yes,Yes,No,No internet service,No internet service,No internet service,No internet service,No internet service,No internet service,Month-to-month,Yes,Electronic check,18.25,267.26,No
3605-KIVGL,Female,0,No,Yes,3,Yes,No,DSL,Yes,Yes,Yes,Yes,Yes,Yes,One year,No,Mailed check,87.25,265.02,No
2360-IFLTJ,Female,0,No,No,23,Yes,Yes,No,No internet service,No internet service,No internet service,No internet service,No internet service,No internet service,Month-to-month,Yes,Mailed check,33.28,770.13,No
6643-ABSAP,Female,0,Yes,No,72,Yes,No,No,No internet service,No internet service,No internet service,No internet service,No internet service,No internet service,Two year,No,Credit card (automatic),32.32,2327.46,No
4343-RRWZM,Male,0,Yes,No,1,Yes,No,DSL,Yes,No,No,No,Yes,Yes,One year,Yes,Electronic check,74.51,63.32,No
2333-LIEIM,Male,0,Yes,Yes,7,Yes,No,No,No internet service,No internet service,No internet service,No internet service,No internet service,No internet service,Month-to-month,Yes,Credit card (automatic),22.91,172.73,No
4387-JPNYB,Female,1,No,No,72,Yes,Yes,DSL,No,No,No,No,No,No,Month-to-month,No,Credit card (automatic),47.18,3411.33,No
5062-YSKSK,Male,0,No,No,0,Yes,No,Fiber optic,No,No,Yes,No,Yes,No,One year,No,Bank transfer (automatic),90.91, ,No
6950-GOXWY,Male,1,Yes,No,3,No,No phone service,DSL,No,Yes,No,No,No,No,Month-to-month,No,Mailed check,52.12,154.59,No
5551-DRNUR,Female,1,No,No,2,Yes,Yes,Fiber optic,Yes,No,No,No,Yes,No,One year,No,Bank transfer (automatic),87.3,177.64,Yes
8715-BUFKA,Male,0,Yes,Yes,34,Yes,No,Fiber optic,No,No,Yes,No,No,No,One year,No,Mailed check,76.32,2586.19,No
5814-LXREK,Male,1,Yes,No,33,Yes,No,No,No internet service,No internet service,No internet service,No internet service,No internet service,No internet service,Month-to-month,No,Mailed check,30.96,1036.12,Yes
8287-USVAQ,Male,0,Yes,Yes,36,Yes,Yes,Fiber optic,No,No,No,No,Yes,No,Month-to-month,No,Electronic check,77.7,2806.82,No
2177-ZKSXK,Male,1,Yes,No,35,Yes,No,Fiber optic,No,No,No,No,No,No,One year,Yes,Electronic check,88.53,3109.76,No
4726-HNAJG,Female,0,Yes,Yes,43,Yes,Yes,DSL,No,Yes,No,No,Yes,No,Month-to-month,Yes,Mailed check,69.39,2973.51,No
8179-BRUGT,Male,0,No,No,35,Yes,No,Fiber optic,No,Yes,No,No,Yes,Yes,Two year,Yes,Electronic check,86.79,3035.67,No
8224-NJIWO,Male,0,No,No,15,No,No phone service,Fiber optic,Yes,No,Yes,Yes,No,Yes,One year,No,Electronic check,94.25,1419.78,Yes
4897-TXJSS,Male,0,No,No,32,Yes,No,No,No internet service,No internet service,No internet service,No internet service,No internet service,No internet service,One year,Yes,Electronic check,25.31,803.67,No
9444-LITDA,Male,0,No,Yes,21,Yes,No,Fiber optic,No,No,Yes,No,Yes,Yes,Month-to-month,No,Electronic check,92.69,1936.62,Yes
5719-AMCLW,Female,0,No,No,10,Yes,No,Fiber optic,Yes,Yes,No,No,No,No,Two year,No,Electronic check,76.04,759.8,No
1552-DBVVI,Male,1,Yes,Yes,43,Yes,No,DSL,No,Yes,No,No,Yes,No,One year,Yes,Credit card (automatic),62.86,2702.3,No
4422-TXMNC,Female,0,No,No,37,Yes,Yes,Fiber optic,No,Yes,Yes,Yes,Yes,Yes,Month-to-month,Yes,Credit card (automatic),103.54,3826.57,No
6870-VXJYQ,Female,0,No,No,4,Yes,Yes,No,No internet service,No internet service,No internet service,No internet service,No internet service,No internet service,One year,Yes,Electronic check,32.3,121.99,Yes
2760-KEIGG,Female,0,No,No,0,Yes,Yes,Fiber optic,No,Yes,Yes,Yes,Yes,No,Two year,Yes,Electronic check,101.77, ,No
4561-YEPWY,Female,0,No,No,9,No,No phone service,No,No internet service,No internet service,No internet service,No internet service,No internet service,No internet service,Month-to-month,Yes,Mailed check,20.47,181.72,No
2508-OVPDN,Female,0,No,No,12,Yes,Yes,Fiber optic,Yes,No,No,Yes,No,No,Two year,Yes,Electronic check,83.51,999.07,No
4447-QQUPZ,Male,0,Yes,No,4,Yes,No,No,No internet service,No internet service,No internet service,No internet service,No internet service,No internet service,Month-to-month,Yes,Mailed check,24.9,89.56,Yes
1833-KOCXP,Male,0,Yes,No,46,Yes,No,No,No internet service,No internet service,No internet service,No internet service,No internet service,No internet service,One year,Yes,Credit card (automatic),28.5,1328.23,No
7260-SVFNE,Female,0,No,No,0,Yes,No,Fiber optic,No,Yes,No,No,No,No,Month-to-month,No,Mailed check,80.2, ,Yes
8460-FRVRS,Female,0,Yes,Yes,15,No,No phone service,Fiber optic,No,No,No,Yes,No,No,Month-to-month,No,Mailed check,82.81,1260.72,No
7721-QAIMD,Male,0,Yes,No,1,Yes,No,DSL,No,Yes,No,No,Yes,No,Month-to-month,Yes,Mailed check,68.17,75.97,No
1356-ZWRJY,Male,1,No,No,18,Yes,Yes,No,No internet service,No internet service,No internet service,No internet service,No internet service,No internet service,One year,Yes,Electronic check,29.79,558.25,No
5451-ZZMMQ,Female,1,No,No,14,No,No phone service,DSL,No,Yes,No,No,Yes,No,Two year,No,Electronic check,62.64,870.87,No
9515-WCKLI,Male,0,No,No,36,Yes,No,DSL,Yes,No,No,No,Yes,Yes,Two year,Yes,Electronic check,60.03,2159.23,No
2444-ESKIC,Male,0,No,No,28,Yes,Yes,Fiber optic,Yes,No,No,No,Yes,Yes,Month-to-month,Yes,Credit card (automatic),94.96,2668.97,No
2521-MYLIJ,Female,0,Yes,No,44,Yes,No,DSL,No,No,No,No,Yes,Yes,Two year,Yes,Electronic check,64.88,2863.73,No
9283-MTTMZ,Female,0,No,Yes,18,Yes,No,Fiber optic,No,No,Yes,Yes,Yes,No,Two year,Yes,Credit card (automatic),94.04,1694.43,No
6054-VIXJS,Female,1,Yes,Yes,41,Yes,No,DSL,No,Yes,No,No,Yes,No,Month-to-month,No,Mailed check,68.12,2782.79,No
6413-GOVSN,Female,0,No,No,30,Yes,Yes,DSL,Yes,No,No,No,Yes,Yes,Month-to-month,Yes,Mailed check,77.55,2332.76,No
9815-NYTBI,Female,0,No,No,36,No,No phone service,Fiber optic,No,No,No,No,Yes,No,One year,No,Bank transfer (automatic),66.95,2406.4,No
9228-NORQI,Male,0,No,Yes,22,Yes,Yes,Fiber optic,Yes,No,Yes,Yes,No,No,Month-to-month,Yes,Electronic check,92.45,2033.43,No
4346-WYIPZ,Female,1,No,No,30,Yes,No,Fiber optic,Yes,No,No,No,No,Yes,One year,Yes,Credit card (automatic),98.19,2938.13,No
2560-CVEGW,Male,0,Yes,No,12,Yes,No,Fiber optic,No,Yes,No,No,Yes,Yes,Month-to-month,No,Bank transfer (automatic),94.04,1137.24,No
7720-VUDZP,Female,0,No,No,2,Yes,No,No,No internet service,No internet service,No internet service,No internet service,No internet service,No internet service,Month-to-month,No,Credit card (automatic),24.84,18.39,Yes
9032-DJKGD,Female,0,No,No,12,Yes,,No,No internet service,No internet service,No internet service,No internet service,No internet service,No internet service,Month-to-month,Yes,Mailed check,25.09,293.24,No
1026-JEGYH,Female,0,Yes,No,4,Yes,No,DSL,No,No,No,No,No,Yes,Month-to-month,Yes,Electronic check,52.98,215.5,Yes
6601-IDLZK,Female,0,No,No,23,No,No phone service,No,No internet service,No internet service,No internet service,No internet service,No internet service,No internet service,Month-to-month,Yes,Electronic check,18.64,438.92,No
3411-UDMVA,Female,0,No,Yes,7,Yes,No,No,No internet service,No internet service,No internet service,No internet service,No internet service,No internet service,Month-to-month,Yes,Electronic check,31.24,225.0,Yes
9963-DHYTF,Female,0,Yes,No,72,Yes,No,DSL,No,No,No,Yes,No,Yes,Month-to-month,No,Credit card (automatic),66.83,4809.13,No
7883-DKIND,Male,1,No,No,7,Yes,Yes,DSL,No,No,Yes,No,No,Yes,Month-to-month,No,Electronic check,60.22,406.85,Yes
3988-YCWGA,Female,1,No,No,2,No,No phone service,No,No internet service,No internet service,No internet service,No internet service,No internet service,No internet service,Month-to-month,Yes,Mailed check,21.28,55.98,No
9065-EXVNM,Female,0,Yes,No,51,Yes,Yes,Fiber optic,No,No,Yes,Yes,No,Yes,Month-to-month,Yes,Electronic check,85.03,4336.01,No
2238-OCFIC,Male,1,No,No,12,Yes,No,DSL,No,No,Yes,No,No,Yes,Month-to-month,Yes,Bank transfer (automatic),52.11,628.27,No
8084-MVGEZ,Male,1,No,Yes,10,Yes,No,No,No internet service,No internet service,No internet service,No internet service,No internet service,No internet service,Month-to-month,No,Bank transfer (automatic),31.56,299.37,Yes
9604-HHVGS,Female,0,No,No,51,Yes,No,No,No internet service,No internet service,No internet service,No internet service,No internet service,No internet service,Month-to-month,Yes,Credit card (automatic),28.39,1449.74,No
2382-WDJMD,Male,0,No,No,25,Yes,Yes,DSL,Yes,Yes,Yes,Yes,Yes,No,Month-to-month,Yes,Mailed check,82.05,2048.55,Yes
3589-SJGEC,Male,1,No,No,18,No,,Fiber optic,No,No,No,No,Yes,No,Month-to-month,Yes,Credit card (automatic),77.31,1390.28,No
7299-VVBKJ,Female,0,No,No,9,No,No phone service,DSL,No,No,Yes,Yes,No,Yes,Month-to-month,Yes,Credit card (automatic),61.45,556.41,No
9566-MGJDV,Female,0,Yes,No,8,Yes,Yes,DSL,Yes,Yes,Yes,No,Yes,No,Two year,Yes,Mailed check,66.89,536.46,No
9915-PTFIM,Male,0,Yes,No,20,Yes,No,Fiber optic,No,Yes,No,No,No,No,Month-to-month,No,Credit card (automatic),81.24,1606.86,No
9734-GRNVE,Female,0,Yes,Yes,16,Yes,No,DSL,Yes,No,Yes,No,No,No,One year,No,Mailed check,61.35,968.06,No
3805-MXHOS,Male,0,No,No,7,Yes,No,DSL,No,No,Yes,No,No,Yes,Month-to-month,No,Bank transfer (automatic),66.51,463.03,Yes
1488-FWYNW,Male,0,No,No,4,Yes,No,DSL,No,No,No,No,No,No,Two year,Yes,Mailed check,53.78,210.14,No
5361-IQMQS,Male,0,Yes,No,40,Yes,Yes,No,No internet service,No internet service,No internet service,No internet service,No internet service,No internet service,Month-to-month,Yes,Electronic check,25.0,1004.86,No
7124-IAAEH,Male,0,Yes,No,27,Yes,No,No,No internet service,No internet service,No internet service,No internet service,No internet service,No internet service,Month-to-month,Yes,Bank transfer (automatic),25.95,691.44,Yes
3798-TDYIV,Female,0,No,No,72,Yes,No,Fiber optic,No,Yes,Yes,Yes,No,No,Two year,Yes,Credit card (automatic),91.84,6605.24,No
3679-ZTJXO,Female,0,No,Yes,17,Yes,Yes,Fiber optic,No,No,Yes,Yes,No,No,Month-to-month,No,Bank transfer (automatic),81.8,1382.36,No
2316-XAKLZ,Female,0,Yes,Yes,72,Yes,No,DSL,Yes,Yes,No,Yes,No,Yes,Month-to-month,Yes,Credit card (automatic),69.69,5010.89,Yes
4778-WPZNL,Female,1,Yes,Yes,14,Yes,Yes,Fiber optic,No,No,No,Yes,Yes,Yes,One year,Yes,Credit card (automatic),95.09,1358.76,No
2523-ZPUHQ,Female,0,No,No,18,Yes,Yes,Fiber optic,Yes,No,Yes,No,No,No,Two year,Yes,Mailed check,81.42,1482.82,No
5604-IDHJO,Female,0,Yes,No,5,Yes,No,No,No internet service,No internet service,No internet service,No internet service,No internet service,No internet service,Month-to-month,No,Mailed check,29.25,172.42,No
3621-RNEIM,Female,1,No,No,3,Yes,Yes,Fiber optic,No,No,No,Yes,Yes,No,One year,No,Electronic check,92.23,282.12,No
8484-YSKLC,Female,0,No,Yes,67,Yes,No,Fiber optic,No,Yes,Yes,No,No,Yes,One year,Yes,Mailed check,94.43,6339.04,No
1705-WVOEG,Female,0,No,Yes,72,Yes,Yes,Fiber optic,No,Yes,No,Yes,Yes,No,One year,No,Bank transfer (automatic),104.96,7544.09,No
4768-POPYD,Female,1,No,No,19,Yes,Yes,Fiber optic,Yes,Yes,No,Yes,Yes,No,Two year,Yes,Mailed check,106.82,2022.0,No
6221-RCYVX,Female,0,Yes,No,7,Yes,No,Fiber optic,No,No,Yes,No,Yes,No,Month-to-month,No,Credit card (automatic),79.69,542.68,Yes
4962-EBWPF,Female,0,No,No,72,Yes,No,No,No internet service,No internet service,No internet service,No internet service,No internet service,No internet service,One year,Yes,Electronic check,31.36,2260.71,No
5794-ORFMX,Male,1,No,No,38,Yes,No,DSL,Yes,No,No,Yes,Yes,No,Month-to-month,Yes,Mailed check,66.84,2525.86,No
9332-APDQR,Female,1,No,No,4,Yes,No,DSL,No,No,Yes,Yes,No,Yes,Month-to-month,Yes,Mailed check,71.31,282.93,No
3607-AFKFQ,Female,0,No,No,8,Yes,No,No,No internet service,No internet service,No internet service,No internet service,No internet service,No internet service,Month-to-month,Yes,Electronic check,21.78,176.82,No
9771-NNTHV,Female,1,No,No,0,Yes,No,No,No internet service,No internet service,No internet service,No internet service,No internet service,No internet service,Two year,No,Credit card (automatic),26.36, ,No
5417-EDJTX,Female,0,Yes,No,20,No,No phone service,Fiber optic,No,No,No,Yes,Yes,Yes,Month-to-month,No,Credit card (automatic),85.72,1717.57,Yes
8220-CPJOD,Female,0,Yes,No,17,No,No phone service,Fiber optic,No,Yes,No,Yes,No,Yes,One year,No,Credit card (automatic),84.5,1431.86,No
2806-JTVRP,Male,1,No,Yes,4,Yes,Yes,DSL,No,No,Yes,No,No,No,Two year,Yes,Credit card (automatic),56.02,223.94,No
9820-IXSQJ,Male,0,Yes,No,9,Yes,No,Fiber optic,Yes,Yes,Yes,No,Yes,No,Month-to-month,No,Bank transfer (automatic),105.46,954.1,No
9240-JUUVB,Female,0,Yes,No,67,Yes,Yes,Fiber optic,No,Yes,No,Yes,No,No,Two year,Yes,Credit card (automatic),78.57,5291.35,No
1328-BRLOU,Female,0,No,No,25,Yes,Yes,No,No internet service,No internet service,No internet service,No internet service,No internet service,No internet service,Month-to-month,Yes,Electronic check,21.89,555.84,No
6368-TFRMD,Female,0,No,No,47,Yes,Yes,Fiber optic,No,No,Yes,Yes,Yes,No,Two year,Yes,Mailed check,94.76,4459.51,No
2598-LIBPA,Male,0,No,No,43,Yes,Yes,Fiber optic,Yes,No,Yes,No,No,No,Two year,Yes,Electronic check,78.52,3388.85,No
6507-OTATO,Female,1,No,No,60,Yes,Yes,DSL,No,Yes,No,Yes,No,No,One year,Yes,Credit card (automatic),68.94,4139.47,No
7242-MRMJT,Female,0,No,No,1,Yes,No,Fiber optic,Yes,Yes,No,No,Yes,No,One year,No,Electronic check,92.25,93.22,No
7712-HARLR,Male,0,Yes,No,7,Yes,No,DSL,Yes,No,Yes,Yes,No,No,Two year,No,Mailed check,74.33,521.1,Yes
8723-TIBND,Male,0,No,No,12,Yes,Yes,No,No internet service,No internet service,No internet service,No internet service,No internet service,No internet service,Month-to-month,Yes,Mailed check,18.25,222.76,Yes
2106-FIQOE,Female,0,No,No,24,Yes,Yes,Fiber optic,Yes,Yes,No,No,No,Yes,Month-to-month,Yes,Bank transfer (automatic),88.97,2142.01,Yes
4995-RWDUX,Female,0,Yes,Yes,22,Yes,No,Fiber optic,No,Yes,Yes,No,Yes,Yes,Two year,Yes,Bank transfer (automatic),101.7,2227.25,No
9186-EZDES,Male,0,No,Yes,6,Yes,Yes,Fiber optic,No,No,Yes,No,Yes,No,Month-to-month,Yes,Mailed check,85.37,520.55,No
2903-LIXPN,Female,0,Yes,Yes,5,No,No phone service,Fiber optic,Yes,No,Yes,No,No,No,Two year,Yes,Electronic check,70.93,355.13,Yes
5542-ATWZU,Female,0,No,No,13,No,No phone service,No,No internet service,No internet service,No internet service,No internet service,No internet service,No internet service,Month-to-month,Yes,Electronic check,18.25,231.16,No
2283-IXSNV,Male,0,No,No,6,Yes,No,Fiber optic,No,No,Yes,Yes,No,Yes,Month-to-month,Yes,Bank transfer (automatic),88.37,516.5,Yes
5363-DGQAN,Female,0,Yes,No,72,Yes,No,Fiber optic,No,No,Yes,No,No,Yes,Month-to-month,No,Electronic check,89.33,6420.23,Yes
8534-LLFZM,Male,0,Yes,Yes,72,Yes,No,Fiber optic,No,Yes,No,Yes,No,No,Two year,No,Mailed check,83.49,6024.65,No
1671-YPWIZ,Female,0,No,Yes,2,Yes,No,Fiber optic,No,No,Yes,No,No,No,Month-to-month,No,Bank transfer (automatic),81.22,161.52,Yes
8373-YXGLC,Female,0,No,No,29,Yes,Yes,Fiber optic,No,No,No,No,No,No,One year,Yes,Mailed check,80.45,2323.56,Yes
6677-SKEWM,Male,0,Yes,Yes,6,Yes,No,DSL,No,No,No,Yes,No,No,One year,Yes,Bank transfer (automatic),59.33,362.61,No
9425-GQPHQ,Male,0,No,No,30,Yes,No,Fiber optic,Yes,No,Yes,Yes,Yes,No,Month-to-month,Yes,Bank transfer (automatic),103.77,3126.34,Yes
4347-REFTN,Male,0,Yes,No,34,Yes,No,Fiber optic,No,No,Yes,No,Yes,No,Two year,No,Credit card (automatic),89.76,3062.95,Yes
4179-DGKTB,Male,0,Yes,No,1,Yes,No,DSL,No,Yes,Yes,No,No,No,Month-to-month,Yes,Electronic check,59.03,61.34,No
8267-GAOTV,Male,0,No,No,28,Yes,No,No,No internet service,No internet service,No internet service,No internet service,No internet service,No internet service,Two year,Yes,Bank transfer (automatic),19.1,549.21,No
8799-HYENR,Male,0,No,No,54,Yes,No,No,No internet service,No internet service,No internet service,No internet service,No internet service,No internet service,Two year,No,Mailed check,23.19,1260.34,No
7977-YVPNP,Male,0,No,No,5,Yes,No,DSL,No,No,Yes,Yes,No,No,Month-to-month,Yes,Mailed check,59.22,275.58,No
8050-QCWWE,Male,1,No,No,2,Yes,No,DSL,No,No,Yes,No,No,Yes,One year,Yes,Mailed check,64.25,127.86,No
8004-OWEVC,Male,1,No,No,20,Yes,No,DSL,No,No,No,No,Yes,No,Two year,No,Credit card (automatic),58.52,1192.96,No
2797-WNXBR,Female,0,No,No,17,No,No phone service,Fiber optic,No,No,No,No,Yes,Yes,Two year,Yes,Electronic check,92.59,1579.51,No
8005-FXENQ,Female,0,No,Yes,52,Yes,Yes,Fiber optic,No,No,No,No,No,No,Month-to-month,No,Bank transfer (automatic),81.76,4252.8,No
9896-JITLZ,Male,0,Yes,No,14,Yes,Yes,No,No internet service,No internet service,No internet service,No internet service,No internet service,No internet service,One year,No,Electronic check,20.46,303.74,No
5314-XRLBA,Female,0,No,Yes,12,Yes,No,Fiber optic,No,No,No,No,No,No,Two year,No,Mailed check,75.08,889.64,No
6496-AVLGD,Male,0,Yes,No,30,Yes,No,DSL,No,No,Yes,No,No,No,Two year,No,Electronic check,58.92,1770.84,Yes
7051-ZOAFN,Male,0,Yes,Yes,1,Yes,No,Fiber optic,No,Yes,No,No,No,No,Two year,Yes,Mailed check,74.37,93.32,No
4417-NJGWX,Female,0,Yes,No,1,Yes,No,No,No internet service,No internet service,No internet service,No internet service,No internet service,No internet service,Month-to-month,Yes,Mailed check,24.77,38.57,No
7517-LXSIC,Male,0,No,Yes,16,Yes,No,Fiber optic,No,No,No,No,No,No,Month-to-month,Yes,Bank transfer (automatic),83.48,1322.25,No
6673-NFHSJ,Male,0,Yes,No,2,Yes,Yes,Fiber optic,Yes,Yes,No,Yes,Yes,No,Two year,Yes,Electronic check,101.41,204.71,No
6220-IWIOI,Male,0,Yes,Yes,67,Yes,Yes,DSL,No,No,No,No,No,No,One year,No,Electronic check,44.03,2952.23,No
3460-NFVTH,Male,0,No,No,25,Yes,No,No,No internet service,No internet service,No internet service,No internet service,No internet service,No internet service,Month-to-month,Yes,Mailed check,29.79,760.74,No
6245-BEQJN,Female,0,No,No,33,Yes,No,DSL,Yes,No,No,Yes,Yes,No,Two year,Yes,Bank transfer (automatic),66.94,2215.77,No
3513-AVBDM,Male,0,No,No,6,Yes,No,No,No internet service,No internet service,No internet service,No internet service,No internet service,No internet service,One year,No,Mailed check,22.03,125.38,No
3031-EWJQK,Female,0,No,Yes,16,Yes,Yes,Fiber optic,No,Yes,Yes,No,No,No,Month-to-month,No,Credit card (automatic),89.84,1423.99,No
2055-EODGJ,Female,0,No,No,3,Yes,No,DSL,No,No,Yes,No,Yes,No,Month-to-month,No,Bank transfer (automatic),67.55,213.51,Yes
2750-XDTZE,Male,0,No,No,5,Yes,No,DSL,No,Yes,No,No,No,Yes,Two year,Yes,Credit card (automatic),57.34,287.49,Yes
4428-KSEUH,Female,0,Yes,No,20,Yes,Yes,No,No internet service,No internet service,No internet service,No internet service,No internet service,No internet service,Two year,Yes,Bank transfer (automatic),26.32,538.14,Yes
5391-MERXI,Female,0,No,No,7,Yes,No,Fiber optic,No,Yes,No,Yes,No,Yes,Month-to-month,No,Mailed check,96.74,689.15,No
8951-NQFCQ,Female,0,Yes,No,59,Yes,No,Fiber optic,No,Yes,Yes,Yes,Yes,No,Month-to-month,Yes,Electronic check,89.55,5278.95,No
3604-FHYFP,Female,0,No,No,72,Yes,Yes,Fiber optic,No,No,No,Yes,Yes,No,Month-to-month,Yes,Bank transfer (automatic),90.13,6489.08,No
1101-QUCWL,Male,1,No,No,0,No,No phone service,Fiber optic,No,No,No,No,No,No,Two year,Yes,Credit card (automatic),63.29, ,No
4135-FUGKI,Male,1,No,No,34,Yes,Yes,Fiber optic,Yes,No,Yes,No,No,Yes,Month-to-month,No,Mailed check,92.38,3140.91,No
8631-EOUZD,Male,0,No,No,2,No,No phone service,Fiber optic,No,No,No,No,Yes,No,Month-to-month,Yes,Electronic check,76.29,160.75,Yes
4268-GCDYO,Female,0,No,No,20,No,No phone service,No,No internet service,No internet service,No internet service,No internet service,No internet service,No internet service,One year,No,Electronic check,18.25,369.75,No
5315-BXYEG,Female,0,No,Yes,6,Yes,No,Fiber optic,No,No,Yes,No,No,Yes,Month-to-month,Yes,Mailed check,82.83,476.82,Yes
5848-HIJKA,Male,1,Yes,No,72,Yes,No,Fiber optic,No,No,Yes,Yes,Yes,Yes,Month-to-month,Yes,Electronic check,97.11,6999.64,No
1679-SLFJX,Female,0,No,No,50,No,No phone service,Fiber optic,Yes,No,No,No,No,No,Month-to-month,Yes,Electronic check,76.9,3848.37,No
4748-XGGWY,Female,1,Yes,Yes,21,Yes,No,DSL,Yes,Yes,No,No,No,No,Month-to-month,Yes,Credit card (automatic),60.15,1277.42,No
5789-VIOFP,Male,0,Yes,No,4,Yes,No,Fiber optic,No,No,No,No,No,Yes,Month-to-month,Yes,Electronic check,87.34,341.34,Yes
7694-OWBHL,Female,0,No,Yes,36,Yes,No,Fiber optic,Yes,No,No,No,No,No,Two year,No,Credit card (automatic),81.3,2929.01,No
8978-FTMWP,Female,0,No,Yes,17,Yes,Yes,DSL,No,Yes,No,No,Yes,Yes,Month-to-month,Yes,Electronic check,66.53,1129.38,No
8655-QZMDT,Male,1,Yes,No,22,Yes,No,Fiber optic,Yes,Yes,Yes,No,No,No,Two year,No,Electronic check,83.74,1835.03,No
3921-YVTPQ,Male,0,No,No,30,Yes,Yes,No,No internet service,No internet service,No internet service,No internet service,No internet service,No internet service,Month-to-month,Yes,Bank transfer (automatic),21.55,635.71,No
6415-KYEUZ,Male,0,No,Yes,12,Yes,No,Fiber optic,No,No,Yes,Yes,Yes,Yes,Month-to-month,No,Electronic check,102.06,1213.57,Yes
6047-HUPDF,Male,0,No,Yes,0,Yes,No,Fiber optic,No,No,No,Yes,No,Yes,One year,No,Electronic check,93.17, ,Yes
8929-UHIMQ,Male,0,Yes,Yes,10,Yes,No,No,No internet service,No internet service,No internet service,No internet service,No internet service,No internet service,One year,Yes,Mailed check,32.37,327.73,No
7476-IFJEG,Male,0,No,No,12,Yes,Yes,Fiber optic,No,No,No,No,No,Yes,One year,No,Credit card (automatic),85.82,1047.96,No
4400-YJKCH,Male,0,No,No,10,Yes,Yes,DSL,Yes,No,Yes,Yes,Yes,Yes,One year,No,Bank transfer (automatic),81.09,806.42,No
4344-GLPOU,Female,0,Yes,Yes,42,Yes,Yes,Fiber optic,No,Yes,No,No,No,Yes,Month-to-month,Yes,Credit card (automatic),83.75,3532.13,No
2628-MRRXE,Male,0,No,No,9,No,No phone service,No,No internet service,No internet service,No internet service,No internet service,No internet service,No internet service,Month-to-month,No,Credit card (automatic),18.25,148.88,No
2290-CQWLC,Female,0,Yes,No,12,Yes,Yes,DSL,Yes,Yes,No,No,No,Yes,Two year,No,Electronic check,64.38,772.1,No
3550-BDRTU,Male,1,Yes,No,1,Yes,No,No,No internet service,No internet service,No internet service,No internet service,No internet service,No internet service,Month-to-month,Yes,Electronic check,20.03,15.77,No
2997-HBZSJ,Female,0,Yes,Yes,30,Yes,Yes,DSL,Yes,Yes,Yes,No,No,Yes,Month-to-month,Yes,Electronic check,65.18,1962.53,No
7299-EKIPZ,Female,0,Yes,No,5,No,No phone service,No,No internet service,No internet service,No internet service,No internet service,No internet service,No internet service,Two year,No,Credit card (automatic),22.03,106.91,No
9813-ITZEO,Female,0,No,No,6,Yes,No,DSL,No,No,No,No,No,Yes,Month-to-month,Yes,Mailed check,58.8,344.86,No
3804-UDTUV,Female,0,No,No,21,Yes,No,Fiber optic,No,Yes,Yes,No,No,No,Two year,Yes,Credit card (automatic),89.39,1890.81,No
8871-GOVQR,Female,0,No,No,72,Yes,Yes,No,No internet service,No internet service,No internet service,No internet service,No internet service,No internet service,Month-to-month,Yes,Electronic check,24.3,1767.26,No
9710-SJMBV,Male,0,Yes,Yes,12,Yes,No,DSL,Yes,No,Yes,No,No,Yes,Two year,Yes,Mailed check,70.08,820.98,No
7906-TKEFC,Male,0,Yes,No,9,Yes,No,Fiber optic,No,No,Yes,No,Yes,No,Month-to-month,Yes,Electronic check,93.6,835.82,No
5546-VDGOK,Male,0,Yes,No,0,Yes,No,Fiber optic,Yes,No,No,Yes,No,Yes,Month-to-month,Yes,Credit card (automatic),92.21, ,No
1401-LDXKF,Female,0,No,No,37,Yes,No,DSL,No,No,Yes,No,No,Yes,Month-to-month,Yes,Electronic check,63.85,2345.3,No
1178-ZROCQ,Female,0,No,No,7,Yes,Yes,Fiber optic,No,Yes,Yes,No,No,No,One year,Yes,Credit card (automatic),81.35,589.15,No
6665-SIHLO,Female,1,Yes,No,35,Yes,No,Fiber optic,No,Yes,No,No,No,No,Month-to-month,Yes,Electronic check,74.95,2625.77,No
6528-WGUPG,Male,0,Yes,No,7,Yes,No,No,No internet service,No internet service,No internet service,No internet service,No internet service,No internet service,Two year,No,Credit card (automatic),26.09,170.99,No
8275-QKDSB,Female,0,No,No,0,Yes,Yes,DSL,No,Yes,Yes,No,Yes,No,Month-to-month,Yes,Bank transfer (automatic),67.58, ,Yes
7561-XQXIV,Female,1,No,Yes,16,Yes,No,No,No internet service,No internet service,No internet service,No internet service,No internet service,No internet service,Month-to-month,No,Bank transfer (automatic),23.6,381.63,Yes
6888-JWOUO,Male,0,Yes,Yes,56,Yes,Yes,Fiber optic,No,Yes,Yes,No,No,No,Month-to-month,Yes,Electronic check,84.06,4702.74,Yes
5216-WUBND,Male,0,No,No,5,Yes,No,Fiber optic,Yes,Yes,No,Yes,No,No,Month-to-month,Yes,Electronic check,85.79,432.2,Yes
3184-BBRQI,Male,0,Yes,No,4,Yes,Yes,Fiber optic,Yes,No,No,No,No,No,Month-to-month,No,Electronic check,73.81,294.07,No
8751-BBELP,Female,1,No,No,4,No,No phone service,Fiber optic,No,Yes,No,Yes,Yes,Yes,Month-to-month,Yes,Mailed check,97.15,397.49,Yes
2101-TBXHD,Female,0,No,Yes,28,Yes,No,No,No internet service,No internet service,No internet service,No internet service,No internet service,No internet service,Month-to-month,Yes,Bank transfer (automatic),23.86,660.62,No
2832-TZYSB,Male,0,No,No,10,Yes,No,DSL,No,Yes,No,No,No,Yes,Month-to-month,Yes,Electronic check,63.35,627.61,No
6807-KHLCM,Female,0,No,No,7,Yes,Yes,DSL,No,Yes,Yes,Yes,No,Yes,Month-to-month,Yes,Bank transfer (automatic),77.35,546.41,Yes
6850-HOXUI,Female,0,Yes,Yes,9,Yes,Yes,No,No internet service,No internet service,No internet service,No internet service,No internet service,No internet service,Month-to-month,No,Electronic check,21.61,204.45,No
9981-UCGNO,Female,0,No,No,8,Yes,Yes,Fiber optic,Yes,No,Yes,Yes,Yes,No,Two year,Yes,Credit card (automatic),96.27,767.0,No
4656-TKGLS,Female,0,Yes,No,18,Yes,Yes,Fiber optic,No,Yes,Yes,No,No,Yes,Month-to-month,Yes,Credit card (automatic),90.03,1618.66,No
3842-RMKAF,Male,0,Yes,No,3,Yes,Yes,Fiber optic,No,Yes,No,Yes,Yes,No,Two year,No,Credit card (automatic),95.94,281.24,No
4948-SISWA,Female,0,No,No,17,Yes,No,DSL,No,Yes,No,Yes,Yes,Yes,Month-to-month,Yes,Mailed check,69.86,1209.02,No
5472-HWZNX,Female,0,Yes,No,8,Yes,No,Fiber optic,No,No,Yes,No,No,No,Month-to-month,Yes,Electronic check,86.05,686.42,No
5847-DRNIO,Male,1,No,Yes,64,Yes,No,No,No internet service,No internet service,No internet service,No internet service,No internet service,No internet service,Month-to-month,Yes,Mailed check,32.73,2108.43,No
1002-DWRNO,Female,0,No,No,13,Yes,Yes,Fiber optic,No,No,No,No,No,No,Two year,Yes,Bank transfer (automatic),73.48,963.24,No
4579-JXLUI,Female,0,Yes,Yes,2,Yes,No,DSL,No,Yes,No,Yes,Yes,No,Two year,No,Electronic check,63.13,123.86,No
3823-QIMNE,Male,0,Yes,No,65,No,No phone service,DSL,Yes,No,No,No,Yes,Yes,Month-to-month,No,Bank transfer (automatic),62.58,4056.76,No
1520-YZZPS,Female,0,No,No,66,Yes,No,Fiber optic,No,Yes,No,No,No,Yes,Month-to-month,Yes,Electronic check,89.6,5925.62,No
7807-WGLZB,Male,0,Yes,No,4,Yes,Yes,DSL,Yes,No,Yes,No,Yes,No,Two year,Yes,Credit card (automatic),73.62,296.6,No
8793-RPKBN,Female,1,No,Yes,40,Yes,No,DSL,No,No,Yes,Yes,Yes,Yes,Two year,Yes,Electronic check,75.25,2998.79,No
3157-GIHIG,Female,0,Yes,No,47,Yes,Yes,No,No internet service,No internet service,No internet service,No internet service,No internet service,No internet service,One year,Yes,Credit card (automatic),22.03,1053.07,No
9562-QZWMK,Female,0,Yes,No,10,Yes,Yes,Fiber optic,Yes,Yes,No,No,Yes,Yes,Two year,No,Mailed check,101.74,1026.9,No
6141-RQPJD,Male,0,No,No,4,Yes,No,DSL,Yes,Yes,No,Yes,Yes,Yes,Two year,No,Mailed check,69.11,272.29,No
3493-DVKUY,Female,0,No,No,38,Yes,Yes,Fiber optic,No,No,No,No,No,No,One year,No,Bank transfer (automatic),71.74,2724.93,No
5521-WICYB,Female,0,No,No,0,Yes,No,Fiber optic,No,No,Yes,Yes,Yes,No,Month-to-month,Yes,Electronic check,91.69, ,Yes
3376-MFDNK,Male,0,No,Yes,23,Yes,No,Fiber optic,No,No,Yes,Yes,Yes,No,Month-to-month,No,Bank transfer (automatic),89.47,2073.1,No
5577-ZCEYG,Female,1,No,No,10,Yes,Yes,Fiber optic,Yes,No,No,Yes,No,No,Month-to-month,Yes,Electronic check,84.69,855.21,No
4722-LKSMD,Female,0,Yes,No,21,Yes,Yes,DSL,No,No,Yes,No,Yes,No,Month-to-month,No,Credit card (automatic),68.47,1433.22,No
5813-LBHVS,Female,0,Yes,No,37,Yes,Yes,Fiber optic,No,Yes,No,No,No,Yes,Month-to-month,Yes,Credit card (automatic),85.5,3168.32,No
9468-UAEVZ,Male,0,Yes,No,42,Yes,Yes,Fiber optic,No,No,Yes,No,Yes,Yes,Month-to-month,No,Bank transfer (automatic),95.09,4016.54,No
4402-MBSPZ,Male,0,No,No,72,Yes,No,No,No internet service,No internet service,No internet service,No internet service,No internet service,No internet service,Month-to-month,No,Mailed check,28.73,2074.8,No
1164-NSEUX,Male,0,Yes,No,24,Yes,No,No,No internet service,No internet service,No internet service,No internet service,No internet service,No internet service,One year,Yes,Mailed check,25.13,611.98,No
2768-XLPSO,Female,0,No,No,6,Yes,Yes,DSL,Yes,No,Yes,No,Yes,No,Month-to-month,No,Credit card (automatic),58.39,348.27,No
7621-OCQMI,Male,0,No,No,7,Yes,Yes,DSL,No,Yes,No,Yes,No,Yes,Two year,Yes,Mailed check,64.67,455.97,No
1140-PSNHV,Female,0,No,Yes,13,Yes,Yes,Fiber optic,No,No,No,Yes,No,Yes,Month-to-month,Yes,Credit card (automatic),86.11,1122.15,No
2015-CWURP,Male,0,Yes,Yes,45,Yes,Yes,DSL,No,Yes,No,No,No,No,Two year,Yes,Electronic check,47.69,2140.33,No
4120-TKMKD,Male,0,No,No,10,Yes,No,Fiber optic,Yes,No,No,No,Yes,No,One year,Yes,Credit card (automatic),82.47,821.27,No
9813-EDANG,Female,0,No,Yes,27,Yes,Yes,Fiber optic,No,Yes,No,No,Yes,Yes,Month-to-month,Yes,Mailed check,99.99,2710.76,No
1073-BJCUH,Male,0,No,Yes,1,Yes,No,Fiber optic,No,No,Yes,Yes,No,No,Two year,No,Electronic check,84.99,72.05,No
1297-HNRIV,Male,0,Yes,No,13,Yes,No,DSL,Yes,No,No,Yes,Yes,No,Month-to-month,Yes,Electronic check,62.15,813.83,No
2634-NNUPE,Female,0,Yes,Yes,4,Yes,Yes,DSL,Yes,No,No,Yes,No,Yes,Month-to-month,Yes,Electronic check,75.55,313.52,No
3844-WXOUI,Female,0,No,No,66,No,No phone service,No,No internet service,No internet service,No internet service,No internet service,No internet service,No internet service,Month-to-month,Yes,Credit card (automatic),18.25,1210.47,No
6190-MWHLD,Female,0,No,No,37,Yes,No,Fiber optic,Yes,No,No,No,Yes,No,One year,Yes,Electronic check,86.67,3217.05,No
4087-ZFEAN,Female,0,No,No,3,Yes,Yes,No,No internet service,No internet service,No internet service,No internet service,No internet service,No internet service,Two year,No,Credit card (automatic),28.29,91.2,No
7460-IRFOP,Female,0,No,No,12,Yes,No,DSL,No,Yes,No,No,Yes,Yes,Two year,No,Mailed check,70.32,849.25,No
6554-ENGDU,Female,0,Yes,No,2,Yes,Yes,Fiber optic,No,No,No,Yes,Yes,Yes,Two year,Yes,Credit card (automatic),105.08,208.39,No
5832-DNWPZ,Female,0,No,No,32,Yes,Yes,DSL,No,No,No,Yes,No,Yes,One year,Yes,Bank transfer (automatic),61.35,1962.71,No
7665-DLFMU,Female,0,No,Yes,5,Yes,No,Fiber optic,No,Yes,Yes,No,No,Yes,Month-to-month,No,Electronic check,78.38,402.91,No
9864-HWPEZ,Male,0,Yes,No,39,Yes,Yes,DSL,No,Yes,No,No,Yes,No,Month-to-month,Yes,Electronic check,58.0,2277.05,No
5697-GZCXU,Female,1,No,No,1,Yes,No,DSL,Yes,Yes,No,No,No,No,Month-to-month,No,Credit card (automatic),64.34,82.26,No
2185-TWJTI,Male,1,Yes,Yes,20,Yes,No,Fiber optic,No,No,No,No,No,No,Two year,Yes,Mailed check,71.51,1423.32,No
2617-FTFZY,Female,0,No,No,22,Yes,Yes,DSL,No,No,No,No,Yes,No,Two year,Yes,Electronic check,54.7,1223.06,No
1425-YIICL,Female,0,No,No,9,Yes,Yes,DSL,Yes,Yes,Yes,Yes,No,No,Two year,Yes,Mailed check,71.86,636.0,No
5525-YSJSE,Male,0,Yes,No,4,Yes,Yes,No,No internet service,No internet service,No internet service,No internet service,No internet service,No internet service,Two year,Yes,Credit card (automatic),28.38,119.12,No
8765-IAOXD,Male,0,Yes,Yes,9,Yes,Yes,DSL,No,No,No,No,Yes,Yes,Month-to-month,No,Credit card (automatic),66.28,589.4,Yes
6414-FOFGT,Male,0,No,No,16,Yes,No,No,No internet service,No internet service,No internet service,No internet service,No internet service,No internet service,Month-to-month,Yes,Electronic check,23.05,368.81,Yes
1213-CUMBC,Female,1,No,Yes,72,Yes,No,DSL,No,No,No,No,Yes,Yes,Two year,Yes,Mailed check,61.36,4421.0,No
9213-SREJN,Female,1,No,No,14,Yes,No,Fiber optic,No,Yes,Yes,Yes,No,No,Two year,Yes,Electronic check,85.64,1186.12,No
2172-QCGIE,Female,0,No,Yes,5,Yes,No,DSL,Yes,Yes,Yes,Yes,No,No,Month-to-month,Yes,Credit card (automatic),66.69,336.02,No
3815-CZMIW,Female,0,No,No,0,Yes,No,Fiber optic,No,Yes,Yes,Yes,Yes,No,Two year,No,Mailed check,95.28, ,No
3631-JATUU,Male,0,No,No,0,Yes,Yes,DSL,No,Yes,No,Yes,Yes,Yes,Month-to-month,Yes,Credit card (automatic),65.22, ,No
3176-SBLWM,Female,0,No,No,12,No,No phone service,No,No internet service,No internet service,No internet service,No internet service,No internet service,No internet service,One year,Yes,Bank transfer (automatic),25.05,297.27,No
5258-XQANF,Male,0,Yes,No,8,Yes,No,Fiber optic,Yes,Yes,No,No,No,No,Two year,No,Credit card (automatic),92.03,747.66,No
3544-DFAID,Female,0,No,Yes,2,Yes,No,No,No internet service,No internet service,No internet service,No internet service,No internet service,No internet service,Two year,No,Credit card (automatic),32.92,66.48,Yes
4528-IVMWQ,Female,0,Yes,Yes,4,Yes,No,Fiber optic,No,Yes,Yes,No,No,Yes,Two year,Yes,Electronic check,87.83,347.01,No
5883-ONMIW,Male,0,Yes,No,10,Yes,No,No,No internet service,No internet service,No internet service,No internet service,No internet service,No internet service,Month-to-month,Yes,Electronic check,20.38,208.2,No
5174-NDKVB,Female,0,No,No,27,Yes,No,No,No internet service,No internet service,No internet service,No internet service,No internet service,No internet service,Month-to-month,No,Electronic check,18.25,491.73,No
1286-PGKLD,Male,0,Yes,Yes,22,Yes,No,Fiber optic,Yes,No,Yes,No,No,No,Month-to-month,No,Mailed check,90.61,2006.07,No
6935-ZPGYM,Female,1,Yes,Yes,1,Yes,No,Fiber optic,No,No,No,No,No,Yes,One year,No,Electronic check,82.34,86.43,Yes
9349-AEVNK,Female,0,No,Yes,3,Yes,No,DSL,Yes,No,No,Yes,Yes,No,Month-to-month,No,Credit card (automatic),72.38,227.76,No
6559-RONYM,Female,0,Yes,No,57,Yes,Yes,Fiber optic,No,Yes,No,No,Yes,Yes,Month-to-month,No,Electronic check,98.55,5606.85,No
8282-HVQOT,Female,0,No,No,1,Yes,No,DSL,Yes,Yes,No,No,No,Yes,Month-to-month,No,Electronic check,73.26,69.58,No
6850-CQCMY,Female,0,Yes,No,5,Yes,No,DSL,No,No,No,Yes,No,No,Month-to-month,No,Electronic check,50.63,251.94,No
4153-AGWEB,Male,0,Yes,No,9,Yes,No,No,No internet service,No internet service,No internet service,No internet service,No internet service,No internet service,Two year,Yes,Mailed check,18.25,155.97,No
2885-QUJDI,Female,0,Yes,No,6,Yes,Yes,No,No internet service,No internet service,No internet service,No internet service,No internet service,No internet service,Month-to-month,Yes,Electronic check,18.25,102.85,Yes
4412-KZLLR,Female,0,No,Yes,8,Yes,No,DSL,No,Yes,No,No,No,No,Two year,Yes,Bank transfer (automatic),53.6,419.72,No
4132-IHSXM,Female,0,No,No,31,Yes,No,No,No internet service,No internet service,No internet service,No internet service,No internet service,No internet service,Month-to-month,Yes,Electronic check,24.69,765.5,No
9525-EZJXQ,Female,1,No,Yes,2,Yes,Yes,No,No internet service,No internet service,No internet service,No internet service,No internet service,No internet service,Two year,Yes,Credit card (automatic),18.25,43.31,No
4763-PQAUV,Male,0,Yes,No,10,Yes,Yes,No,No internet service,No internet service,No internet service,No internet service,No internet service,No internet service,One year,Yes,Electronic check,26.46,268.56,No
1878-QKVED,Female,0,No,No,22,Yes,Yes,Fiber optic,No,Yes,Yes,No,No,No,One year,No,Electronic check,82.35,1825.44,No
3297-UXIPL,Male,0,No,No,1,Yes,No,No,No internet service,No internet service,No internet service,No internet service,No internet service,No internet service,Month-to-month,No,Mailed check,18.25,1.78,No
4985-VCORL,Male,0,No,Yes,1,Yes,No,No,No internet service,No internet service,No internet service,No internet service,No internet service,No internet service,Two year,Yes,Electronic check,24.58,42.71,No
2757-MADHS,Male,0,No,No,16,Yes,No,Fiber optic,Yes,Yes,Yes,No,No,Yes,Month-to-month,Yes,Credit card (automatic),96.1,1542.56,Yes
9180-ZUEKY,Male,0,No,No,55,Yes,Yes,DSL,Yes,Yes,No,No,Yes,Yes,Month-to-month,No,Mailed check,76.72,4210.24,No
2271-XQQBX,Male,0,No,Yes,14,Yes,Yes,Fiber optic,No,Yes,No,No,No,No,Month-to-month,No,Mailed check,77.84,1081.23,No
8801-ADIBC,Female,0,Yes,No,12,Yes,Yes,No,No internet service,No internet service,No internet service,No internet service,No internet service,No internet service,Month-to-month,No,Bank transfer (automatic),26.22,319.08,No
7266-FMOKJ,Male,0,Yes,No,0,No,No phone service,No,No internet service,No internet service,No internet service,No internet service,No internet service,No internet service,One year,No,Bank transfer (automatic),18.25, ,No
7654-TIYJU,Male,0,No,Yes,31,Yes,No,DSL,Yes,Yes,Yes,No,No,Yes,One year,No,Electronic check,73.3,2291.54,No
4702-YXWLH,Male,0,Yes,Yes,4,Yes,No,DSL,Yes,No,Yes,No,No,Yes,Month-to-month,Yes,Bank transfer (automatic),68.94,264.71,No
6556-UUQVE,Male,0,Yes,No,28,Yes,No,DSL,No,Yes,Yes,No,Yes,No,Month-to-month,No,Bank transfer (automatic),66.0,1860.19,No
6383-RKVJZ,Male,0,Yes,No,10,Yes,Yes,DSL,Yes,No,Yes,Yes,No,No,One year,No,Electronic check,58.6,599.85,No
3930-QWJEP,Male,0,No,No,1,Yes,No,DSL,No,No,No,No,No,No,Month-to-month,No,Bank transfer (automatic),37.54,35.11,No
7436-UABEW,Female,0,No,No,9,Yes,No,No,No internet service,No internet service,No internet service,No internet service,No internet service,No internet service,Two year,Yes,Credit card (automatic),19.54,186.66,No
7286-AKRCI,Female,1,Yes,No,25,Yes,Yes,Fiber optic,No,No,Yes,No,Yes,Yes,Two year,No,Electronic check,94.97,2355.15,No
4774-DXMIC,Male,0,No,No,35,Yes,Yes,Fiber optic,No,No,No,No,No,Yes,Two year,Yes,Electronic check,82.95,2890.09,No
6973-HZGYW,Male,0,No,Yes,24,Yes,Yes,DSL,Yes,Yes,Yes,No,Yes,Yes,Month-to-month,No,Credit card (automatic),79.41,1906.3,No
7896-YPUVR,Male,0,No,No,29,Yes,No,Fiber optic,No,Yes,No,No,No,Yes,One year,No,Electronic check,98.36,2857.25,No
3287-OBTDE,Male,0,Yes,No,6,Yes,Yes,DSL,Yes,No,Yes,Yes,No,No,Month-to-month,Yes,Bank transfer (automatic),73.2,431.86,Yes
3534-OQJTI,Male,0,No,No,72,Yes,No,Fiber optic,No,No,Yes,Yes,Yes,No,Month-to-month,No,Mailed check,93.16,6701.43,No
9495-XCVIH,Female,0,Yes,No,6,Yes,Yes,DSL,No,No,Yes,No,No,No,Month-to-month,No,Credit card (automatic),52.45,285.76,Yes
3694-QEGMR,Female,0,Yes,No,4,Yes,No,Fiber optic,No,Yes,No,No,No,Yes,One year,Yes,Credit card (automatic),89.88,356.35,No
6909-NRCQS,Female,1,Yes,Yes,6,No,No phone service,Fiber optic,No,No,No,Yes,No,No,Two year,No,Mailed check,66.43,394.3,No
5902-UDOXH,Female,0,Yes,No,72,Yes,No,Fiber optic,No,No,No,No,Yes,Yes,Month-to-month,Yes,Credit card (automatic),94.84,6824.29,No
8768-PYBBH,Female,0,No,No,1,Yes,Yes,DSL,Yes,No,No,Yes,Yes,Yes,Month-to-month,Yes,Electronic check,72.49,61.7,No
7443-KFSRE,Female,1,No,No,35,Yes,No,Fiber optic,Yes,No,Yes,Yes,No,Yes,Month-to-month,Yes,Mailed check,94.18,3286.51,No
2797-LSLLI,Male,0,Yes,Yes,2,Yes,Yes,DSL,No,No,Yes,No,No,Yes,Month-to-month,Yes,Bank transfer (automatic),73.75,129.92,No
6111-JVQRP,Male,0,Yes,Yes,35,Yes,No,DSL,Yes,Yes,No,Yes,Yes,No,One year,Yes,Mailed check,74.11,2581.93,No
9963-RCPNX,Female,0,Yes,No,7,Yes,Yes,DSL,Yes,No,Yes,No,No,Yes,Two year,Yes,Bank transfer (automatic),69.35,489.05,No
3533-DBWJK,Male,0,Yes,No,31,Yes,Yes,No,No internet service,No internet service,No internet service,No internet service,No internet service,No internet service,Two year,Yes,Electronic check,20.18,616.65,No
7118-ZYEZD,Female,0,Yes,No,1,Yes,Yes,No,No internet service,No internet service,No internet service,No internet service,No internet service,No internet service,Two year,Yes,Electronic check,25.7,33.89,Yes
6659-BBPYW,Female,0,Yes,Yes,9,Yes,Yes,Fiber optic,No,No,Yes,Yes,Yes,Yes,Month-to-month,No,Credit card (automatic),100.99,908.57,No
4478-MUGYZ,Female,1,Yes,Yes,14,No,No phone service,Fiber optic,Yes,No,No,No,No,Yes,Month-to-month,Yes,Electronic check,82.2,1166.14,No
6368-QMOCW,Male,0,No,No,0,Yes,Yes,DSL,Yes,No,No,No,Yes,Yes,Two year,No,Electronic check,75.04, ,No
8601-CGHKY,Male,0,Yes,Yes,4,Yes,No,Fiber optic,Yes,No,No,Yes,No,No,Month-to-month,Yes,Electronic check,89.32,337.78,Yes
7389-ZITLE,Female,0,No,Yes,4,Yes,No,DSL,No,Yes,No,No,Yes,Yes,One year,Yes,Credit card (automatic),63.57,243.94,Yes
8136-NYYYC,Male,0,Yes,Yes,15,Yes,No,DSL,No,Yes,Yes,Yes,No,No,Two year,No,Electronic check,59.16,906.13,No
4086-JZJXC,Female,0,No,Yes,3,Yes,No,No,No internet service,No internet service,No internet service,No internet service,No internet service,No internet service,One year,Yes,Mailed check,32.32,101.47,No
3332-FEXSN,Male,0,Yes,No,72,Yes,Yes,Fiber optic,No,No,No,Yes,No,Yes,Month-to-month,Yes,Electronic check,100.45,7224.58,Yes
4888-LIZYC,Male,0,Yes,No,52,Yes,Yes,Fiber optic,Yes,Yes,No,No,Yes,No,Month-to-month,No,Bank transfer (automatic),95.07,4952.36,Yes
3033-DNXFZ,Female,0,Yes,No,6,Yes,Yes,DSL,Yes,Yes,No,No,Yes,Yes,Month-to-month,No,Credit card (automatic),63.63,375.72,No
9112-XEFUZ,Female,0,No,No,6,Yes,No,Fiber optic,Yes,No,No,Yes,No,No,Two year,Yes,Mailed check,91.84,559.02,No
9292-SNDEK,Female,0,No,No,70,Yes,No,No,No internet service,No internet service,No internet service,No internet service,No internet service,No internet service,Two year,Yes,Bank transfer (automatic),22.7,1586.71,No
6914-BVBTL,Female,1,No,No,8,Yes,No,No,No internet service,No internet service,No internet service,No internet service,No internet service,No internet service,One year,No,Bank transfer (automatic),27.24,205.54,No
2903-QDNGO,Male,0,Yes,No,13,Yes,No,Fiber optic,Yes,No,Yes,No,Yes,Yes,Month-to-month,Yes,Bank transfer (automatic),104.7,1361.07,No
4293-PHBSA,Female,1,Yes,No,29,Yes,No,No,No internet service,No internet service,No internet service,No internet service,No internet service,No internet service,Month-to-month,Yes,Electronic check,27.14,789.39,Yes
9478-WDZXU,Male,0,No,Yes,10,Yes,No,Fiber optic,No,Yes,No,Yes,Yes,Yes,Two year,No,Bank transfer (automatic),104.57,1045.26,No
9152-VKJRA,Female,1,No,No,55,Yes,Yes,DSL,Yes,No,Yes,No,No,Yes,Month-to-month,Yes,Bank transfer (automatic),73.44,4032.82,No
2903-LPIQC,Male,0,Yes,No,21,Yes,No,Fiber optic,Yes,No,No,No,No,Yes,Month-to-month,Yes,Credit card (automatic),85.5,1792.31,No
1699-ROOPT,Female,0,Yes,Yes,20,Yes,No,No,No internet service,No internet service,No internet service,No internet service,No internet service,No internet service,Two year,Yes,Electronic check,23.65,472.07,Yes
8203-MDWHM,Female,0,No,No,19,Yes,No,Fiber optic,No,No,No,No,No,No,One year,Yes,Mailed check,74.48,1414.84,No
7487-HNYAI,Female,0,No,No,2,Yes,No,Fiber optic,No,No,Yes,No,Yes,No,Month-to-month,Yes,Mailed check,99.13,213.63,Yes
6472-GYTMO,Male,0,Yes,Yes,37,Yes,No,Fiber optic,No,Yes,Yes,No,Yes,Yes,Two year,Yes,Credit card (automatic),97.75,3616.6,No
3620-IPQIF,Male,0,Yes,No,20,Yes,Yes,No,No internet service,No internet service,No internet service,No internet service,No internet service,No internet service,Two year,Yes,Bank transfer (automatic),21.81,420.81,No
2195-PUOGJ,Female,0,Yes,No,1,Yes,Yes,DSL,No,Yes,Yes,Yes,Yes,No,One year,No,Mailed check,78.52,94.08,No
8868-DXCRA,Male,0,No,No,45,Yes,Yes,DSL,Yes,Yes,No,No,No,Yes,Two year,Yes,Credit card (automatic),62.89,2824.37,No
8564-VRHKJ,Female,0,No,No,31,Yes,Yes,Fiber optic,Yes,Yes,No,No,No,Yes,Month-to-month,Yes,Electronic check,93.07,2881.61,Yes
8772-DYDDL,Male,0,No,Yes,8,Yes,No,No,No internet service,No internet service,No internet service,No internet service,No internet service,No internet service,One year,No,Mailed check,30.8,233.16,No
1807-MHUCL,Female,1,No,No,8,Yes,No,No,No internet service,No internet service,No internet service,No internet service,No internet service,No internet service,Two year,Yes,Bank transfer (automatic),20.22,151.48,No
3449-OYNIE,Female,0,No,No,16,Yes,Yes,DSL,Yes,Yes,Yes,No,No,Yes,One year,No,Mailed check,77.22,1221.36,No
8103-OHWCL,Male,0,Yes,No,0,Yes,No,Fiber optic,No,Yes,Yes,Yes,No,No,One year,Yes,Bank transfer (automatic),97.15, ,No
8332-ITCWH,Male,0,Yes,No,39,Yes,Yes,No,No internet service,No internet service,No internet service,No internet service,No internet service,No internet service,One year,Yes,Bank transfer (automatic),22.4,894.77,No
9532-MHEYG,Male,0,Yes,Yes,68,Yes,Yes,DSL,Yes,No,Yes,Yes,No,No,Month-to-month,Yes,Bank transfer (automatic),53.05,3599.61,No
3468-IEHLD,Female,0,No,No,14,Yes,No,Fiber optic,No,Yes,No,No,Yes,Yes,Month-to-month,Yes,Bank transfer (automatic),99.1,1384.98,No
1315-VVNSM,Male,0,No,No,18,No,No phone service,Fiber optic,Yes,Yes,No,Yes,Yes,Yes,Two year,No,Bank transfer (automatic),104.6,1886.26,No
2859-AVAKP,Male,0,No,Yes,39,Yes,No,Fiber optic,Yes,Yes,No,No,Yes,Yes,Month-to-month,Yes,Bank transfer (automatic),109.22,4254.54,Yes
2067-FXTIZ,Male,1,No,No,7,Yes,No,DSL,No,No,No,No,Yes,No,Two year,No,Electronic check,61.7,410.2,No
1711-NOUVE,Male,1,Yes,No,16,Yes,Yes,Fiber optic,No,No,No,No,No,No,Two year,No,Bank transfer (automatic),79.08,1265.39,No
9462-FATID,Male,1,Yes,No,2,Yes,Yes,Fiber optic,No,No,No,Yes,No,No,Month-to-month,No,Bank transfer (automatic),80.28,182.35,Yes
3177-FBCGT,Female,0,No,No,29,Yes,Yes,DSL,No,Yes,Yes,No,No,Yes,One year,Yes,Bank transfer (automatic),71.59,2076.71,No
6032-VISEY,Female,0,Yes,No,37,Yes,Yes,No,No internet service,No internet service,No internet service,No internet service,No internet service,No internet service,Month-to-month,No,Electronic check,26.19,958.62,No
8269-RAYQN,Male,0,No,No,1,Yes,No,No,No internet service,No internet service,No internet service,No internet service,No internet service,No internet service,Month-to-month,No,Electronic check,33.02,28.31,No
1362-JQYAE,Female,0,Yes,No,51,Yes,No,DSL,No,No,No,No,No,No,Two year,No,Bank transfer (automatic),49.4,2525.55,No
5358-LHRAT,Male,0,Yes,No,11,No,No phone service,DSL,No,Yes,No,No,No,No,Month-to-month,Yes,Mailed check,47.71,532.32,No
1875-DZLVA,Male,0,Yes,No,61,Yes,No,DSL,No,No,No,No,No,No,Month-to-month,Yes,Credit card (automatic),52.04,3167.78,Yes
8805-ACULV,Female,0,No,No,55,Yes,Yes,DSL,No,No,No,No,No,No,Month-to-month,No,Electronic check,53.33,2924.1,No
2128-RAFYW,Female,0,Yes,Yes,37,Yes,No,Fiber optic,Yes,Yes,Yes,Yes,Yes,No,Month-to-month,No,Electronic check,113.29,4196.26,Yes
4927-EZDFC,Female,0,Yes,Yes,42,Yes,Yes,DSL,No,No,No,No,Yes,Yes,Month-to-month,Yes,Electronic check,64.92,2705.97,No
2008-KDYTA,Female,0,Yes,No,8,Yes,No,DSL,No,No,No,No,Yes,No,Month-to-month,No,Electronic check,54.67,438.8,Yes
8261-DWCJV,Female,0,Yes,No,10,Yes,No,DSL,No,No,Yes,No,Yes,Yes,Month-to-month,No,Credit card (automatic),72.47,727.57,Yes
4712-DSAPS,Female,1,No,No,6,Yes,No,Fiber optic,No,No,No,No,No,No,Month-to-month,Yes,Mailed check,70.4,429.21,No
9830-TUVRB,Female,0,No,No,10,Yes,Yes,DSL,Yes,No,Yes,Yes,Yes,No,Month-to-month,Yes,Mailed check,62.28,611.71,No
3962-EBAPY,Male,0,No,No,19,Yes,No,Fiber optic,No,No,Yes,Yes,No,No,Month-to-month,Yes,Mailed check,87.25,1661.95,Yes
4966-UBZDC,Male,0,Yes,No,47,Yes,No,DSL,No,No,No,No,Yes,No,One year,Yes,Credit card (automatic),61.63,2879.25,No
5688-OJLLT,Male,0,No,No,19,Yes,No,DSL,Yes,No,No,No,Yes,Yes,Month-to-month,Yes,Mailed check,65.09,1232.62,No
6658-JETTK,Female,0,Yes,No,28,Yes,No,No,No internet service,No internet service,No internet service,No internet service,No internet service,No internet service,One year,No,Credit card (automatic),32.59,927.36,No
6693-BXPLP,Male,0,Yes,Yes,3,Yes,No,Fiber optic,No,Yes,No,Yes,No,Yes,Month-to-month,Yes,Mailed check,105.82,331.82,No
4032-JMWSO,Male,0,No,No,67,Yes,No,DSL,Yes,Yes,Yes,No,No,No,Two year,No,Electronic check,64.06,4304.54,No
3336-QTDTI,Male,0,Yes,No,21,Yes,Yes,Fiber optic,No,No,No,No,Yes,No,One year,No,Mailed check,76.94,1630.14,No
7786-VBRWS,Male,0,No,No,35,Yes,No,Fiber optic,No,No,No,Yes,No,No,Two year,Yes,Mailed check,92.68,3213.16,No
2030-CRTTS,Female,1,No,No,72,No,No phone service,DSL,No,No,Yes,Yes,No,Yes,Month-to-month,Yes,Electronic check,68.6,4920.24,Yes
3516-LFMXE,Male,0,Yes,No,47,Yes,Yes,No,No internet service,No internet service,No internet service,No internet service,No internet service,No internet service,Month-to-month,No,Electronic check,28.68,1361.98,No
4036-MTGLU,Male,0,No,No,16,Yes,No,No,No internet service,No internet service,No internet service,No internet service,No internet service,No internet service,Month-to-month,No,Credit card (automatic),28.88,457.08,No
1575-DEPDH,Male,0,No,No,48,Yes,Yes,Fiber optic,No,No,Yes,Yes,Yes,No,Two year,No,Mailed check,100.54,4826.08,No
7023-QNLCT,Male,0,Yes,No,25,Yes,Yes,No,No internet service,No internet service,No internet service,No internet service,No internet service,No internet service,One year,No,Electronic check,23.84,585.88,No
6409-MUKXL,Male,0,Yes,Yes,31,No,No phone service,DSL,Yes,No,No,No,No,Yes,Month-to-month,Yes,Mailed check,55.41,1720.36,No
1881-IGFXN,Female,0,Yes,No,24,Yes,Yes,DSL,No,No,No,No,No,No,Month-to-month,Yes,Bank transfer (automatic),49.75,1177.79,No
5557-ETXMA,Male,1,No,No,8,Yes,Yes,Fiber optic,No,No,No,No,No,Yes,Month-to-month,No,Bank transfer (automatic),81.75,652.28,Yes
7411-SJXET,Male,0,No,No,9,Yes,No,Fiber optic,Yes,No,No,No,Yes,No,Month-to-month,Yes,Bank transfer (automatic),81.24,731.29,No
9133-LUCNU,Male,0,No,No,19,Yes,No,DSL,No,No,Yes,Yes,No,Yes,Two year,Yes,Electronic check,61.64,1152.28,No
4683-QQNOG,Male,1,Yes,No,49,Yes,Yes,Fiber optic,No,No,Yes,No,No,No,Month-to-month,Yes,Electronic check,80.78,3957.64,Yes
9459-OLKQH,Male,0,No,No,14,Yes,Yes,No,No internet service,No internet service,No internet service,No internet service,No internet service,No internet service,Month-to-month,Yes,Electronic check,22.8,311.6,No
6355-IKCGU,Male,0,No,No,18,No,No phone service,Fiber optic,No,Yes,No,No,Yes,No,Month-to-month,Yes,Electronic check,81.84,1474.93,No
2058-UPJWG,Female,0,Yes,No,11,Yes,No,DSL,No,No,No,Yes,Yes,Yes,One year,No,Mailed check,73.29,810.48,No
9152-XTOUU,Male,0,No,Yes,0,Yes,Yes,Fiber optic,No,No,No,Yes,No,Yes,Month-to-month,No,Mailed check,89.17, ,Yes
9395-RWWII,Male,1,Yes,Yes,24,Yes,No,DSL,No,No,Yes,Yes,No,No,Month-to-month,Yes,Credit card (automatic),64.25,1554.29,No
8011-EGZGK,Female,0,No,Yes,20,Yes,Yes,DSL,No,No,No,No,Yes,Yes,Month-to-month,Yes,Electronic check,67.93,1345.56,No
1355-QQUWE,Female,0,No,Yes,72,Yes,No,Fiber optic,Yes,Yes,Yes,No,No,Yes,Two year,Yes,Bank transfer (automatic),86.94,6267.99,Yes
8710-MCWQK,Male,0,No,No,17,Yes,Yes,DSL,Yes,No,Yes,No,Yes,No,Month-to-month,Yes,Mailed check,63.98,1088.62,No
7363-RQITG,Male,0,No,Yes,18,Yes,Yes,DSL,Yes,No,No,No,No,Yes,Two year,No,Electronic check,67.25,1208.44,No
9573-PGMMO,Female,0,No,No,7,Yes,Yes,Fiber optic,No,No,Yes,No,No,No,Month-to-month,Yes,Credit card (automatic),76.12,554.13,No
3079-QQSJB,Male,1,No,No,2,Yes,No,Fiber optic,No,No,No,Yes,No,No,Month-to-month,Yes,Credit card (automatic),85.15,169.88,Yes
1834-GYKQO,Female,0,No,No,29,Yes,No,Fiber optic,No,Yes,No,Yes,No,No,Month-to-month,Yes,Electronic check,77.42,2249.78,Yes
5991-SKOOF,Male,0,Yes,Yes,39,Yes,No,DSL,Yes,No,No,Yes,No,No,One year,Yes,Electronic check,56.88,2231.91,No
4534-IESXE,Male,0,No,No,48,Yes,Yes,Fiber optic,Yes,Yes,No,Yes,No,No,One year,Yes,Electronic check,92.09,4411.64,No
8934-VMRTQ,Male,0,No,No,12,Yes,No,Fiber optic,No,No,No,No,Yes,No,Month-to-month,Yes,Electronic check,81.54,962.99,No
5014-NPDQT,Female,1,Yes,No,29,Yes,No,DSL,Yes,No,No,Yes,No,Yes,Two year,Yes,Electronic check,61.5,1775.74,No
2813-HIXAM,Female,0,No,Yes,7,Yes,Yes,Fiber optic,No,No,No,No,Yes,No,Two year,No,Electronic check,79.84,550.95,No
9496-HFPAJ,Female,0,No,Yes,6,Yes,No,DSL,No,No,Yes,Yes,Yes,Yes,Month-to-month,Yes,Mailed check,77.95,463.08,Yes
7485-ZNXEQ,Female,0,Yes,Yes,72,Yes,No,Fiber optic,No,No,No,No,Yes,No,Two year,Yes,Electronic check,85.39,6148.3,No
6337-RDTWB,Male,0,Yes,No,45,Yes,No,Fiber optic,Yes,No,No,No,No,Yes,Month-to-month,No,Mailed check,91.4,4137.45,Yes
9422-GGMSV,Male,0,No,No,7,Yes,No,No,No internet service,No internet service,No internet service,No internet service,No internet service,No internet service,Two year,Yes,Electronic check,19.92,145.84,No
6605-TQYRY,Female,0,Yes,No,13,Yes,Yes,Fiber optic,No,Yes,No,No,No,No,Two year,No,Bank transfer (automatic),69.59,907.94,No
6238-MZSPJ,Female,0,Yes,Yes,19,Yes,No,Fiber optic,No,No,Yes,No,Yes,Yes,Month-to-month,Yes,Credit card (automatic),92.97,1766.41,No
9509-NIUKC,Female,0,No,Yes,0,Yes,Yes,Fiber optic,No,Yes,No,No,No,No,One year,Yes,Credit card (automatic),81.1, ,No
3315-CGNGG,Female,0,No,No,72,Yes,No,No,No internet service,No internet service,No internet service,No internet service,No internet service,No internet service,Month-to-month,Yes,Electronic check,26.52,1908.1,No
2003-AEKAW,Male,1,No,No,2,Yes,No,No,No internet service,No internet service,No internet service,No internet service,No internet service,No internet service,Month-to-month,Yes,Mailed check,21.51,35.78,No
5716-XWQCJ,Female,1,No,No,40,Yes,Yes,Fiber optic,Yes,No,No,No,No,No,Month-to-month,No,Credit card (automatic),79.57,3178.08,No
5498-GTCVL,Male,0,Yes,No,72,Yes,No,DSL,No,No,No,No,No,No,One year,No,Electronic check,48.31,3495.52,No
7069-JULOF,Female,0,No,No,29,Yes,No,DSL,Yes,Yes,Yes,Yes,No,Yes,Month-to-month,Yes,Mailed check,79.26,2309.49,No
9734-ZEYTB,Male,0,Yes,No,72,Yes,No,Fiber optic,Yes,No,Yes,No,Yes,Yes,Month-to-month,No,Credit card (automatic),101.62,7315.76,No
6947-SDTEG,Female,0,No,No,0,Yes,No,No,No internet service,No internet service,No internet service,No internet service,No internet service,No internet service,Two year,No,Electronic check,23.94, ,No
4427-KWYCE,Male,0,No,No,10,Yes,Yes,No,No internet service,No internet service,No internet service,No internet service,No internet service,No internet service,One year,No,Electronic check,34.19,341.33,No
5206-YUZRP,Male,1,No,Yes,15,Yes,No,DSL,No,Yes,No,Yes,Yes,No,Month-to-month,Yes,Electronic check,60.87,922.47,No
3927-JAWKQ,Male,0,Yes,No,36,Yes,No,Fiber optic,Yes,Yes,No,No,Yes,No,One year,Yes,Mailed check,100.77,3634.89,No
6527-OYGYZ,Male,0,Yes,Yes,25,No,No phone service,Fiber optic,No,No,Yes,No,Yes,No,Month-to-month,No,Electronic check,81.36,2038.17,Yes
3341-OOGCN,Male,0,Yes,No,31,Yes,No,Fiber optic,No,Yes,Yes,No,No,No,Two year,No,Mailed check,90.54,2796.16,No
6477-TIAIL,Male,0,Yes,Yes,3,Yes,Yes,DSL,No,No,Yes,Yes,No,No,One year,No,Electronic check,59.64,171.83,Yes
7499-ZPEQQ,Male,0,Yes,No,44,No,No phone service,DSL,No,No,Yes,No,No,No,One year,Yes,Credit card (automatic),48.24,2115.91,No
2977-OAMPB,Male,1,No,Yes,41,Yes,No,Fiber optic,Yes,Yes,Yes,No,Yes,Yes,Two year,Yes,Mailed check,102.66,4208.18,No
9828-SWBUY,Male,0,Yes,No,35,Yes,Yes,DSL,Yes,No,Yes,No,No,No,Two year,Yes,Electronic check,55.51,1944.14,No
2067-LZHLX,Female,0,No,No,40,Yes,Yes,DSL,Yes,Yes,No,No,No,Yes,Month-to-month,No,Mailed check,70.05,2792.71,No
2280-YZDIG,Female,0,Yes,Yes,5,Yes,No,DSL,No,Yes,Yes,No,Yes,No,Two year,No,Mailed check,71.79,363.65,Yes
2497-YJTNA,Male,0,No,No,3,Yes,Yes,Fiber optic,No,No,Yes,Yes,Yes,No,Two year,Yes,Electronic check,82.81,256.44,No
8637-QOGHU,Female,0,Yes,Yes,54,Yes,No,Fiber optic,No,No,No,No,Yes,No,Month-to-month,Yes,Mailed check,84.65,4565.32,Yes
8834-UWGTP,Female,0,No,Yes,72,Yes,Yes,Fiber optic,Yes,Yes,No,Yes,No,No,Two year,No,Credit card (automatic),88.51,6379.27,No
8661-GBQKR,Male,0,No,No,13,Yes,No,Fiber optic,No,No,No,Yes,No,No,Month-to-month,Yes,Electronic check,81.37,1061.58,No
5220-LCUNO,Male,0,Yes,No,14,Yes,Yes,DSL,No,Yes,No,No,No,Yes,Month-to-month,No,Bank transfer (automatic),66.4,943.38,Yes
2586-JIJTW,Female,0,No,Yes,32,Yes,No,Fiber optic,Yes,No,No,No,Yes,Yes,One year,Yes,Bank transfer (automatic),101.17,3251.67,No
1841-QLYAK,Male,1,No,No,16,No,No phone service,Fiber optic,No,No,No,No,No,No,Month-to-month,No,Mailed check,72.57,1137.45,No
6056-AUPGW,Male,0,No,No,9,Yes,Yes,Fiber optic,No,Yes,No,Yes,No,No,Month-to-month,Yes,Credit card (automatic),90.99,837.15,No
2071-AVIFO,Male,1,Yes,No,5,Yes,No,DSL,Yes,No,No,Yes,No,No,Month-to-month,No,Bank transfer (automatic),61.12,321.47,No
1227-OJYPM,Female,0,No,Yes,0,Yes,No,No,No internet service,No internet service,No internet service,No internet service,No internet service,No internet service,Two year,No,Electronic check,25.54, ,No
4570-ZTDTV,Female,0,No,Yes,21,Yes,No,No,No internet service,No internet service,No internet service,No internet service,No internet service,No internet service,One year,Yes,Mailed check,26.14,540.68,Yes
3204-PKOKW,Female,0,No,No,3,Yes,Yes,No,No internet service,No internet service,No internet service,No internet service,No internet service,No internet service,One year,No,Electronic check,27.14,66.02,Yes
1797-KCXXQ,Male,0,No,No,46,Yes,No,Fiber optic,Yes,No,No,No,Yes,No,One year,Yes,Electronic check,83.58,3829.65,No
3764-JELHX,Male,0,Yes,Yes,72,Yes,No,DSL,No,No,No,Yes,Yes,No,Month-to-month,Yes,Electronic check,60.8,4376.72,Yes
7239-BCRQB,Male,0,No,Yes,14,Yes,No,No,No internet service,No internet service,No internet service,No internet service,No internet service,No internet service,Month-to-month,Yes,Bank transfer (automatic),21.48,317.2,No
7069-LQFQB,Male,0,No,No,2,Yes,Yes,No,No internet service,No internet service,No internet service,No internet service,No internet service,No internet service,Month-to-month,Yes,Electronic check,24.44,58.94,No
9301-FIAEG,Male,0,Yes,No,20,Yes,Yes,DSL,Yes,Yes,No,Yes,No,No,Month-to-month,Yes,Credit card (automatic),62.05,1260.34,No
2160-NIDTO,Female,0,Yes,Yes,20,Yes,Yes,Fiber optic,No,Yes,No,Yes,No,Yes,Month-to-month,Yes,Electronic check,89.46,1778.85,No
9035-CXUWZ,Male,0,No,No,3,Yes,No,DSL,No,No,Yes,Yes,No,Yes,Two year,No,Mailed check,70.8,204.79,No
8234-RPCBB,Female,0,Yes,Yes,24,Yes,Yes,Fiber optic,Yes,No,Yes,Yes,No,No,One year,Yes,Mailed check,92.72,2227.19,Yes
9697-WJOCH,Male,0,No,No,9,Yes,No,Fiber optic,Yes,No,Yes,No,No,No,Two year,No,Mailed check,79.43,711.04,No
4964-RKGSY,Female,0,No,No,44,Yes,No,Fiber optic,No,No,Yes,Yes,Yes,Yes,Two year,Yes,Electronic check,98.45,4318.54,Yes
7878-YBFEN,Male,0,Yes,No,21,No,No phone service,Fiber optic,No,No,No,No,No,No,Month-to-month,No,Electronic check,61.76,1299.19,No
5433-DDXMW,Male,0,No,No,13,Yes,No,No,No internet service,No internet service,No internet service,No internet service,No internet service,No internet service,Month-to-month,No,Mailed check,21.83,286.76,Yes
5860-UYATE,Male,0,No,No,72,Yes,No,DSL,Yes,No,Yes,No,No,Yes,Two year,Yes,Credit card (automatic),59.73,4308.96,Yes
9418-USMGJ,Male,0,Yes,No,16,Yes,Yes,Fiber optic,No,No,No,No,Yes,Yes,Month-to-month,No,Bank transfer (automatic),93.46,1493.89,Yes
5386-WBGIU,Female,0,No,No,52,Yes,Yes,Fiber optic,Yes,No,No,Yes,Yes,No,Two year,Yes,Mailed check,92.01,4787.67,No
2867-VJSMJ,Male,0,Yes,Yes,7,Yes,No,Fiber optic,Yes,No,No,No,Yes,No,One year,No,Credit card (automatic),91.1,653.05,No
7588-OUCHF,Female,0,Yes,No,13,Yes,No,Fiber optic,No,Yes,Yes,Yes,No,Yes,Two year,No,Bank transfer (automatic),97.52,1266.69,No
1466-QJAMJ,Female,0,No,No,2,Yes,No,No,No internet service,No internet service,No internet service,No internet service,No internet service,No internet service,One year,No,Credit card (automatic),18.35,27.23,No
4777-JUWAA,Female,0,Yes,No,13,Yes,No,Fiber optic,Yes,No,No,No,No,No,Month-to-month,Yes,Electronic check,78.67,1019.76,No
1179-ZOVYA,Male,0,No,Yes,53,Yes,Yes,No,No internet service,No internet service,No internet service,No internet service,No internet service,No internet service,Two year,Yes,Electronic check,24.22,1285.69,No
1921-UIXGP,Male,1,No,No,42,Yes,No,DSL,No,Yes,No,No,No,No,Month-to-month,Yes,Bank transfer (automatic),56.88,2399.49,No
8465-RILXM,Female,1,Yes,No,72,No,No phone service,Fiber optic,No,No,No,No,No,Yes,One year,Yes,Electronic check,70.44,5064.81,No
9906-OJJIY,Male,0,Yes,Yes,33,Yes,No,DSL,No,Yes,Yes,No,No,Yes,Month-to-month,Yes,Mailed check,66.25,2189.71,No
2144-CWPLQ,Female,0,Yes,No,7,Yes,Yes,Fiber optic,No,No,Yes,No,No,No,Two year,Yes,Bank transfer (automatic),83.34,568.64,No
5568-OYCEM,Female,0,No,No,4,Yes,Yes,Fiber optic,Yes,No,Yes,No,No,No,Month-to-month,No,Mailed check,86.93,333.72,No
4813-ZZISG,Male,0,No,No,4,Yes,No,Fiber optic,No,Yes,No,Yes,Yes,No,Month-to-month,Yes,Electronic check,91.76,391.34,No
8261-EPDET,Male,0,No,No,25,No,No phone service,No,No internet service,No internet service,No internet service,No internet service,No internet service,No internet service,Month-to-month,Yes,Credit card (automatic),18.25,434.98,No
9434-WFDYA,Female,0,No,No,11,Yes,Yes,No,No internet service,No internet service,No internet service,No internet service,No internet service,No internet service,Two year,No,Bank transfer (automatic),25.03,264.97,No
9616-PWBKZ,Female,0,Yes,No,12,Yes,No,Fiber optic,Yes,No,Yes,Yes,Yes,Yes,Month-to-month,No,Bank transfer (automatic),109.57,1329.98,No
9484-MTQYO,Male,0,Yes,Yes,47,Yes,No,Fiber optic,No,Yes,Yes,No,Yes,No,Month-to-month,Yes,Credit card (automatic),94.11,4434.33,No
1637-LFTMR,Male,1,Yes,No,31,Yes,Yes,Fiber optic,No,Yes,Yes,Yes,Yes,Yes,One year,No,Electronic check,109.17,3375.98,No
6550-OHSWN,Male,0,No,No,5,Yes,No,No,No internet service,No internet service,No internet service,No internet service,No internet service,No internet service,One year,No,Mailed check,27.0,138.29,No
4341-EOUOX,Female,0,No,No,4,Yes,No,DSL,No,No,No,No,Yes,Yes,Month-to-month,Yes,Electronic check,69.93,275.64,No
2488-YTAPM,Female,0,Yes,No,41,Yes,No,No,No internet service,No internet service,No internet service,No internet service,No internet service,No internet service,Month-to-month,Yes,Electronic check,26.22,1054.63,No
2417-WRQZI,Female,0,Yes,No,72,Yes,No,DSL,No,No,Yes,No,No,No,Month-to-month,No,Bank transfer (automatic),52.76,3799.53,No
3925-UMTTN,Male,0,No,No,4,Yes,No,Fiber optic,No,No,No,Yes,Yes,Yes,Month-to-month,No,Bank transfer (automatic),92.2,370.89,No
1272-CAUEY,Female,1,Yes,No,72,Yes,No,Fiber optic,No,No,No,No,Yes,Yes,Two year,Yes,Electronic check,90.04,6505.11,No
7828-XEEWL,Female,0,Yes,Yes,13,Yes,Yes,DSL,No,Yes,No,Yes,Yes,No,Month-to-month,Yes,Credit card (automatic),65.64,850.52,No
4745-WPQEL,Female,0,Yes,No,56,Yes,Yes,Fiber optic,No,No,No,No,Yes,No,Month-to-month,Yes,Electronic check,84.29,4724.14,No
9731-FMKZQ,Male,0,Yes,No,33,No,No phone service,No,No internet service,No internet service,No internet service,No internet service,No internet service,No internet service,Month-to-month,No,Bank transfer (automatic),18.25,618.13,No
8887-QTXRM,Female,0,No,Yes,56,Yes,Yes,No,No internet service,No internet service,No internet service,No internet service,No internet service,No internet service,Month-to-month,Yes,Bank transfer (automatic),18.25,1019.59,No
4178-MXZML,Male,0,Yes,No,24,Yes,Yes,DSL,No,Yes,Yes,No,No,Yes,Month-to-month,Yes,Bank transfer (automatic),69.23,1670.03,No
2069-MYINA,Female,0,No,Yes,4,Yes,Yes,Fiber optic,No,No,No,No,No,Yes,Month-to-month,Yes,Bank transfer (automatic),87.85,350.97,No
6832-DLXNI,Female,1,Yes,No,1,Yes,No,Fiber optic,Yes,No,No,Yes,No,No,One year,No,Electronic check,96.71,80.56,No
7562-FCAZV,Male,0,No,No,23,Yes,No,DSL,No,No,No,No,No,No,Month-to-month,No,Electronic check,42.76,989.46,No
1383-UCNTB,Male,0,No,No,1,No,No phone service,DSL,No,No,Yes,No,Yes,Yes,One year,Yes,Electronic check,70.15,63.67,No
8083-ZJMTD,Male,0,Yes,Yes,6,Yes,No,DSL,No,No,Yes,No,Yes,Yes,Month-to-month,No,Credit card (automatic),74.85,451.32,No
8698-VAYKZ,Female,0,Yes,Yes,5,Yes,Yes,Fiber optic,No,Yes,No,No,Yes,Yes,Month-to-month,Yes,Electronic check,96.48,485.23,Yes
8599-SSLCW,Male,0,Yes,Yes,13,Yes,Yes,Fiber optic,No,Yes,No,No,Yes,No,Month-to-month,Yes,Electronic check,80.97,1059.16,No
8791-XNSFC,Female,0,Yes,No,21,Yes,No,No,No internet service,No internet service,No internet service,No internet service,No internet service,No internet service,Two year,Yes,Credit card (automatic),32.33,667.25,No
8934-FLTKG,Female,0,No,Yes,58,Yes,No,Fiber optic,No,No,No,No,No,Yes,Two year,Yes,Electronic check,89.99,5219.47,No
5505-APPQO,Male,0,Yes,No,66,Yes,Yes,DSL,No,No,No,No,Yes,No,Month-to-month,Yes,Bank transfer (automatic),70.17,4631.78,No
9051-HUAGK,Male,0,Yes,No,72,Yes,Yes,DSL,Yes,Yes,Yes,No,No,No,Month-to-month,Yes,Credit card (automatic),64.01,4599.8,No
8742-TZUMV,Male,0,No,No,34,Yes,No,No,No internet service,No internet service,No internet service,No internet service,No internet service,No internet service,Month-to-month,Yes,Bank transfer (automatic),29.37,979.84,No
1721-ALCZA,Male,0,No,No,61,Yes,No,Fiber optic,No,Yes,Yes,No,No,Yes,Month-to-month,Yes,Credit card (automatic),97.71,5962.97,No
6156-KTWMK,Female,0,Yes,No,37,Yes,Yes,Fiber optic,No,Yes,No,No,No,No,One year,No,Electronic check,75.4,2783.65,No
9818-YOUMJ,Female,0,Yes,No,57,Yes,No,DSL,No,No,Yes,No,Yes,No,Month-to-month,Yes,Electronic check,67.2,3837.24,No
8461-UZXTL,Male,0,Yes,No,2,Yes,No,Fiber optic,Yes,No,No,Yes,No,Yes,Month-to-month,Yes,Electronic check,97.7,189.29,No
7522-RXZHN,Male,0,Yes,No,72,Yes,Yes,No,No internet service,No internet service,No internet service,No internet service,No internet service,No internet service,One year,Yes,Electronic check,29.06,2090.92,No
5004-VBYVY,Female,0,Yes,Yes,6,Yes,Yes,No,No internet service,No internet service,No internet service,No internet service,No internet service,No internet service,Month-to-month,No,Mailed check,18.25,114.17,No
4690-ZCVZP,Female,0,No,No,20,No,No phone service,DSL,No,No,Yes,No,No,No,One year,No,Credit card (automatic),42.89,868.03,No
9276-PIMJQ,Male,1,Yes,No,17,Yes,Yes,No,No internet service,No internet service,No internet service,No internet service,No internet service,No internet service,One year,No,Mailed check,34.51,591.67,No
3424-UQJHG,Female,0,No,Yes,19,Yes,Yes,Fiber optic,Yes,No,Yes,No,No,Yes,Month-to-month,No,Electronic check,104.12,1970.78,Yes
3221-VRUSR,Female,0,Yes,Yes,29,Yes,No,Fiber optic,Yes,Yes,No,No,No,Yes,Two year,Yes,Credit card (automatic),93.35,2699.89,No
1397-JAIRM,Female,0,No,No,18,No,No phone service,Fiber optic,No,Yes,Yes,Yes,No,No,Month-to-month,Yes,Bank transfer (automatic),92.51,1662.81,Yes
5989-WYVPX,Female,0,Yes,No,28,Yes,No,DSL,No,Yes,No,Yes,Yes,Yes,One year,No,Credit card (automatic),73.71,2059.1,Yes
1222-KWIGV,Female,0,No,Yes,18,Yes,No,Fiber optic,No,Yes,No,Yes,Yes,No,Two year,No,Credit card (automatic),92.69,1675.86,No
5000-IJPUR,Female,0,Yes,Yes,0,Yes,Yes,No,No internet service,No internet service,No internet service,No internet service,No internet service,No internet service,One year,Yes,Credit card (automatic),21.78, ,No
8102-NKXDS,Female,0,Yes,No,23,Yes,No,DSL,No,No,No,Yes,No,No,Month-to-month,Yes,Bank transfer (automatic),64.64,1478.57,No
2844-SOTOY,Female,0,No,No,19,No,No phone service,DSL,No,Yes,No,No,No,Yes,Two year,No,Mailed check,58.94,1133.94,No
4146-WEXVJ,Male,0,Yes,Yes,21,Yes,Yes,No,No internet service,No internet service,No internet service,No internet service,No internet service,No internet service,Month-to-month,No,Electronic check,23.21,497.24,Yes
6265-GACAQ,Female,0,No,No,0,No,No phone service,No,No internet service,No internet service,No internet service,No internet service,No internet service,No internet service,One year,Yes,Credit card (automatic),25.21, ,No
7958-EVPLS,Male,0,No,No,15,No,No phone service,No,No internet service,No internet service,No internet service,No internet service,No internet service,No internet service,Two year,Yes,Mailed check,22.3,337.7,No
6517-CSAUA,Male,1,Yes,No,49,Yes,No,DSL,Yes,No,No,Yes,No,No,Month-to-month,No,Credit card (automatic),59.89,2921.93,No
1137-CMFKF,Male,0,No,No,9,Yes,No,Fiber optic,No,No,No,No,No,No,One year,No,Credit card (automatic),77.07,695.69,No
3759-CEUNE,Male,0,Yes,No,14,Yes,No,No,No internet service,No internet service,No internet service,No internet service,No internet service,No internet service,Two year,No,Mailed check,28.23,398.89,No
5852-TTBYG,Male,1,Yes,Yes,3,Yes,No,No,No internet service,No internet service,No internet service,No internet service,No internet service,No internet service,Month-to-month,Yes,Credit card (automatic),27.44,79.6,Yes
9965-GLRKV,Female,0,No,No,14,Yes,No,DSL,No,Yes,No,No,Yes,No,Month-to-month,Yes,Mailed check,57.61,801.58,No
2692-SYDSM,Male,0,No,Yes,12,Yes,Yes,Fiber optic,Yes,No,Yes,Yes,Yes,No,Month-to-month,Yes,Bank transfer (automatic),99.98,1202.32,No
2695-SBIHU,Female,0,Yes,No,51,Yes,No,Fiber optic,No,No,Yes,Yes,Yes,No,Two year,Yes,Mailed check,94.99,4858.87,No
8965-IMRFW,Male,0,No,No,0,Yes,Yes,Fiber optic,No,Yes,No,No,No,Yes,Month-to-month,No,Credit card (automatic),84.58, ,No
4486-CJJJI,Female,0,Yes,Yes,72,Yes,Yes,Fiber optic,No,No,No,No,No,Yes,Month-to-month,Yes,Mailed check,79.13,5698.9,No
2405-LXHXI,Female,0,No,No,20,Yes,No,DSL,No,Yes,No,No,Yes,Yes,Two year,Yes,Electronic check,68.72,1378.54,No
7291-QFJAU,Male,0,Yes,Yes,18,No,No phone service,DSL,No,Yes,No,No,No,No,Month-to-month,No,Credit card (automatic),50.92,914.75,No
4390-YAITC,Female,0,Yes,No,52,No,No phone service,DSL,No,No,No,Yes,Yes,Yes,Two year,Yes,Bank transfer (automatic),55.53,2872.54,No
9582-IEPBC,Male,0,Yes,No,5,Yes,Yes,No,No internet service,No internet service,No internet service,No internet service,No internet service,No internet service,One year,Yes,Electronic check,22.85,96.91,No
9290-TZWJV,Female,0,No,No,5,Yes,Yes,Fiber optic,No,Yes,No,Yes,Yes,Yes,Two year,No,Mailed check,97.25,490.86,No
5398-NWDJK,Female,0,No,No,49,Yes,Yes,Fiber optic,No,No,Yes,No,Yes,No,Month-to-month,Yes,Bank transfer (automatic),90.02,4428.79,No
2063-WWIHL,Male,1,Yes,No,63,Yes,No,Fiber optic,No,No,Yes,Yes,No,Yes,Month-to-month,No,Mailed check,83.92,5293.08,No
1976-WOSTF,Female,0,No,No,43,No,No phone service,Fiber optic,No,No,Yes,Yes,No,Yes,Month-to-month,Yes,Credit card (automatic),86.12,3687.05,No
7402-NZOMU,Female,0,No,No,1,Yes,Yes,Fiber optic,No,No,No,Yes,No,No,Month-to-month,No,Credit card (automatic),80.59,70.1,Yes
4770-UZIWQ,Female,0,Yes,Yes,25,Yes,No,DSL,No,Yes,No,No,Yes,No,Month-to-month,No,Credit card (automatic),63.14,1591.64,No
1450-SIENG,Female,0,No,Yes,14,Yes,Yes,DSL,No,No,Yes,No,Yes,Yes,Two year,Yes,Mailed check,65.52,912.32,No
1244-FXHBY,Female,0,Yes,No,39,Yes,Yes,DSL,No,Yes,Yes,No,No,No,Month-to-month,Yes,Mailed check,60.98,2396.62,Yes
6915-NVGCT,Female,0,Yes,Yes,4,Yes,No,Fiber optic,Yes,Yes,Yes,Yes,Yes,Yes,One year,No,Bank transfer (automatic),106.87,418.77,No
2974-FUNLR,Male,0,Yes,No,60,Yes,Yes,DSL,No,No,Yes,Yes,No,Yes,One year,Yes,Mailed check,67.85,4075.95,No
1203-GELIK,Female,1,Yes,No,9,Yes,Yes,No,No internet service,No internet service,No internet service,No internet service,No internet service,No internet service,Month-to-month,Yes,Electronic check,28.24,262.88,No
4811-NZLRG,Male,0,No,No,9,Yes,Yes,Fiber optic,No,No,Yes,No,Yes,Yes,Month-to-month,Yes,Bank transfer (automatic),90.88,822.5,No
6974-AMPES,Female,0,No,No,4,Yes,Yes,Fiber optic,Yes,Yes,No,No,No,No,Month-to-month,No,Credit card (automatic),85.58,338.57,Yes
4736-IWILR,Male,1,Yes,Yes,0,No,No phone service,DSL,No,No,Yes,No,Yes,Yes,One year,Yes,Mailed check,61.69, ,No
9793-XZJZQ,Female,1,No,No,9,Yes,No,Fiber optic,No,No,No,No,No,Yes,Two year,Yes,Electronic check,77.66,689.04,Yes
9479-XKPHZ,Male,0,No,No,3,No,No phone service,No,No internet service,No internet service,No internet service,No internet service,No internet service,No internet service,Month-to-month,Yes,Electronic check,19.48,58.48,Yes
3967-OKGBS,Female,1,No,Yes,32,Yes,No,DSL,Yes,No,No,No,No,Yes,Two year,Yes,Electronic check,61.58,1953.13,No
5936-RMWAS,Male,0,No,No,33,Yes,Yes,DSL,Yes,No,No,No,No,Yes,Month-to-month,Yes,Credit card (automatic),63.91,2114.92,No
5720-VTAET,Male,0,Yes,No,42,Yes,No,No,No internet service,No internet service,No internet service,No internet service,No internet service,No internet service,One year,No,Electronic check,27.14,1132.05,No
8935-NZZRM,Male,0,No,No,0,Yes,No,No,No internet service,No internet service,No internet service,No internet service,No internet service,No internet service,Two year,No,Electronic check,20.81, ,Yes
4819-OXDIC,Female,0,Yes,Yes,10,Yes,No,Fiber optic,No,Yes,No,No,Yes,Yes,Month-to-month,Yes,Mailed check,90.53,908.2,Yes
4324-VKOPG,Female,0,Yes,No,0,No,No phone service,Fiber optic,No,Yes,Yes,No,No,No,Two year,No,Electronic check,83.97, ,No
9998-VIQMI,Female,0,No,No,17,Yes,No,DSL,No,No,No,No,Yes,No,Month-to-month,No,Bank transfer (automatic),57.95,997.34,No
9412-LUSWO,Male,0,No,Yes,57,Yes,Yes,Fiber optic,No,No,Yes,No,No,No,Two year,No,Credit card (automatic),81.73,4649.01,No
6240-FCZCB,Female,0,Yes,No,12,No,No phone service,Fiber optic,No,Yes,Yes,No,No,Yes,Month-to-month,Yes,Electronic check,84.11,1015.63,Yes
9964-TLFPE,Male,1,Yes,Yes,49,Yes,No,DSL,No,No,Yes,No,No,No,One year,Yes,Credit card (automatic),55.86,2726.47,No
3175-FDNCQ,Female,0,Yes,No,70,Yes,Yes,No,No internet service,No internet service,No internet service,No internet service,No internet service,No internet service,Two year,Yes,Bank transfer (automatic),28.8,1997.42,No
2605-TDMHK,Male,0,Yes,No,6,Yes,Yes,Fiber optic,No,Yes,No,No,No,Yes,One year,No,Electronic check,90.13,546.88,No
4159-SWEEC,Male,0,No,No,0,Yes,No,Fiber optic,Yes,Yes,No,Yes,No,Yes,Month-to-month,No,Bank transfer (automatic),102.82, ,Yes
6345-COGCO,Male,0,No,Yes,32,Yes,No,Fiber optic,Yes,Yes,No,No,Yes,No,Month-to-month,Yes,Electronic check,93.22,2976.44,Yes
1490-PMBTL,Female,0,Yes,No,20,Yes,No,Fiber optic,Yes,No,Yes,No,Yes,Yes,Month-to-month,No,Mailed check,96.34,1936.48,No
5064-NXJCK,Male,0,Yes,No,10,Yes,Yes,DSL,Yes,No,No,Yes,Yes,No,Month-to-month,Yes,Electronic check,68.09,678.26,No
6971-UZOFR,Female,0,No,No,10,No,No phone service,DSL,No,No,No,No,Yes,No,One year,No,Mailed check,50.26,509.49,No
2676-OCOXX,Male,1,Yes,No,2,Yes,No,No,No internet service,No internet service,No internet service,No internet service,No internet service,No internet service,One year,No,Credit card (automatic),33.59,63.07,No
1602-RZZHL,Female,1,Yes,Yes,49,Yes,No,Fiber optic,No,No,Yes,No,No,No,Month-to-month,No,Bank transfer (automatic),81.39,3982.83,No
6252-AHEQO,Male,1,Yes,No,6,Yes,Yes,DSL,No,No,No,No,Yes,No,Two year,No,Electronic check,57.46,345.88,No
4747-MQMYZ,Male,0,Yes,No,2,Yes,Yes,DSL,Yes,No,No,Yes,Yes,Yes,Month-to-month,Yes,Electronic check,74.15,162.84,Yes
5120-BLSRJ,Male,0,Yes,No,36,Yes,No,Fiber optic,Yes,No,Yes,Yes,No,No,Month-to-month,No,Bank transfer (automatic),87.85,3173.51,No
3922-ACQZO,Female,0,Yes,Yes,15,Yes,Yes,No,No internet service,No internet service,No internet service,No internet service,No internet service,No internet service,Month-to-month,No,Bank transfer (automatic),33.06,489.02,No
5013-XOPDS,Male,0,No,No,34,Yes,No,Fiber optic,Yes,No,No,No,Yes,No,Month-to-month,Yes,Electronic check,90.01,3060.73,Yes
1551-FPCHE,Male,0,No,No,55,No,No phone service,No,No internet service,No internet service,No internet service,No internet service,No internet service,No internet service,Month-to-month,Yes,Bank transfer (automatic),24.28,1335.22,No
2060-LYAGX,Female,0,No,No,11,Yes,No,Fiber optic,Yes,No,Yes,No,No,Yes,Two year,Yes,Bank transfer (automatic),86.45,949.71,No
3186-JCHAH,Female,0,No,No,1,Yes,No,DSL,No,No,Yes,Yes,Yes,Yes,Month-to-month,Yes,Bank transfer (automatic),82.9,93.66,Yes
3646-TKGZP,Male,0,No,No,7,Yes,No,DSL,Yes,No,Yes,Yes,Yes,No,Month-to-month,No,Mailed check,76.46,527.09,No
3278-MJQCG,Female,0,Yes,No,1,Yes,No,No,No internet service,No internet service,No internet service,No internet service,No internet service,No internet service,One year,Yes,Credit card (automatic),20.22,9.16,No
8372-EYWSO,Female,0,No,No,3,Yes,No,DSL,No,No,No,Yes,Yes,No,Two year,Yes,Mailed check,65.47,182.98,Yes
4808-EMJEW,Male,1,No,No,45,Yes,Yes,Fiber optic,Yes,No,No,No,No,Yes,Two year,Yes,Bank transfer (automatic),86.34,3878.1,No
3365-AJRVH,Female,0,No,Yes,68,Yes,Yes,Fiber optic,No,Yes,Yes,No,Yes,No,One year,No,Bank transfer (automatic),94.05,6401.17,No
2907-CSSBQ,Male,0,Yes,Yes,27,Yes,No,DSL,No,No,No,No,No,Yes,Month-to-month,Yes,Bank transfer (automatic),60.63,1654.15,No
8966-PUJUP,Male,0,No,Yes,31,Yes,No,No,No internet service,No internet service,No internet service,No internet service,No internet service,No internet service,Month-to-month,Yes,Mailed check,25.12,771.14,No
1737-UDVRB,Male,1,No,No,31,Yes,No,DSL,No,No,Yes,No,No,Yes,Two year,Yes,Bank transfer (automatic),56.99,1775.77,No
8141-CUCBC,Female,0,No,No,3,Yes,No,DSL,Yes,No,No,No,Yes,Yes,Two year,Yes,Bank transfer (automatic),72.18,223.37,No
9045-GVUFH,Female,0,Yes,No,1,Yes,No,DSL,Yes,No,Yes,Yes,No,No,One year,Yes,Electronic check,62.25,58.84,No
8058-SLEEN,Male,0,Yes,No,28,Yes,No,Fiber optic,No,No,Yes,No,No,Yes,Two year,No,Electronic check,90.6,2529.51,Yes
2370-QPDYH,Male,0,No,No,0,Yes,Yes,Fiber optic,No,Yes,Yes,No,No,Yes,Two year,Yes,Electronic check,92.81, ,Yes
5002-UEWXY,Female,0,Yes,No,40,Yes,No,Fiber optic,No,No,Yes,No,No,No,Month-to-month,Yes,Electronic check,78.98,3158.12,Yes
7822-RXHKN,Female,0,Yes,Yes,21,Yes,Yes,Fiber optic,Yes,No,Yes,No,Yes,No,Month-to-month,Yes,Electronic check,92.67,1949.77,Yes
9505-AKGJB,Male,0,No,No,2,Yes,Yes,DSL,No,No,No,No,No,Yes,Month-to-month,No,Electronic check,56.98,115.98,No
3393-POIAI,Male,0,Yes,No,25,Yes,No,DSL,Yes,No,Yes,No,No,Yes,Month-to-month,Yes,Credit card (automatic),79.38,1978.08,No
7410-EFHOP,Male,0,Yes,Yes,22,Yes,Yes,Fiber optic,Yes,No,No,No,No,Yes,Month-to-month,Yes,Electronic check,89.29,1980.49,Yes
6981-RLWDY,Female,0,No,No,11,Yes,Yes,Fiber optic,Yes,Yes,No,No,No,No,Month-to-month,No,Electronic check,82.16,915.69,No
2615-WKVXV,Male,0,Yes,No,40,Yes,No,No,No internet service,No internet service,No internet service,No internet service,No internet service,No internet service,Month-to-month,Yes,Bank transfer (automatic),34.77,1389.1,No
3446-QOJDV,Female,0,Yes,Yes,8,Yes,No,Fiber optic,Yes,Yes,Yes,No,No,Yes,One year,No,Mailed check,94.24,771.26,No
4216-DVWVK,Male,1,No,Yes,11,Yes,No,No,No internet service,No internet service,No internet service,No internet service,No internet service,No internet service,Month-to-month,Yes,Credit card (automatic),30.85,324.34,No
2961-NRFEB,Female,0,Yes,Yes,28,Yes,Yes,Fiber optic,No,No,Yes,No,No,Yes,Month-to-month,No,Bank transfer (automatic),90.6,2552.75,No
4448-MWNCW,Female,0,Yes,No,33,Yes,No,DSL,No,No,No,No,No,No,Month-to-month,Yes,Electronic check,39.63,1292.29,Yes
4626-VWDMZ,Male,1,Yes,Yes,7,Yes,Yes,DSL,No,No,No,Yes,Yes,Yes,Month-to-month,No,Bank transfer (automatic),66.19,443.08,No
7812-HHWMW,Female,0,Yes,No,0,Yes,No,No,No internet service,No internet service,No internet service,No internet service,No internet service,No internet service,Month-to-month,No,Electronic check,29.62, ,No
7263-QFBQL,Female,1,No,Yes,4,Yes,Yes,DSL,Yes,No,No,Yes,Yes,No,Two year,Yes,Bank transfer (automatic),69.52,286.57,No
5953-WFEEY,Male,0,No,No,7,Yes,No,Fiber optic,Yes,Yes,No,Yes,No,Yes,Two year,Yes,Electronic check,102.01,711.36,Yes
2352-VCWTE,Female,0,Yes,Yes,56,Yes,Yes,DSL,No,No,No,No,No,Yes,Month-to-month,No,Electronic check,55.8,3115.88,No
1166-LGJHQ,Female,1,Yes,No,53,Yes,No,DSL,No,Yes,Yes,Yes,No,No,Month-to-month,Yes,Electronic check,61.08,3231.43,Yes
8758-IWKMR,Male,0,Yes,No,25,Yes,No,No,No internet service,No internet service,No internet service,No internet service,No internet service,No internet service,One year,No,Mailed check,18.25,462.01,No
5744-JEKVO,Female,0,Yes,No,29,No,No phone service,DSL,No,Yes,No,No,No,No,Month-to-month,Yes,Mailed check,54.41,1601.35,Yes
1084-TXXNE,Female,0,No,No,23,Yes,No,No,No internet service,No internet service,No internet service,No internet service,No internet service,No internet service,Two year,No,Electronic check,18.25,409.77,No
8194-XFZVO,Male,0,No,No,36,Yes,Yes,DSL,Yes,No,No,No,No,Yes,Month-to-month,Yes,Credit card (automatic),64.84,2339.8,Yes
7684-DJSIU,Male,1,Yes,No,10,Yes,Yes,Fiber optic,No,Yes,No,No,Yes,Yes,Month-to-month,No,Mailed check,101.49,1031.26,Yes
7153-DVDFZ,Male,0,Yes,No,18,Yes,No,Fiber optic,No,No,No,Yes,No,No,Two year,Yes,Mailed check,84.69,1520.38,No
6967-HPFQA,Female,0,Yes,Yes,26,Yes,Yes,Fiber optic,Yes,No,No,Yes,No,No,Month-to-month,Yes,Mailed check,85.33,2218.76,No
7512-LLFGH,Male,0,No,Yes,15,Yes,Yes,Fiber optic,No,No,No,No,No,No,Month-to-month,Yes,Credit card (automatic),81.19,1224.12,No
5656-UHKTR,Male,1,Yes,No,35,Yes,No,Fiber optic,No,Yes,No,No,Yes,No,Month-to-month,No,Mailed check,90.29,3164.81,No
1408-MISGQ,Male,0,Yes,No,64,Yes,Yes,DSL,No,Yes,Yes,No,No,No,Month-to-month,Yes,Credit card (automatic),54.88,3500.46,No
6031-HCPLO,Male,0,No,Yes,26,Yes,No,Fiber optic,No,Yes,No,No,No,Yes,Two year,Yes,Credit card (automatic),90.59,2353.9,No
6300-DWGKX,Male,1,No,Yes,1,Yes,No,Fiber optic,Yes,Yes,No,No,Yes,Yes,One year,No,Electronic check,106.04,95.62,Yes
3764-KEHUQ,Male,0,Yes,No,22,Yes,No,No,No internet service,No internet service,No internet service,No internet service,No internet service,No internet service,Month-to-month,Yes,Credit card (automatic),28.44,620.85,No
4146-SRJEX,Male,0,Yes,No,28,Yes,No,DSL,Yes,Yes,No,No,No,No,Month-to-month,Yes,Electronic check,53.98,1505.15,No
6951-YYAQQ,Female,0,Yes,No,7,Yes,No,Fiber optic,Yes,No,Yes,No,Yes,Yes,Month-to-month,Yes,Electronic check,91.02,640.63,No
9664-AWVIY,Female,0,Yes,No,9,Yes,No,DSL,No,Yes,Yes,Yes,Yes,No,Month-to-month,Yes,Electronic check,71.52,651.55,No
9387-INOPP,Male,0,No,No,21,Yes,Yes,Fiber optic,Yes,No,No,No,No,No,One year,Yes,Electronic check,77.49,1619.44,Yes
6644-NVUIW,Male,0,No,No,29,Yes,No,Fiber optic,No,No,No,Yes,No,No,Two year,Yes,Bank transfer (automatic),83.04,2413.61,No
4496-UDJCU,Female,0,No,No,49,Yes,Yes,DSL,No,No,No,Yes,No,No,Month-to-month,Yes,Mailed check,53.43,2617.54,No
2672-SPPQR,Male,0,Yes,No,34,Yes,No,DSL,No,Yes,No,Yes,No,No,Two year,No,Mailed check,64.25,2177.22,No
8026-VOOKH,Female,0,No,Yes,3,Yes,No,Fiber optic,No,Yes,No,Yes,Yes,Yes,Month-to-month,No,Bank transfer (automatic),99.2,312.11,Yes
9309-PJIOV,Male,0,No,No,10,Yes,Yes,No,No internet service,No internet service,No internet service,No internet service,No internet service,No internet service,Two year,No,Mailed check,27.56,275.48,No
4812-TBVPR,Female,0,Yes,Yes,3,Yes,Yes,Fiber optic,No,No,No,No,No,Yes,Month-to-month,Yes,Credit card (automatic),85.15,242.53,Yes
1900-ASJUM,Male,0,No,No,33,Yes,Yes,Fiber optic,Yes,Yes,Yes,Yes,Yes,No,Two year,Yes,Bank transfer (automatic),100.81,3341.6,No
1950-XWWKO,Female,1,No,No,7,Yes,No,No,No internet service,No internet service,No internet service,No internet service,No internet service,No internet service,Two year,Yes,Bank transfer (automatic),25.3,191.9,No
1257-FUKOI,Female,0,Yes,No,3,Yes,Yes,Fiber optic,No,No,No,No,Yes,Yes,Month-to-month,No,Mailed check,93.38,296.13,No
3425-DWXNV,Male,0,Yes,Yes,2,Yes,No,Fiber optic,No,Yes,No,No,Yes,No,Month-to-month,No,Mailed check,86.98,186.29,No
6402-UQMHL,Female,0,Yes,Yes,2,Yes,No,Fiber optic,No,No,No,Yes,Yes,Yes,One year,Yes,Credit card (automatic),94.71,196.8,Yes
6099-LBJWI,Female,0,Yes,No,6,No,No phone service,DSL,No,No,Yes,No,No,Yes,Two year,Yes,Electronic check,46.91,291.68,No
4456-DWNPY,Male,1,No,No,36,Yes,Yes,No,No internet service,No internet service,No internet service,No internet service,No internet service,No internet service,One year,Yes,Electronic check,31.9,1150.68,Yes
8649-FCTSM,Female,0,No,No,6,Yes,Yes,DSL,No,No,Yes,No,Yes,Yes,Month-to-month,No,Mailed check,74.45,447.09,Yes
5112-NVKPK,Female,0,No,Yes,7,Yes,Yes,DSL,No,Yes,Yes,No,No,Yes,Month-to-month,Yes,Credit card (automatic),66.35,475.4,Yes
5977-BWUHN,Female,1,No,Yes,51,Yes,No,No,No internet service,No internet service,No internet service,No internet service,No internet service,No internet service,Month-to-month,No,Credit card (automatic),27.35,1384.29,No
8329-MJHGM,Female,0,No,No,14,Yes,No,No,No internet service,No internet service,No internet service,No internet service,No internet service,No internet service,Month-to-month,Yes,Electronic check,18.25,264.07,No
9921-XSXOV,Male,0,Yes,No,17,Yes,No,No,No internet service,No internet service,No internet service,No internet service,No internet service,No internet service,One year,Yes,Electronic check,27.97,474.35,No
7657-VESAG,Female,0,No,No,0,Yes,No,Fiber optic,No,Yes,No,No,No,No,Month-to-month,No,Credit card (automatic),81.24, ,No
1256-GQYFT,Female,0,Yes,Yes,2,Yes,Yes,DSL,No,Yes,Yes,No,No,No,Two year,No,Electronic check,64.04,135.34,No
7867-OMLUB,Female,0,Yes,Yes,32,Yes,No,No,No internet service,No internet service,No internet service,No internet service,No internet service,No internet service,One year,Yes,Mailed check,34.92,1121.48,No
5379-DJKUF,Female,0,No,No,9,Yes,No,No,No internet service,No internet service,No internet service,No internet service,No internet service,No internet service,Month-to-month,Yes,Electronic check,20.86,200.9,No
5324-FDFRM,Male,0,No,Yes,3,Yes,No,DSL,Yes,No,No,No,No,Yes,Month-to-month,No,Mailed check,59.6,195.27,No
9310-CJDYO,Female,0,Yes,No,13,Yes,Yes,No,No internet service,No internet service,No internet service,No internet service,No internet service,No internet service,Month-to-month,No,Credit card (automatic),26.53,346.77,No
7539-OUYZZ,Male,0,Yes,No,1,Yes,No,DSL,No,Yes,Yes,No,No,No,Month-to-month,No,Mailed check,58.47,54.06,No
3441-LZVHU,Male,0,No,No,29,Yes,Yes,No,No internet service,No internet service,No internet service,No internet service,No internet service,No internet service,Month-to-month,Yes,Credit card (automatic),24.52,720.6,No
6794-GRCOB,Female,0,No,No,2,Yes,Yes,No,No internet service,No internet service,No internet service,No internet service,No internet service,No internet service,Two year,Yes,Mailed check,21.48,39.18,No
8391-OMXTJ,Male,0,No,No,1,Yes,No,Fiber optic,Yes,No,No,No,No,Yes,Two year,No,Bank transfer (automatic),91.94,103.7,No
2399-XXXHP,Female,0,Yes,No,13,Yes,No,Fiber optic,No,No,Yes,Yes,No,No,Month-to-month,Yes,Electronic check,90.2,1170.85,No
8864-PBIHK,Female,0,Yes,Yes,21,Yes,Yes,DSL,Yes,No,Yes,No,Yes,Yes,Month-to-month,Yes,Mailed check,71.87,1513.35,No
9921-AUKRZ,Female,0,Yes,Yes,34,Yes,No,DSL,No,Yes,No,Yes,No,No,Month-to-month,No,Credit card (automatic),59.32,2024.78,No
6684-OXIIA,Male,0,No,No,1,Yes,Yes,Fiber optic,Yes,No,No,Yes,Yes,No,Two year,Yes,Credit card (automatic),98.6,97.13,No
3758-LXJSP,Male,0,Yes,No,9,Yes,Yes,DSL,Yes,No,Yes,No,Yes,Yes,Month-to-month,No,Electronic check,76.35,684.66,Yes
9229-KSYSR,Female,0,Yes,No,7,Yes,No,Fiber optic,Yes,No,No,Yes,Yes,Yes,Two year,Yes,Credit card (automatic),104.96,743.67,No
4576-OPNHH,Male,0,No,No,32,Yes,Yes,DSL,No,No,No,No,Yes,No,Month-to-month,No,Mailed check,51.52,1640.41,No
3923-BUTYL,Male,1,No,No,11,No,No phone service,DSL,No,Yes,No,No,No,Yes,Two year,Yes,Electronic check,59.84,660.78,No
9422-FUDUI,Male,0,No,Yes,23,Yes,No,Fiber optic,Yes,No,No,Yes,No,No,Two year,No,Credit card (automatic),79.06,1826.59,No
6444-JOHWD,Male,1,No,Yes,16,Yes,No,DSL,No,No,No,No,No,Yes,One year,Yes,Bank transfer (automatic),62.26,988.73,No
7405-MSJOC,Female,0,No,No,20,Yes,No,Fiber optic,No,Yes,No,No,No,Yes,Month-to-month,Yes,Mailed check,98.8,1964.14,Yes
8857-NCKJQ,Female,0,Yes,No,10,Yes,Yes,Fiber optic,No,Yes,Yes,No,Yes,Yes,Two year,Yes,Credit card (automatic),103.32,1024.34,No
4960-BMSEP,Female,0,No,No,6,Yes,Yes,DSL,No,Yes,No,No,No,Yes,Month-to-month,Yes,Electronic check,68.7,412.78,Yes
1201-LTMUP,Male,1,Yes,No,1,No,No phone service,No,No internet service,No internet service,No internet service,No internet service,No internet service,No internet service,One year,Yes,Bank transfer (automatic),18.25,22.82,Yes
8545-AVIPS,Female,0,Yes,No,4,Yes,Yes,Fiber optic,No,Yes,Yes,No,Yes,No,One year,Yes,Credit card (automatic),89.52,369.54,No
9622-RVLNC,Female,0,No,No,4,Yes,Yes,No,No internet service,No internet service,No internet service,No internet service,No internet service,No internet service,One year,Yes,Bank transfer (automatic),25.55,103.62,No
8523-FPMLV,Female,0,Yes,No,65,Yes,No,No,No internet service,No internet service,No internet service,No internet service,No internet service,No internet service,Two year,Yes,Bank transfer (automatic),30.3,1968.55,No
2665-MCMYB,Male,0,Yes,No,66,Yes,No,No,No internet service,No internet service,No internet service,No internet service,No internet service,No internet service,Two year,Yes,Electronic check,18.96,1244.76,No
1136-TAMBO,Male,1,No,No,7,Yes,Yes,DSL,No,No,No,Yes,Yes,No,Month-to-month,Yes,Electronic check,61.01,427.48,Yes
9760-YPKOF,Male,0,No,Yes,2,Yes,No,DSL,No,No,No,No,No,No,Month-to-month,Yes,Bank transfer (automatic),48.69,95.14,No
3061-FSEKD,Female,0,No,No,7,Yes,Yes,Fiber optic,No,No,Yes,Yes,Yes,Yes,Two year,Yes,Bank transfer (automatic),93.86,675.37,No
5313-IIQHO,Female,0,Yes,No,38,Yes,Yes,Fiber optic,Yes,Yes,No,No,Yes,No,Two year,No,Credit card (automatic),86.3,3298.92,No
1259-ZTRIU,Female,0,Yes,No,49,Yes,Yes,Fiber optic,No,Yes,No,No,Yes,No,Two year,Yes,Credit card (automatic),89.69,4393.14,No
3280-UXDUG,Male,0,Yes,No,16,No,No phone service,No,No internet service,No internet service,No internet service,No internet service,No internet service,No internet service,One year,No,Mailed check,18.25,290.13,No
9572-WHUAI,Female,0,Yes,No,18,No,No phone service,DSL,No,No,No,Yes,No,No,One year,Yes,Bank transfer (automatic),51.79,940.43,No
3648-WLFME,Male,0,Yes,No,14,Yes,No,Fiber optic,No,Yes,Yes,No,Yes,No,Month-to-month,No,Mailed check,89.86,1264.11,No
3932-SZAVX,Male,0,No,No,4,Yes,No,Fiber optic,No,Yes,No,No,Yes,No,Month-to-month,Yes,Mailed check,95.55,362.99,No
5983-ZHZOS,Male,0,No,No,1,Yes,No,No,No internet service,No internet service,No internet service,No internet service,No internet service,No internet service,Month-to-month,Yes,Credit card (automatic),28.56,28.88,No
3569-XPKLP,Female,0,No,No,23,Yes,Yes,DSL,No,No,Yes,Yes,Yes,No,One year,Yes,Bank transfer (automatic),75.44,1724.77,No
2103-TCIHJ,Male,1,No,Yes,38,Yes,Yes,Fiber optic,No,No,Yes,No,No,Yes,Two year,Yes,Credit card (automatic),83.48,3162.73,No
5561-MMOMP,Female,0,Yes,Yes,33,Yes,Yes,No,No internet service,No internet service,No internet service,No internet service,No internet service,No internet service,Month-to-month,Yes,Bank transfer (automatic),32.33,1069.05,No
6722-SJLNF,Male,0,Yes,No,55,No,No phone service,No,No internet service,No internet service,No internet service,No internet service,No internet service,No internet service,Month-to-month,Yes,Bank transfer (automatic),18.25,1007.4,No
9215-IGFVA,Female,1,No,No,40,Yes,Yes,Fiber optic,No,No,Yes,No,Yes,No,One year,Yes,Mailed check,85.35,3416.12,No
6630-EKELC,Male,0,No,No,8,Yes,No,DSL,No,No,Yes,No,No,No,One year,Yes,Electronic check,52.63,418.15,No
5661-BZBVL,Female,0,No,Yes,2,Yes,Yes,No,No internet service,No internet service,No internet service,No internet service,No internet service,No internet service,Month-to-month,No,Bank transfer (automatic),26.14,60.85,No
2281-IPYON,Female,1,No,Yes,13,Yes,No,Fiber optic,No,Yes,Yes,No,No,Yes,Month-to-month,Yes,Mailed check,91.79,1196.62,No
9947-DDKUX,Male,1,No,Yes,10,Yes,Yes,No,No internet service,No internet service,No internet service,No internet service,No internet service,No internet service,Two year,Yes,Bank transfer (automatic),18.25,202.66,No
6978-EBOKX,Female,0,No,Yes,31,Yes,No,No,No internet service,No internet service,No internet service,No internet service,No internet service,No internet service,Month-to-month,Yes,Electronic check,29.66,920.85,Yes
6680-POWCT,Female,0,No,No,1,Yes,No,No,No internet service,No internet service,No internet service,No internet service,No internet service,No internet service,Month-to-month,No,Electronic check,24.14,11.22,Yes
3012-MPWLQ,Male,0,Yes,No,68,No,No phone service,DSL,No,Yes,No,No,Yes,Yes,Two year,No,Electronic check,58.68,3977.41,No
6615-IFSWM,Male,0,No,Yes,72,Yes,No,Fiber optic,Yes,No,No,No,No,No,Month-to-month,No,Bank transfer (automatic),83.06,5974.68,Yes
8623-LIVDM,Female,0,No,No,2,No,No phone service,DSL,Yes,No,Yes,No,Yes,Yes,Two year,Yes,Credit card (automatic),76.8,156.49,No
1996-XZRUN,Male,0,No,No,13,Yes,No,No,No internet service,No internet service,No internet service,No internet service,No internet service,No internet service,Two year,Yes,Credit card (automatic),28.29,370.9,No
5984-BOHPC,Female,0,Yes,No,55,Yes,No,Fiber optic,No,No,No,Yes,No,No,Two year,Yes,Credit card (automatic),80.2,4401.03,No
3519-TTWED,Male,0,No,Yes,4,Yes,No,DSL,No,Yes,No,No,Yes,No,Month-to-month,Yes,Credit card (automatic),58.68,240.53,No
9715-SOYME,Male,0,No,Yes,28,Yes,Yes,DSL,No,No,Yes,Yes,Yes,Yes,Month-to-month,Yes,Electronic check,77.74,2192.04,No
1715-SBGWE,Male,0,Yes,No,29,Yes,Yes,Fiber optic,No,Yes,No,No,No,Yes,Month-to-month,Yes,Electronic check,94.8,2742.49,No
1211-KRRGJ,Female,0,Yes,No,6,Yes,No,Fiber optic,Yes,No,No,No,Yes,No,One year,No,Electronic check,96.04,571.37,Yes
4222-TNTTK,Male,0,No,Yes,0,Yes,No,DSL,No,No,No,Yes,Yes,No,Month-to-month,Yes,Bank transfer (automatic),63.8, ,No
5929-MMIQO,Female,0,Yes,Yes,26,Yes,Yes,Fiber optic,Yes,No,No,No,No,Yes,Month-to-month,No,Credit card (automatic),91.95,2387.38,No
6813-ZWUVV,Female,0,Yes,Yes,23,Yes,No,No,No internet service,No internet service,No internet service,No internet service,No internet service,No internet service,Two year,Yes,Credit card (automatic),27.88,654.45,No
8160-JTLET,Male,0,Yes,No,25,Yes,No,DSL,Yes,No,No,Yes,Yes,Yes,Month-to-month,Yes,Credit card (automatic),78.01,1960.5,No
3921-FUTFL,Male,0,Yes,No,4,Yes,Yes,DSL,Yes,No,No,No,No,No,Month-to-month,Yes,Bank transfer (automatic),54.0,222.62,No
3228-SBMVT,Male,0,No,No,22,No,No phone service,Fiber optic,No,No,No,No,No,Yes,One year,Yes,Electronic check,85.05,1862.27,No
2996-ZCNHI,Male,0,Yes,No,18,Yes,Yes,Fiber optic,Yes,No,No,No,No,Yes,Month-to-month,Yes,Electronic check,86.38,1559.26,No
7862-WRHKE,Male,0,Yes,No,14,Yes,Yes,DSL,Yes,No,No,No,No,No,One year,No,Mailed check,52.31,740.81,No
6310-OOZGU,Female,0,No,No,36,Yes,Yes,No,No internet service,No internet service,No internet service,No internet service,No internet service,No internet service,One year,No,Electronic check,24.48,885.52,No
1063-RLLDK,Male,0,No,Yes,11,Yes,No,Fiber optic,No,No,No,No,Yes,Yes,Month-to-month,Yes,Electronic check,84.96,930.58,No
1436-FUJOA,Female,0,No,No,10,Yes,Yes,No,No internet service,No internet service,No internet service,No internet service,No internet service,No internet service,Month-to-month,Yes,Mailed check,19.63,186.55,No
5094-CYKRJ,Female,0,Yes,No,18,Yes,No,Fiber optic,Yes,Yes,No,Yes,Yes,Yes,Month-to-month,Yes,Mailed check,106.87,1929.67,No
2076-IGKHB,Male,0,No,No,69,Yes,Yes,Fiber optic,No,No,No,No,No,Yes,One year,No,Bank transfer (automatic),91.47,6305.82,No
1548-IAQJH,Male,0,No,Yes,10,Yes,Yes,DSL,No,Yes,Yes,No,No,No,Month-to-month,No,Credit card (automatic),59.69,602.31,No
1913-YJIDB,Female,0,Yes,Yes,14,Yes,No,No,No internet service,No internet service,No internet service,No internet service,No internet service,No internet service,Month-to-month,Yes,Mailed check,22.3,311.76,No
5306-JQCUS,Female,0,No,No,7,Yes,No,DSL,Yes,Yes,Yes,No,No,Yes,Month-to-month,Yes,Credit card (automatic),73.16,527.24,No
2522-ZVSSO,Male,0,No,No,27,Yes,Yes,DSL,Yes,No,No,No,No,Yes,Month-to-month,Yes,Bank transfer (automatic),62.75,1689.28,No
3456-RQJXN,Female,0,No,No,10,Yes,No,DSL,Yes,Yes,Yes,No,No,No,Two year,No,Mailed check,69.48,713.2,No
4314-WRKKL,Female,0,No,Yes,28,Yes,No,Fiber optic,No,No,No,No,Yes,No,Month-to-month,No,Mailed check,80.69,2265.51,Yes
8591-PYXHX,Female,0,No,No,3,Yes,No,Fiber optic,No,Yes,No,No,Yes,Yes,Two year,No,Electronic check,97.14,292.05,No
4597-WRXUV,Male,0,No,No,7,Yes,No,DSL,No,No,Yes,Yes,Yes,Yes,Two year,Yes,Mailed check,73.29,508.55,Yes
8651-QMECI,Female,0,Yes,No,5,Yes,Yes,Fiber optic,No,No,Yes,Yes,Yes,No,Month-to-month,No,Electronic check,95.12,482.49,Yes
3771-ZRTSS,Female,0,No,Yes,36,Yes,Yes,DSL,No,No,No,No,Yes,Yes,One year,No,Mailed check,63.98,2296.91,No
6839-AEXOZ,Female,0,No,No,2,Yes,No,DSL,Yes,No,Yes,No,No,No,Month-to-month,Yes,Bank transfer (automatic),59.5,127.36,No
3648-ANRRF,Male,1,No,No,6,Yes,No,No,No internet service,No internet service,No internet service,No internet service,No internet service,No internet service,Month-to-month,Yes,Electronic check,29.24,168.27,Yes
2050-QROLM,Male,0,No,No,16,Yes,No,Fiber optic,No,No,Yes,No,Yes,Yes,Month-to-month,Yes,Credit card (automatic),97.69,1554.43,Yes
6043-BDCSY,Female,0,No,No,2,Yes,No,Fiber optic,No,No,Yes,No,Yes,No,Month-to-month,No,Electronic check,87.87,168.04,No
6963-LJYAE,Female,0,No,No,0,No,No phone service,DSL,No,No,No,Yes,No,No,Two year,No,Mailed check,61.22, ,No
8923-KINCE,Female,0,No,No,28,Yes,Yes,DSL,Yes,No,Yes,No,No,No,Two year,No,Electronic check,57.44,1599.47,No
7327-ZUIRF,Male,0,No,No,22,Yes,Yes,DSL,No,No,No,Yes,Yes,No,Two year,Yes,Electronic check,66.9,1464.52,No
5628-YGPHW,Male,0,Yes,No,0,Yes,No,DSL,Yes,Yes,No,No,No,No,Month-to-month,Yes,Mailed check,62.96, ,No
6049-EKUMT,Female,0,Yes,Yes,1,Yes,No,Fiber optic,Yes,Yes,No,No,Yes,No,One year,No,Bank transfer (automatic),85.44,92.01,No
7797-IJJJZ,Female,0,No,No,5,No,No phone service,Fiber optic,No,No,No,Yes,No,No,One year,Yes,Bank transfer (automatic),74.93,371.95,No
5018-KKCSX,Female,0,No,No,56,Yes,Yes,Fiber optic,No,No,No,No,No,Yes,Month-to-month,Yes,Mailed check,85.51,4796.8,No
1459-ONCTM,Female,0,Yes,No,25,Yes,No,Fiber optic,Yes,Yes,No,No,Yes,Yes,Two year,No,Bank transfer (automatic),95.64,2377.19,No
3801-PFJQQ,Female,0,Yes,No,39,Yes,Yes,DSL,No,No,No,No,Yes,Yes,Month-to-month,No,Electronic check,54.93,2137.6,No
2678-AGYJG,Female,0,Yes,No,34,Yes,No,Fiber optic,No,No,No,No,Yes,No,One year,Yes,Credit card (automatic),82.68,2807.36,No
3926-XPWNC,Female,0,No,Yes,72,Yes,No,DSL,No,No,Yes,Yes,No,No,Month-to-month,Yes,Mailed check,58.31,4196.43,Yes
8410-LSRNT,Male,0,No,No,71,Yes,Yes,Fiber optic,Yes,Yes,No,No,Yes,No,Month-to-month,No,Bank transfer (automatic),81.6,5778.42,Yes
6814-ICZWL,Male,0,Yes,Yes,1,Yes,Yes,Fiber optic,No,No,No,No,No,Yes,Month-to-month,No,Electronic check,87.92,83.01,No
4998-TQEHS,Male,0,Yes,Yes,0,Yes,Yes,Fiber optic,No,Yes,No,No,No,No,One year,Yes,Bank transfer (automatic),82.45, ,No
5547-OSOZN,Female,0,Yes,No,16,Yes,No,Fiber optic,Yes,No,Yes,No,Yes,Yes,Two year,Yes,Credit card (automatic),97.19,1551.0,No
1051-KBSCD,Male,0,Yes,No,7,Yes,No,DSL,No,Yes,No,No,Yes,No,Month-to-month,Yes,Electronic check,62.2,451.79,No
2674-MRRSL,Female,0,Yes,No,16,Yes,Yes,No,No internet service,No internet service,No internet service,No internet service,No internet service,No internet service,Month-to-month,Yes,Bank transfer (automatic),23.66,376.42,No
8792-CACDF,Male,0,Yes,Yes,2,Yes,Yes,No,No internet service,No internet service,No internet service,No internet service,No internet service,No internet service,Two year,Yes,Mailed check,29.42,56.0,No
3712-HMDFK,Male,0,Yes,Yes,57,Yes,Yes,Fiber optic,Yes,Yes,Yes,No,Yes,Yes,Month-to-month,Yes,Mailed check,108.36,6164.67,No
5352-HVBHT,Male,0,No,Yes,35,Yes,No,No,No internet service,No internet service,No internet service,No internet service,No internet service,No internet service,Month-to-month,No,Electronic check,18.25,624.58,No
9355-QGJEJ,Male,0,Yes,No,19,Yes,Yes,No,No internet service,No internet service,No internet service,No internet service,No internet service,No internet service,Month-to-month,No,Electronic check,36.79,684.3,No
5459-UTFAC,Male,0,No,No,15,Yes,No,Fiber optic,Yes,Yes,No,No,No,Yes,Month-to-month,No,Electronic check,90.72,1369.22,No
1698-GKXLI,Female,0,No,No,15,Yes,No,DSL,No,No,No,Yes,Yes,No,One year,No,Electronic check,59.17,882.4,No
4491-BBQUB,Female,1,Yes,No,22,Yes,No,DSL,No,No,Yes,Yes,Yes,No,One year,Yes,Credit card (automatic),64.73,1423.14,No
2891-YKSXZ,Male,0,No,Yes,18,Yes,Yes,Fiber optic,Yes,Yes,No,Yes,No,No,One year,Yes,Credit card (automatic),96.82,1738.88,No
7645-ZURSX,Female,0,No,Yes,15,Yes,No,Fiber optic,No,No,No,No,No,No,Month-to-month,Yes,Credit card (automatic),76.1,1119.73,Yes
2646-LYKWA,Male,0,No,No,27,Yes,No,Fiber optic,Yes,No,Yes,No,Yes,No,Month-to-month,Yes,Bank transfer (automatic),90.56,2451.75,Yes
7095-MFWFJ,Male,0,No,No,34,Yes,Yes,Fiber optic,No,No,No,Yes,Yes,No,Two year,Yes,Mailed check,94.9,3212.76,No
8713-YCFPF,Male,0,No,Yes,24,Yes,No,DSL,No,No,No,No,No,Yes,Two year,Yes,Credit card (automatic),61.96,1468.96,No
8543-MDOFA,Female,0,No,No,11,Yes,No,Fiber optic,No,Yes,No,No,No,No,Two year,Yes,Credit card (automatic),85.75,933.66,No
1104-LYWKM,Male,0,No,No,12,No,No phone service,DSL,No,Yes,No,Yes,No,Yes,Month-to-month,No,Bank transfer (automatic),60.56,718.45,No
8904-SUDEW,Male,0,Yes,No,2,Yes,Yes,No,No internet service,No internet service,No internet service,No internet service,No internet service,No internet service,Two year,Yes,Mailed check,18.25,28.34,No
6156-SCKBV,Female,0,No,No,12,Yes,Yes,DSL,Yes,Yes,Yes,No,No,Yes,Month-to-month,No,Bank transfer (automatic),74.02,886.29,No
4501-FSAGB,Male,0,Yes,Yes,36,No,No phone service,Fiber optic,No,No,No,Yes,No,Yes,Month-to-month,No,Credit card (automatic),80.08,2867.5,No
2591-SAZIU,Female,0,Yes,No,1,Yes,No,Fiber optic,Yes,Yes,Yes,No,No,Yes,Month-to-month,No,Credit card (automatic),98.93,97.08,Yes
6978-FZCTX,Female,0,Yes,No,4,Yes,No,No,No internet service,No internet service,No internet service,No internet service,No internet service,No internet service,Month-to-month,Yes,Electronic check,18.89,78.48,No
6209-TFCJL,Female,0,No,No,44,Yes,No,Fiber optic,No,No,No,No,Yes,No,Month-to-month,No,Electronic check,82.63,3613.79,No
6728-VPQJL,Female,0,Yes,No,20,Yes,Yes,Fiber optic,Yes,No,No,No,Yes,No,Month-to-month,Yes,Electronic check,88.64,1765.14,Yes
6627-HWHJJ,Female,1,Yes,No,26,Yes,Yes,DSL,No,Yes,No,No,No,Yes,Month-to-month,No,Bank transfer (automatic),61.1,1581.11,No
3097-JGDAK,Female,0,Yes,No,9,Yes,Yes,No,No internet service,No internet service,No internet service,No internet service,No internet service,No internet service,Two year,Yes,Electronic check,21.22,202.79,No
5434-EZHBB,Female,0,No,No,16,Yes,Yes,Fiber optic,No,No,Yes,Yes,Yes,Yes,Month-to-month,Yes,Bank transfer (automatic),108.5,1733.42,No
6289-MANBD,Female,0,Yes,Yes,34,Yes,No,No,No internet service,No internet service,No internet service,No internet service,No internet service,No internet service,Month-to-month,Yes,Electronic check,31.01,1053.97,No
4611-SADKM,Female,0,No,No,50,Yes,Yes,DSL,No,Yes,Yes,No,No,No,Month-to-month,No,Mailed check,57.17,2858.29,No
2274-RJEAN,Female,1,No,No,72,Yes,No,Fiber optic,No,Yes,No,Yes,No,Yes,Month-to-month,Yes,Electronic check,94.25,6783.78,No
5983-ZRCCD,Female,0,No,No,45,Yes,No,Fiber optic,Yes,No,Yes,No,Yes,No,Two year,Yes,Electronic check,99.06,4463.99,No
4206-MICQO,Female,0,Yes,No,1,Yes,No,Fiber optic,No,No,No,Yes,No,Yes,Month-to-month,No,Electronic check,91.16,80.46,No
6178-JOAVU,Female,0,Yes,No,10,Yes,No,DSL,No,Yes,No,No,Yes,Yes,Month-to-month,No,Credit card (automatic),65.17,643.21,No
8305-GGCGI,Female,1,Yes,No,33,Yes,Yes,DSL,Yes,No,Yes,No,No,Yes,Month-to-month,Yes,Credit card (automatic),64.82,2155.67,Yes
9423-CZEMM,Female,0,No,No,12,Yes,Yes,Fiber optic,Yes,No,No,No,Yes,No,Month-to-month,No,Electronic check,82.75,982.62,No
6799-RGJJW,Female,0,Yes,No,13,No,No phone service,Fiber optic,Yes,No,Yes,No,Yes,No,Two year,Yes,Mailed check,90.61,1176.99,No
1715-MHQXN,Female,1,No,No,37,No,No phone service,Fiber optic,No,No,Yes,Yes,No,Yes,Two year,No,Electronic check,84.37,3122.45,No
6192-TJIAX,Male,1,Yes,Yes,43,Yes,Yes,DSL,Yes,Yes,No,Yes,Yes,No,Month-to-month,No,Bank transfer (automatic),74.22,3194.0,No
9610-KGRMW,Male,0,No,No,37,Yes,No,Fiber optic,No,No,No,Yes,Yes,Yes,Month-to-month,Yes,Credit card (automatic),90.78,3358.95,No
2944-RPXPU,Female,0,Yes,No,10,Yes,No,Fiber optic,No,Yes,Yes,Yes,No,No,Month-to-month,No,Bank transfer (automatic),89.77,908.93,No
1393-IHSCZ,Female,0,No,No,6,Yes,Yes,Fiber optic,No,Yes,Yes,No,Yes,No,Two year,No,Electronic check,98.08,581.28,No
9823-IBSHR,Male,0,No,No,10,Yes,No,DSL,No,Yes,No,No,Yes,Yes,Two year,No,Electronic check,73.7,727.97,No
4111-EFJOD,Male,0,Yes,No,29,Yes,Yes,Fiber optic,No,No,No,No,No,No,Month-to-month,Yes,Electronic check,77.09,2236.51,No
4351-IPPOX,Female,1,Yes,No,10,No,No phone service,DSL,Yes,Yes,Yes,No,Yes,Yes,Two year,Yes,Electronic check,63.46,620.72,No
4176-QULWH,Female,0,Yes,No,1,No,No phone service,DSL,Yes,No,No,Yes,No,No,Month-to-month,Yes,Electronic check,55.68,62.93,No
2229-RLNTW,Male,0,No,No,38,Yes,No,DSL,No,No,No,Yes,No,Yes,Month-to-month,Yes,Credit card (automatic),66.04,2505.62,No
1452-AMNBP,Female,0,No,No,1,Yes,No,DSL,No,No,No,Yes,Yes,No,Two year,Yes,Credit card (automatic),68.64,68.52,No
8317-ALSVV,Male,0,Yes,Yes,72,Yes,No,No,No internet service,No internet service,No internet service,No internet service,No internet service,No internet service,Two year,Yes,Electronic check,25.49,1849.0,No
1182-JLSPQ,Female,0,Yes,No,47,Yes,No,Fiber optic,No,No,Yes,Yes,No,No,Month-to-month,No,Mailed check,83.75,3934.75,No
1524-GCEDO,Male,1,Yes,Yes,72,Yes,No,Fiber optic,Yes,No,No,Yes,No,Yes,Month-to-month,No,Credit card (automatic),94.63,6819.78,No
5432-LWNDQ,Female,0,Yes,Yes,42,Yes,No,Fiber optic,No,No,No,No,No,No,Two year,Yes,Electronic check,76.34,3196.14,No
8850-FDMTO,Female,0,Yes,No,2,Yes,No,Fiber optic,No,No,No,No,No,No,Month-to-month,No,Bank transfer (automatic),65.52,118.92,No
9849-QSJEL,Male,0,Yes,No,13,Yes,Yes,No,No internet service,No internet service,No internet service,No internet service,No internet service,No internet service,Month-to-month,Yes,Electronic check,20.57,247.63,Yes
3422-DHTVQ,Female,1,Yes,Yes,57,Yes,Yes,DSL,No,No,Yes,No,No,No,Month-to-month,Yes,Mailed check,58.77,3369.05,Yes
7909-FPZEN,Male,0,No,No,2,No,No phone service,DSL,No,Yes,Yes,Yes,No,Yes,Month-to-month,Yes,Electronic check,69.23,145.93,Yes
9033-QFKBY,Male,0,No,No,8,Yes,No,No,No internet service,No internet service,No internet service,No internet service,No internet service,No internet service,One year,No,Bank transfer (automatic),23.32,190.36,No
1256-EHDSE,Male,0,Yes,No,15,Yes,Yes,No,No internet service,No internet service,No internet service,No internet service,No internet service,No internet service,Month-to-month,No,Bank transfer (automatic),23.32,353.97,No
5599-PVRKQ,Female,0,Yes,No,14,Yes,Yes,Fiber optic,No,No,No,No,No,Yes,Month-to-month,Yes,Electronic check,84.77,1173.66,Yes
9674-RDSIE,Male,1,No,Yes,69,Yes,Yes,Fiber optic,Yes,No,No,Yes,No,Yes,Month-to-month,Yes,Mailed check,97.76,6736.96,No
9419-PJIPT,Female,0,Yes,No,12,Yes,No,DSL,No,Yes,Yes,No,No,No,One year,Yes,Electronic check,55.23,647.92,Yes
8413-ZQROT,Male,0,Yes,Yes,6,Yes,No,Fiber optic,No,Yes,No,No,Yes,Yes,Month-to-month,No,Bank transfer (automatic),93.52,561.63,Yes
3280-FFKYT,Male,0,Yes,No,14,Yes,Yes,Fiber optic,Yes,No,No,Yes,No,Yes,One year,Yes,Mailed check,97.85,1379.86,No
9302-GYVRV,Male,0,No,Yes,12,Yes,Yes,DSL,No,Yes,No,Yes,No,No,One year,Yes,Electronic check,57.64,700.09,No
4310-HVIOP,Male,0,Yes,No,23,Yes,Yes,No,No internet service,No internet service,No internet service,No internet service,No internet service,No internet service,Month-to-month,Yes,Electronic check,25.68,572.76,No
9595-CECBB,Female,0,No,No,72,Yes,Yes,DSL,No,No,No,No,No,Yes,Month-to-month,Yes,Mailed check,49.52,3580.98,No
5963-CIWVZ,Female,0,Yes,No,19,Yes,No,No,No internet service,No internet service,No internet service,No internet service,No internet service,No internet service,Two year,Yes,Electronic check,26.23,498.72,No
9447-LXISL,Female,0,Yes,No,14,Yes,No,No,No internet service,No internet service,No internet service,No internet service,No internet service,No internet service,Month-to-month,No,Credit card (automatic),23.47,315.3,No
7479-ZWYAJ,Female,0,No,No,21,Yes,No,No,No internet service,No internet service,No internet service,No internet service,No internet service,No internet service,Month-to-month,No,Credit card (automatic),22.33,465.65,No
6560-WJDKV,Female,0,Yes,No,72,Yes,No,Fiber optic,No,Yes,No,No,Yes,No,Month-to-month,Yes,Electronic check,93.57,6711.12,No
7826-KVFOB,Female,0,Yes,No,23,Yes,No,DSL,No,No,No,Yes,No,No,Month-to-month,No,Credit card (automatic),53.63,1207.16,No
5310-VCEXK,Male,0,No,Yes,3,Yes,Yes,DSL,No,No,No,No,Yes,No,Two year,No,Bank transfer (automatic),51.17,142.11,No
6556-LZCIC,Female,0,Yes,No,58,Yes,No,DSL,Yes,Yes,No,Yes,No,No,One year,Yes,Credit card (automatic),63.98,3710.59,No
6669-XFQHA,Female,0,No,No,21,Yes,Yes,Fiber optic,Yes,No,Yes,No,No,Yes,One year,No,Bank transfer (automatic),97.84,2038.69,Yes
8495-VORMY,Female,0,No,No,4,Yes,No,No,No internet service,No internet service,No internet service,No internet service,No internet service,No internet service,One year,Yes,Credit card (automatic),25.35,105.97,Yes
3911-RMNOF,Female,0,Yes,No,6,Yes,No,DSL,Yes,No,Yes,No,Yes,No,Two year,Yes,Mailed check,75.75,457.82,No
3144-GAOFE,Female,0,Yes,No,3,Yes,Yes,No,No internet service,No internet service,No internet service,No internet service,No internet service,No internet service,Two year,Yes,Credit card (automatic),20.02,70.39,No
7397-CVTNF,Female,0,Yes,Yes,72,Yes,No,Fiber optic,Yes,No,Yes,No,Yes,Yes,Two year,No,Credit card (automatic),103.62,7467.97,No
9195-OQEXF,Male,0,No,Yes,1,Yes,Yes,DSL,No,No,No,Yes,No,No,Month-to-month,Yes,Bank transfer (automatic),52.29,66.87,No
2897-IDZIH,Male,0,No,Yes,34,No,No phone service,Fiber optic,Yes,Yes,Yes,No,Yes,No,Month-to-month,Yes,Mailed check,82.84,2815.9,Yes
9130-VTAYT,Female,0,No,No,9,Yes,Yes,No,No internet service,No internet service,No internet service,No internet service,No internet service,No internet service,Month-to-month,No,Bank transfer (automatic),20.09,193.51,Yes
5637-ECDYW,Male,0,Yes,Yes,2,Yes,No,DSL,Yes,Yes,No,No,No,No,Two year,No,Bank transfer (automatic),52.28,117.01,No
4282-OSPWH,Female,0,No,No,13,Yes,Yes,No,No internet service,No internet service,No internet service,No internet service,No internet service,No internet service,One year,No,Mailed check,23.27,307.19,No
3660-ASECQ,Male,0,Yes,No,0,Yes,No,Fiber optic,Yes,Yes,Yes,No,Yes,Yes,One year,Yes,Mailed check,103.17, ,No
4686-QZMVV,Female,0,Yes,No,40,Yes,No,DSL,Yes,Yes,No,Yes,No,No,Month-to-month,No,Credit card (automatic),66.42,2673.95,No
8661-WLKAC,Male,0,No,No,18,Yes,No,Fiber optic,No,No,No,No,Yes,No,Month-to-month,Yes,Credit card (automatic),77.4,1400.45,No
1225-NECLL,Male,0,Yes,No,14,Yes,No,Fiber optic,No,No,No,No,No,No,Month-to-month,Yes,Bank transfer (automatic),70.77,979.91,No
5223-ACKMV,Female,0,No,No,42,Yes,No,DSL,No,Yes,Yes,Yes,Yes,Yes,Two year,No,Electronic check,81.76,3444.04,No
1246-JSDVE,Female,0,Yes,No,17,No,No phone service,DSL,No,Yes,Yes,No,Yes,Yes,One year,Yes,Bank transfer (automatic),72.65,1245.25,No
6160-MQOMU,Male,0,Yes,Yes,21,Yes,No,Fiber optic,No,Yes,No,Yes,Yes,Yes,Two year,Yes,Electronic check,103.09,2167.69,No
3080-HWEVP,Female,1,No,No,40,Yes,No,DSL,No,No,Yes,Yes,Yes,No,Month-to-month,Yes,Electronic check,57.69,2309.76,Yes
7083-YSRWB,Female,0,No,No,30,Yes,Yes,Fiber optic,No,No,No,No,No,No,Month-to-month,No,Mailed check,80.83,2439.75,No
5940-PVHSC,Female,0,No,No,25,Yes,Yes,DSL,Yes,No,Yes,Yes,No,No,Month-to-month,No,Electronic check,60.53,1516.12,No
8536-IUYUW,Female,0,No,No,29,Yes,No,Fiber optic,No,Yes,No,No,No,Yes,Month-to-month,Yes,Mailed check,89.14,2590.88,No
3384-YADWO,Female,0,No,Yes,7,Yes,No,Fiber optic,No,No,No,No,No,No,Month-to-month,Yes,Electronic check,75.87,542.05,Yes
8659-YQLPM,Female,0,Yes,Yes,2,Yes,Yes,No,No internet service,No internet service,No internet service,No internet service,No internet service,No internet service,Month-to-month,No,Bank transfer (automatic),23.05,23.97,No
8909-ZKOEC,Male,0,No,Yes,23,Yes,Yes,Fiber optic,No,No,No,Yes,Yes,Yes,Month-to-month,No,Mailed check,96.25,2226.87,No
6529-BAOBT,Female,0,No,No,6,Yes,Yes,DSL,No,No,No,Yes,Yes,Yes,Month-to-month,Yes,Electronic check,69.13,416.59,No
6029-LUPND,Female,0,No,No,1,Yes,No,Fiber optic,No,Yes,Yes,Yes,Yes,No,Month-to-month,Yes,Electronic check,96.05,98.27,No
1327-LWNTZ,Male,1,Yes,No,7,Yes,No,Fiber optic,No,No,No,No,Yes,No,Two year,Yes,Electronic check,91.25,642.8,No
9543-MELJU,Male,0,Yes,No,30,Yes,Yes,Fiber optic,Yes,No,No,No,No,No,Month-to-month,No,Electronic check,79.48,2376.57,No
4122-MIKEM,Male,0,No,Yes,29,Yes,Yes,Fiber optic,No,No,Yes,Yes,Yes,Yes,Two year,No,Electronic check,107.37,3105.62,No
5073-ROTLD,Female,0,Yes,Yes,56,Yes,Yes,Fiber optic,No,No,Yes,No,Yes,No,One year,No,Mailed check,89.16,5005.48,No
2476-HEARS,Male,0,Yes,No,26,Yes,No,DSL,Yes,No,No,No,Yes,No,Two year,Yes,Mailed check,69.23,1824.88,No
7943-JVIZA,Male,1,No,Yes,13,Yes,Yes,DSL,No,No,Yes,No,No,No,One year,No,Credit card (automatic),56.53,732.26,No
2752-TZCMF,Male,0,No,No,7,Yes,No,Fiber optic,No,Yes,No,No,No,No,Two year,No,Mailed check,77.59,547.44,No
4013-REQYY,Male,1,Yes,No,34,Yes,No,No,No internet service,No internet service,No internet service,No internet service,No internet service,No internet service,Month-to-month,Yes,Bank transfer (automatic),24.58,837.98,No
5866-ECWMO,Male,0,Yes,No,12,Yes,Yes,Fiber optic,No,No,No,No,No,No,Month-to-month,No,Electronic check,75.66,888.9,No
2540-VNKNG,Male,0,No,No,40,Yes,Yes,Fiber optic,Yes,No,No,No,No,No,Two year,No,Mailed check,82.96,3316.03,No
2738-FETVM,Male,0,No,No,45,Yes,No,No,No internet service,No internet service,No internet service,No internet service,No internet service,No internet service,Month-to-month,No,Credit card (automatic),20.51,921.13,Yes
9690-SUEYT,Male,0,Yes,Yes,10,Yes,No,No,No internet service,No internet service,No internet service,No internet service,No internet service,No internet service,Month-to-month,Yes,Bank transfer (automatic),25.1,236.98,No
9923-IDOCW,Female,0,No,No,10,Yes,No,DSL,No,Yes,Yes,No,Yes,Yes,One year,Yes,Mailed check,78.42,799.15,No
5540-IUDQY,Female,1,Yes,No,58,Yes,No,DSL,Yes,Yes,No,No,Yes,Yes,Month-to-month,Yes,Mailed check,71.18,4126.3,No
1047-RMGCF,Male,0,No,No,12,Yes,No,Fiber optic,No,Yes,Yes,Yes,No,Yes,Month-to-month,Yes,Electronic check,102.0,1235.7,Yes
1567-CLEVQ,Female,0,No,Yes,29,Yes,No,Fiber optic,No,No,No,No,Yes,Yes,Two year,Yes,Electronic check,89.4,2587.53,No
6513-GDJGW,Female,1,No,No,11,Yes,No,Fiber optic,No,Yes,Yes,No,Yes,No,Month-to-month,No,Electronic check,104.79,1145.51,No
2652-HHEEG,Female,0,No,No,31,Yes,No,No,No internet service,No internet service,No internet service,No internet service,No internet service,No internet service,Month-to-month,No,Electronic check,21.09,645.59,No
6859-BXSBP,Male,1,No,No,4,Yes,No,Fiber optic,Yes,No,No,Yes,Yes,No,Month-to-month,Yes,Electronic check,99.0,379.82,No
4595-OJWZF,Male,0,Yes,No,43,No,No phone service,DSL,No,Yes,No,No,Yes,No,Month-to-month,No,Bank transfer (automatic),53.87,2308.01,No
3423-MFWBZ,Female,0,Yes,No,72,No,No phone service,Fiber optic,No,No,Yes,No,Yes,No,Two year,Yes,Electronic check,83.95,6043.12,No
5877-RFYSZ,Male,0,No,Yes,34,No,No phone service,No,No internet service,No internet service,No internet service,No internet service,No internet service,No internet service,Month-to-month,No,Bank transfer (automatic),27.83,948.31,No
2932-HEMFV,Female,0,No,No,10,Yes,No,DSL,No,No,No,No,Yes,No,Two year,Yes,Bank transfer (automatic),50.31,497.74,No
2338-ZSKPE,Male,0,No,No,19,Yes,Yes,No,No internet service,No internet service,No internet service,No internet service,No internet service,No internet service,One year,Yes,Electronic check,20.03,395.14,No
6931-QBJOS,Female,0,Yes,No,26,Yes,No,No,No internet service,No internet service,No internet service,No internet service,No internet service,No internet service,Month-to-month,Yes,Bank transfer (automatic),18.25,483.99,No
6971-YQSSM,Male,0,Yes,Yes,5,Yes,Yes,Fiber optic,No,No,Yes,No,Yes,Yes,Two year,No,Electronic check,97.71,495.3,No
6310-MPVUC,Male,0,No,No,7,Yes,Yes,DSL,Yes,No,No,Yes,No,Yes,Two year,Yes,Electronic check,70.28,505.95,No
1294-CIHRU,Female,1,No,No,38,Yes,Yes,DSL,No,Yes,No,No,No,No,Month-to-month,No,Bank transfer (automatic),52.33,1984.77,No
6427-ECJKQ,Female,0,No,No,69,Yes,Yes,DSL,Yes,No,No,No,No,No,Month-to-month,Yes,Credit card (automatic),62.94,4342.29,No
7343-TBDPI,Female,1,No,Yes,7,Yes,No,Fiber optic,No,Yes,No,Yes,No,Yes,Month-to-month,No,Credit card (automatic),94.63,662.14,No
8636-EZCNO,Female,0,Yes,No,3,Yes,No,DSL,Yes,Yes,No,No,Yes,No,Month-to-month,Yes,Mailed check,55.25,162.11,Yes
5367-WJNLI,Male,0,No,No,72,Yes,No,No,No internet service,No internet service,No internet service,No internet service,No internet service,No internet service,One year,Yes,Mailed check,18.25,1326.02,No
6238-SLMWM,Male,0,Yes,No,9,No,No phone service,Fiber optic,No,No,Yes,Yes,No,Yes,Month-to-month,Yes,Mailed check,91.37,840.38,Yes
3928-BTWIU,Female,1,No,No,36,Yes,No,No,No internet service,No internet service,No internet service,No internet service,No internet service,No internet service,Two year,Yes,Electronic check,32.42,1158.26,No
5350-HGESC,Female,0,No,Yes,11,Yes,Yes,No,No internet service,No internet service,No internet service,No internet service,No internet service,No internet service,Month-to-month,Yes,Electronic check,18.25,206.13,No
9793-KDCDC,Male,0,Yes,No,71,Yes,No,No,No internet service,No internet service,No internet service,No internet service,No internet service,No internet service,Month-to-month,Yes,Electronic check,18.25,1305.89,No
9044-OLOZK,Male,1,No,No,21,Yes,No,Fiber optic,Yes,No,No,No,Yes,Yes,Two year,Yes,Electronic check,97.95,2040.04,No
5970-MLFWT,Male,0,Yes,No,12,Yes,No,Fiber optic,Yes,Yes,No,No,Yes,Yes,One year,No,Bank transfer (automatic),96.38,1147.91,No
8794-SCPIN,Male,1,No,No,4,Yes,No,No,No internet service,No internet service,No internet service,No internet service,No internet service,No internet service,Month-to-month,No,Electronic check,27.24,95.55,No
5861-CCXTG,Female,1,Yes,No,7,Yes,No,Fiber optic,No,Yes,No,No,No,Yes,Month-to-month,Yes,Electronic check,85.24,585.37,Yes
7450-XCUAL,Female,1,No,No,46,No,No phone service,Fiber optic,No,Yes,No,Yes,Yes,No,Month-to-month,No,Credit card (automatic),96.48,4452.24,No
5065-RYOOJ,Male,0,Yes,No,1,Yes,Yes,No,No internet service,No internet service,No internet service,No internet service,No internet service,No internet service,Month-to-month,Yes,Electronic check,25.22,32.45,Yes
9944-RROZW,Male,0,No,Yes,4,Yes,Yes,DSL,Yes,No,No,No,No,Yes,Two year,No,Credit card (automatic),64.04,243.85,No
9101-IKOWC,Female,0,No,No,5,Yes,Yes,No,No internet service,No internet service,No internet service,No internet service,No internet service,No internet service,Month-to-month,Yes,Electronic check,25.52,114.8,No
4794-AXQKR,Female,0,Yes,No,1,Yes,Yes,DSL,Yes,No,Yes,No,No,Yes,One year,No,Mailed check,69.29,68.35,No
8050-GALDY,Male,0,No,Yes,27,Yes,Yes,Fiber optic,No,No,Yes,Yes,No,Yes,One year,No,Mailed check,96.54,2593.36,No
4271-OKHLC,Female,0,No,Yes,72,No,No phone service,Fiber optic,No,No,No,Yes,No,No,One year,No,Mailed check,81.47,5856.76,No
3516-DLHWW,Female,0,No,No,3,Yes,Yes,Fiber optic,No,No,No,No,Yes,Yes,Month-to-month,Yes,Bank transfer (automatic),95.43,297.96,Yes
4305-ZWAMG,Male,0,Yes,No,38,No,No phone service,Fiber optic,No,No,No,No,No,No,One year,No,Bank transfer (automatic),74.28,2809.48,No
3547-CPLER,Female,1,No,Yes,4,Yes,Yes,Fiber optic,Yes,No,Yes,No,No,No,Month-to-month,Yes,Credit card (automatic),84.78,359.68,No
5715-YUCPJ,Male,0,Yes,No,72,Yes,Yes,Fiber optic,Yes,No,No,No,Yes,No,Month-to-month,No,Bank transfer (automatic),84.97,6118.66,No
3902-QJCYB,Male,0,No,No,16,Yes,No,Fiber optic,No,Yes,Yes,No,Yes,Yes,Two year,Yes,Bank transfer (automatic),100.98,1640.79,No
1858-NIQDZ,Male,0,Yes,No,45,Yes,No,DSL,No,No,No,Yes,No,No,Month-to-month,Yes,Electronic check,47.35,2144.39,No
2375-VOMWS,Female,1,Yes,No,4,Yes,No,DSL,No,No,No,No,No,No,One year,Yes,Mailed check,48.53,186.01,No
8848-DUHON,Female,0,Yes,No,51,Yes,No,Fiber optic,No,No,No,Yes,No,Yes,Month-to-month,Yes,Mailed check,87.89,4467.22,Yes
5578-XQHNM,Female,0,No,No,2,Yes,No,DSL,Yes,No,Yes,No,No,No,Two year,Yes,Bank transfer (automatic),58.0,95.6,Yes
5042-OLZXV,Male,0,No,No,0,Yes,No,No,No internet service,No internet service,No internet service,No internet service,No internet service,No internet service,Month-to-month,Yes,Mailed check,27.19, ,No
7005-OALFA,Female,0,No,Yes,29,Yes,Yes,No,No internet service,No internet service,No internet service,No internet service,No internet service,No internet service,Month-to-month,No,Electronic check,19.56,569.41,No
3261-SVMFQ,Female,0,No,Yes,2,Yes,Yes,Fiber optic,No,No,Yes,No,No,No,Month-to-month,Yes,Credit card (automatic),87.22,184.39,Yes
9296-HORBU,Male,1,No,No,48,Yes,No,Fiber optic,No,No,No,Yes,Yes,No,Two year,Yes,Electronic check,90.43,4347.26,No
4038-ZBKAR,Female,0,No,Yes,23,Yes,No,Fiber optic,Yes,No,No,No,Yes,Yes,Two year,Yes,Electronic check,92.68,2127.73,Yes
1058-ZGUQP,Female,0,No,No,9,Yes,No,DSL,No,No,No,No,Yes,No,Month-to-month,Yes,Mailed check,57.62,535.49,Yes
5644-NHLGF,Male,0,No,No,7,Yes,No,Fiber optic,No,No,Yes,Yes,No,Yes,One year,Yes,Credit card (automatic),88.35,608.83,No
2196-VLQPA,Female,0,No,No,2,No,No phone service,No,No internet service,No internet service,No internet service,No internet service,No internet service,No internet service,Month-to-month,No,Electronic check,18.25,25.05,Yes
8014-CFUCV,Female,1,No,No,27,Yes,No,DSL,No,No,No,No,Yes,No,Month-to-month,No,Bank transfer (automatic),63.98,1729.66,No
8111-NWIEO,Female,0,No,No,59,Yes,Yes,Fiber optic,No,No,No,No,Yes,No,Month-to-month,Yes,Electronic check,77.79,4589.61,Yes
9560-JHRFQ,Female,1,No,Yes,33,Yes,No,No,No internet service,No internet service,No internet service,No internet service,No internet service,No internet service,Two year,Yes,Electronic check,18.25,595.95,No
6685-DUOJW,Female,1,Yes,Yes,23,Yes,No,No,No internet service,No internet service,No internet service,No internet service,No internet service,No internet service,Two year,No,Credit card (automatic),24.44,557.68,No
6484-VAYVV,Female,0,Yes,Yes,3,Yes,Yes,Fiber optic,No,Yes,No,Yes,Yes,Yes,Month-to-month,No,Credit card (automatic),101.25,290.01,Yes
1228-KVVWY,Male,0,No,No,42,No,No phone service,DSL,No,Yes,No,No,No,No,Month-to-month,Yes,Electronic check,45.29,1901.92,No
9660-DZTPX,Male,1,Yes,No,72,Yes,No,DSL,Yes,Yes,No,No,Yes,Yes,Two year,No,Credit card (automatic),75.88,5461.34,No
9028-RZHBQ,Male,0,No,Yes,7,Yes,Yes,Fiber optic,Yes,No,No,No,No,Yes,Two year,Yes,Bank transfer (automatic),95.27,656.32,No
4145-MOIHF,Female,0,No,No,13,Yes,No,DSL,Yes,Yes,Yes,Yes,No,No,Month-to-month,Yes,Electronic check,71.36,944.69,No
5067-RXCZD,Male,0,No,No,0,Yes,No,Fiber optic,Yes,No,Yes,No,No,No,Month-to-month,Yes,Bank transfer (automatic),91.18, ,No
3252-TKHYN,Male,0,No,No,42,Yes,Yes,Fiber optic,No,No,No,No,No,No,Month-to-month,Yes,Credit card (automatic),77.59,3255.37,No
9416-BTAKF,Male,1,Yes,No,0,Yes,Yes,DSL,No,No,No,Yes,No,No,Month-to-month,Yes,Mailed check,51.22, ,No
4915-EWLVN,Female,0,No,No,15,Yes,No,DSL,No,Yes,No,No,Yes,Yes,One year,Yes,Credit card (automatic),68.45,1036.3,No
2677-SECYR,Male,0,No,No,20,Yes,Yes,Fiber optic,No,No,No,Yes,No,No,Month-to-month,No,Mailed check,74.67,1496.6,No
5936-ZGURB,Female,0,Yes,Yes,1,Yes,Yes,DSL,No,Yes,No,No,Yes,Yes,Two year,Yes,Electronic check,70.48,64.44,No
5587-BMHZW,Male,1,Yes,Yes,4,Yes,No,Fiber optic,Yes,No,No,No,No,Yes,Two year,Yes,Bank transfer (automatic),85.42,329.12,No
2798-CWHUA,Male,0,Yes,No,37,No,No phone service,Fiber optic,No,No,Yes,No,No,No,Two year,Yes,Bank transfer (automatic),80.04,2975.28,No
8051-KPDBW,Male,1,No,Yes,6,Yes,Yes,Fiber optic,No,Yes,No,Yes,Yes,Yes,Two year,Yes,Bank transfer (automatic),103.37,602.92,No
3044-CDYRL,Male,1,Yes,No,30,No,No phone service,Fiber optic,No,Yes,No,Yes,No,Yes,Two year,No,Credit card (automatic),89.29,2704.02,No
7176-CDFQH,Female,0,Yes,No,33,Yes,No,No,No internet service,No internet service,No internet service,No internet service,No internet service,No internet service,Month-to-month,Yes,Mailed check,21.93,721.17,Yes
6713-PUFXS,Male,0,Yes,No,12,Yes,No,No,No internet service,No internet service,No internet service,No internet service,No internet service,No internet service,Month-to-month,Yes,Bank transfer (automatic),21.32,250.64,No
5312-UHDIH,Male,0,No,Yes,1,Yes,No,No,No internet service,No internet service,No internet service,No internet service,No internet service,No internet service,Month-to-month,Yes,Credit card (automatic),25.49,18.81,No
8102-UUDJZ,Male,0,No,No,0,Yes,No,DSL,Yes,Yes,Yes,No,No,No,Month-to-month,Yes,Electronic check,68.31, ,No
2447-CLZIC,Female,0,No,No,16,Yes,No,No,No internet service,No internet service,No internet service,No internet service,No internet service,No internet service,Month-to-month,Yes,Mailed check,24.64,405.94,No
9965-IZBBR,Male,0,No,Yes,1,Yes,No,Fiber optic,No,No,No,No,No,Yes,Two year,No,Electronic check,79.93,97.74,No
6973-CCRFA,Male,0,Yes,No,31,No,No phone service,No,No internet service,No internet service,No internet service,No internet service,No internet service,No internet service,One year,Yes,Electronic check,18.25,562.35,No
5472-OKJDN,Female,0,No,No,11,Yes,No,No,No internet service,No internet service,No internet service,No internet service,No internet service,No internet service,Month-to-month,No,Mailed check,18.25,200.58,No
6932-PLVES,Female,0,Yes,No,27,No,No phone service,No,No internet service,No internet service,No internet service,No internet service,No internet service,No internet service,Month-to-month,No,Credit card (automatic),22.63,613.83,No
5636-CUTUB,Male,0,Yes,No,12,No,No phone service,Fiber optic,Yes,No,Yes,No,Yes,Yes,Two year,No,Mailed check,96.58,1133.16,No
5208-UKASH,Male,0,Yes,No,23,Yes,No,DSL,Yes,No,No,No,No,Yes,Two year,Yes,Mailed check,53.57,1224.66,No
5766-KHYQT,Male,0,Yes,No,42,Yes,Yes,No,No internet service,No internet service,No internet service,No internet service,No internet service,No internet service,Month-to-month,No,Credit card (automatic),23.98,1012.09,No
8302-UMGKJ,Male,0,Yes,No,51,Yes,Yes,Fiber optic,No,No,Yes,No,No,Yes,Month-to-month,Yes,Credit card (automatic),83.27,4259.38,No
1361-VKTQK,Female,0,No,No,0,Yes,No,No,No internet service,No internet service,No internet service,No internet service,No internet service,No internet service,Month-to-month,No,Mailed check,28.36, ,Yes
6092-JZZTE,Male,0,Yes,No,24,Yes,No,No,No internet service,No internet service,No internet service,No internet service,No internet service,No internet service,Month-to-month,No,Electronic check,20.16,484.28,No
7451-ICCJG,Male,0,No,Yes,19,Yes,No,No,No internet service,No internet service,No internet service,No internet service,No internet service,No internet service,One year,Yes,Bank transfer (automatic),18.25,336.3,No
8425-YHLVI,Male,1,No,Yes,24,Yes,Yes,DSL,No,No,No,Yes,Yes,No,Month-to-month,Yes,Credit card (automatic),54.25,1302.76,No
8154-TWQMA,Female,0,No,No,1,Yes,No,Fiber optic,No,No,No,No,No,No,Month-to-month,No,Electronic check,67.94,63.3,Yes
6669-CPJGV,Female,1,No,Yes,1,Yes,No,DSL,No,Yes,No,No,No,No,Month-to-month,Yes,Mailed check,61.3,75.09,Yes
2855-PDMAY,Male,0,No,No,16,Yes,No,No,No internet service,No internet service,No internet service,No internet service,No internet service,No internet service,Two year,No,Mailed check,26.16,421.52,No
7436-RLKIG,Female,0,Yes,No,1,Yes,No,Fiber optic,No,No,No,No,No,Yes,Month-to-month,Yes,Credit card (automatic),89.15,113.48,No
6725-XCPGA,Male,0,No,No,35,Yes,No,Fiber optic,No,Yes,No,Yes,Yes,No,Month-to-month,No,Mailed check,81.92,2872.21,No
1837-JLVSF,Male,0,Yes,No,35,Yes,No,No,No internet service,No internet service,No internet service,No internet service,No internet service,No internet service,Month-to-month,Yes,Mailed check,24.87,868.42,No
3733-CJIWT,Female,0,Yes,No,2,Yes,No,DSL,No,Yes,No,No,No,No,Month-to-month,No,Electronic check,50.58,107.65,No
4349-OISHV,Female,1,Yes,No,14,No,No phone service,DSL,Yes,Yes,No,No,Yes,Yes,One year,No,Mailed check,65.42,911.69,No
5675-ESNRY,Female,1,Yes,No,21,Yes,Yes,DSL,No,Yes,No,Yes,No,No,Month-to-month,No,Mailed check,52.91,1108.89,No
6532-SFEZK,Male,1,No,No,47,Yes,Yes,DSL,No,No,No,Yes,No,No,Month-to-month,Yes,Electronic check,56.89,2688.79,No
6623-EHEKZ,Female,0,Yes,Yes,72,Yes,Yes,DSL,No,Yes,No,No,No,Yes,Two year,Yes,Mailed check,58.64,4203.36,No
4045-ERZJP,Male,0,No,No,0,Yes,No,Fiber optic,Yes,No,No,Yes,Yes,No,Two year,No,Bank transfer (automatic),99.62, ,No
8277-WOCCL,Female,0,No,No,15,Yes,Yes,Fiber optic,Yes,Yes,No,Yes,No,Yes,Month-to-month,No,Electronic check,89.6,1352.76,No
7166-OKJTO,Male,0,No,Yes,39,No,No phone service,No,No internet service,No internet service,No internet service,No internet service,No internet service,No internet service,Month-to-month,No,Electronic check,24.37,943.77,No
4198-NYFNP,Male,0,No,No,38,Yes,Yes,Fiber optic,Yes,Yes,Yes,No,Yes,Yes,One year,Yes,Electronic check,106.55,4045.3,No
3529-SEKKU,Male,0,Yes,Yes,18,Yes,No,DSL,Yes,No,Yes,Yes,No,No,Month-to-month,No,Bank transfer (automatic),64.79,1149.08,No
3904-ZSRZH,Female,1,No,No,4,Yes,No,No,No internet service,No internet service,No internet service,No internet service,No internet service,No internet service,Two year,No,Bank transfer (automatic),21.46,90.9,No
7603-ICFUU,Female,0,No,No,19,Yes,No,DSL,No,No,No,Yes,Yes,No,Month-to-month,No,Credit card (automatic),68.61,1303.42,No
5121-XAQCR,Female,1,No,Yes,11,Yes,No,DSL,Yes,Yes,No,Yes,No,Yes,Month-to-month,Yes,Credit card (automatic),72.95,832.54,No
2729-DAJYE,Male,1,No,Yes,12,No,No phone service,Fiber optic,Yes,No,No,No,No,No,Two year,Yes,Mailed check,78.89,956.02,No
8668-MMXAQ,Female,0,No,No,9,Yes,No,DSL,No,No,No,No,Yes,Yes,Month-to-month,Yes,Mailed check,68.49,609.69,No
3899-HCQLY,Female,0,No,No,3,Yes,No,DSL,No,No,No,No,Yes,Yes,Month-to-month,No,Credit card (automatic),64.68,179.58,No
4832-YYRNK,Female,0,Yes,No,32,Yes,Yes,Fiber optic,No,No,Yes,No,No,Yes,Two year,No,Electronic check,90.2,2891.85,No
9287-DRGKP,Female,0,No,No,29,Yes,No,DSL,No,No,No,No,No,No,Month-to-month,No,Electronic check,55.2,1583.39,No
2327-CYWXI,Male,0,No,Yes,18,Yes,No,DSL,No,Yes,Yes,No,Yes,No,Two year,No,Mailed check,66.91,1202.59,Yes
2415-GYQKD,Female,0,Yes,Yes,10,Yes,Yes,Fiber optic,No,No,No,Yes,Yes,No,Month-to-month,Yes,Electronic check,92.81,930.48,No
9548-HJQFI,Male,0,No,No,41,Yes,Yes,Fiber optic,Yes,Yes,No,No,Yes,No,Month-to-month,Yes,Mailed check,89.88,3678.9,No
4241-HORWE,Male,0,Yes,No,4,Yes,No,No,No internet service,No internet service,No internet service,No internet service,No internet service,No internet service,Month-to-month,No,Mailed check,18.25,72.74,Yes
1881-ABJFX,Male,0,No,No,13,Yes,No,DSL,No,No,No,Yes,Yes,No,Month-to-month,Yes,Bank transfer (automatic),59.35,774.23,No
3196-KRPHD,Male,1,No,Yes,25,Yes,Yes,Fiber optic,No,Yes,No,Yes,Yes,Yes,One year,No,Bank transfer (automatic),105.39,2644.19,No
5751-LVCKX,Male,0,No,Yes,41,Yes,Yes,DSL,No,Yes,No,No,No,Yes,One year,Yes,Bank transfer (automatic),66.01,2712.05,No
9783-XCYJU,Female,0,No,Yes,25,Yes,No,Fiber optic,No,Yes,Yes,No,Yes,Yes,Month-to-month,Yes,Bank transfer (automatic),98.27,2452.11,No
3022-OOJCF,Female,0,No,No,3,Yes,Yes,Fiber optic,No,Yes,Yes,No,No,No,Month-to-month,Yes,Mailed check,84.83,253.82,Yes
4321-RVEPM,Male,0,Yes,No,2,No,No phone service,Fiber optic,No,Yes,No,No,No,No,One year,Yes,Mailed check,77.57,171.81,No
4359-COWTF,Female,0,Yes,Yes,1,Yes,Yes,Fiber optic,No,No,No,No,Yes,No,Month-to-month,No,Bank transfer (automatic),88.54,104.32,No
1411-VDOZR,Male,0,No,Yes,19,Yes,No,DSL,No,No,Yes,Yes,Yes,No,Two year,Yes,Electronic check,68.45,1300.19,No
5680-TDPRE,Male,0,Yes,No,6,Yes,Yes,DSL,Yes,No,Yes,Yes,No,Yes,Two year,Yes,Bank transfer (automatic),91.4,571.52,No
6612-FZVSL,Male,0,No,No,4,Yes,Yes,DSL,No,Yes,No,Yes,Yes,Yes,Month-to-month,No,Credit card (automatic),76.72,283.69,Yes
8086-IGNST,Male,0,Yes,Yes,2,Yes,Yes,No,No internet service,No internet service,No internet service,No internet service,No internet service,No internet service,Month-to-month,No,Electronic check,18.25,39.32,Yes
8663-WXVDL,Female,0,No,Yes,24,Yes,Yes,Fiber optic,No,No,No,No,No,Yes,One year,No,Mailed check,81.3,1947.35,No
8737-HQYXC,Male,0,Yes,No,33,Yes,Yes,No,No internet service,No internet service,No internet service,No internet service,No internet service,No internet service,Two year,Yes,Bank transfer (automatic),25.88,852.47,No
1025-DJPTB,Female,0,Yes,No,46,Yes,Yes,Fiber optic,No,Yes,No,No,No,No,Month-to-month,Yes,Bank transfer (automatic),81.69,3772.21,Yes
9523-PJELC,Female,0,Yes,No,21,Yes,No,No,No internet service,No internet service,No internet service,No internet service,No internet service,No internet service,Month-to-month,Yes,Electronic check,19.42,406.56,No
4584-BKLGA,Female,0,Yes,No,10,No,No phone service,Fiber optic,Yes,No,Yes,No,No,No,Two year,Yes,Bank transfer (automatic),81.76,825.18,No
7238-MMBJW,Female,0,Yes,No,15,Yes,No,DSL,Yes,No,Yes,Yes,Yes,Yes,Month-to-month,Yes,Credit card (automatic),77.61,1157.75,No
3656-GMXBT,Male,0,No,Yes,24,Yes,No,Fiber optic,Yes,Yes,No,Yes,Yes,Yes,Month-to-month,No,Mailed check,100.43,2409.01,No
7148-KVXKK,Female,0,Yes,No,29,Yes,No,Fiber optic,No,No,No,Yes,No,Yes,Month-to-month,No,Mailed check,96.46,2803.39,No
3719-SYHTN,Male,0,Yes,No,24,Yes,No,DSL,No,Yes,No,Yes,Yes,No,Month-to-month,No,Bank transfer (automatic),64.46,1565.63,No
9191-JYGBQ,Female,0,No,No,72,Yes,No,DSL,No,No,No,No,No,No,Month-to-month,Yes,Credit card (automatic),55.05,3966.83,No
3048-MSNZR,Male,0,Yes,No,33,Yes,No,Fiber optic,No,No,Yes,No,No,Yes,Month-to-month,Yes,Electronic check,89.04,2936.34,Yes
4315-NONXE,Male,0,No,No,33,Yes,Yes,Fiber optic,Yes,Yes,No,No,Yes,No,Two year,Yes,Credit card (automatic),88.45,2909.13,Yes
4012-VMPOE,Female,0,No,No,41,Yes,Yes,Fiber optic,No,No,No,Yes,No,No,Month-to-month,Yes,Bank transfer (automatic),83.84,3417.64,No
5734-WFMPJ,Female,0,No,No,14,No,No phone service,Fiber optic,Yes,No,Yes,No,No,No,Two year,No,Bank transfer (automatic),76.41,1050.09,No
6985-MQADR,Female,0,No,No,7,Yes,Yes,Fiber optic,No,Yes,No,Yes,Yes,No,Two year,No,Electronic check,89.88,634.29,No
2733-LYZZX,Male,0,Yes,No,40,Yes,Yes,DSL,No,Yes,No,No,No,No,Month-to-month,Yes,Mailed check,54.57,2182.23,Yes
5684-BQWJS,Female,0,No,No,14,Yes,No,DSL,No,No,No,Yes,No,No,Month-to-month,No,Electronic check,52.12,737.28,No
2117-VEULR,Female,0,No,No,22,Yes,No,Fiber optic,No,No,No,Yes,No,Yes,Month-to-month,No,Mailed check,81.42,1781.05,Yes
7141-IKDJA,Female,0,No,No,13,Yes,No,Fiber optic,No,Yes,Yes,No,Yes,No,Month-to-month,No,Credit card (automatic),88.65,1164.94,No
8265-IWZRP,Male,0,Yes,No,12,Yes,Yes,Fiber optic,No,Yes,No,No,Yes,No,Two year,Yes,Mailed check,79.09,955.24,Yes
8510-NDZBL,Female,0,Yes,Yes,26,Yes,Yes,Fiber optic,No,No,No,No,No,Yes,Month-to-month,No,Electronic check,75.65,1976.73,Yes
5380-DOCVQ,Female,0,No,Yes,26,Yes,Yes,No,No internet service,No internet service,No internet service,No internet service,No internet service,No internet service,Month-to-month,No,Electronic check,29.68,767.47,No
1199-LUHZT,Male,1,Yes,No,8,Yes,No,Fiber optic,No,No,No,No,Yes,Yes,Month-to-month,Yes,Bank transfer (automatic),90.7,730.36,No
5036-UFEUH,Female,0,Yes,Yes,5,Yes,Yes,DSL,No,Yes,Yes,No,Yes,Yes,Month-to-month,Yes,Bank transfer (automatic),72.81,354.14,No
9579-DEOFU,Male,0,Yes,No,3,Yes,Yes,DSL,No,No,No,No,Yes,No,Month-to-month,Yes,Bank transfer (automatic),59.86,178.03,No
5655-NNPVX,Male,0,No,No,2,Yes,Yes,Fiber optic,No,Yes,Yes,Yes,Yes,Yes,Month-to-month,No,Credit card (automatic),91.71,161.87,Yes
3691-KSYSH,Male,0,No,No,40,Yes,No,DSL,No,No,No,No,No,Yes,Month-to-month,Yes,Credit card (automatic),50.92,2023.46,No
9233-EPYCZ,Male,0,No,No,8,Yes,Yes,No,No internet service,No internet service,No internet service,No internet service,No internet service,No internet service,Month-to-month,Yes,Electronic check,21.08,170.51,Yes
5823-MGLWN,Male,0,No,No,27,Yes,Yes,No,No internet service,No internet service,No internet service,No internet service,No internet service,No internet service,Month-to-month,No,Bank transfer (automatic),20.67,552.23,No
7298-JILXC,Male,0,Yes,No,8,Yes,No,Fiber optic,No,Yes,No,No,No,Yes,Two year,No,Mailed check,87.95,719.06,No
5989-MFFUS,Male,0,Yes,No,26,Yes,No,Fiber optic,No,No,No,Yes,No,No,Month-to-month,Yes,Electronic check,84.78,2200.89,No
9422-DVEAR,Male,0,Yes,No,72,Yes,No,No,No internet service,No internet service,No internet service,No internet service,No internet service,No internet service,One year,No,Mailed check,28.95,2081.32,No
5304-IIUXJ,Male,0,No,No,1,Yes,Yes,Fiber optic,No,No,No,No,Yes,No,Month-to-month,No,Bank transfer (automatic),88.28,112.0,No
8763-QMDWR,Male,0,No,Yes,25,Yes,No,DSL,Yes,No,No,Yes,No,Yes,Two year,Yes,Mailed check,71.49,1793.73,No
3065-VICGZ,Male,0,Yes,No,7,Yes,Yes,DSL,No,Yes,No,Yes,No,No,Month-to-month,No,Credit card (automatic),56.68,396.47,No
1122-IDRQV,Male,0,No,No,2,Yes,No,DSL,Yes,Yes,No,Yes,Yes,Yes,Two year,Yes,Mailed check,79.14,149.59,No
6556-FGYJJ,Male,0,No,No,1,Yes,Yes,No,No internet service,No internet service,No internet service,No internet service,No internet service,No internet service,Two year,Yes,Electronic check,27.44,24.71,No
5709-FSHIA,Male,0,No,Yes,11,Yes,Yes,DSL,No,No,No,Yes,No,Yes,Two year,Yes,Bank transfer (automatic),60.8,664.34,No
7095-FWHOL,Female,0,Yes,No,18,Yes,Yes,Fiber optic,Yes,Yes,No,Yes,Yes,Yes,One year,No,Bank transfer (automatic),108.81,1941.29,No
7153-POKXG,Male,1,Yes,No,25,Yes,Yes,DSL,No,Yes,Yes,Yes,No,Yes,One year,No,Electronic check,76.63,1895.03,No
4207-KIZGO,Female,0,Yes,No,20,Yes,Yes,No,No internet service,No internet service,No internet service,No internet service,No internet service,No internet service,Two year,No,Electronic check,25.95,526.17,No
6551-CPOYA,Female,0,Yes,No,54,Yes,Yes,Fiber optic,No,No,No,No,Yes,Yes,One year,Yes,Bank transfer (automatic),97.75,5276.41,No
2482-CIFWP,Female,0,No,No,4,Yes,Yes,DSL,Yes,No,Yes,No,No,Yes,One year,No,Mailed check,63.3,268.55,No
5170-RQQCS,Female,0,Yes,Yes,42,Yes,Yes,No,No internet service,No internet service,No internet service,No internet service,No internet service,No internet service,Month-to-month,Yes,Credit card (automatic),24.99,1047.58,No
9151-WOJHQ,Female,0,No,No,18,Yes,No,No,No internet service,No internet service,No internet service,No internet service,No internet service,No internet service,Month-to-month,No,Bank transfer (automatic),28.6,526.28,No
9035-HZBWH,Female,0,Yes,No,47,Yes,No,DSL,No,No,No,Yes,Yes,Yes,Two year,No,Mailed check,57.59,2721.32,No
2821-YGIRQ,Male,0,Yes,No,13,Yes,No,No,No internet service,No internet service,No internet service,No internet service,No internet service,No internet service,Month-to-month,Yes,Credit card (automatic),18.25,257.86,No
4679-ALDQG,Female,0,No,Yes,15,Yes,No,No,No internet service,No internet service,No internet service,No internet service,No internet service,No internet service,Month-to-month,Yes,Mailed check,18.25,273.32,No
7263-CASBF,Male,0,No,No,13,No,No phone service,Fiber optic,Yes,No,Yes,No,No,No,Month-to-month,Yes,Mailed check,82.08,1057.57,No
6162-WYUDA,Male,1,Yes,No,2,Yes,No,Fiber optic,Yes,No,Yes,No,No,Yes,One year,No,Bank transfer (automatic),91.83,187.28,No
4306-PFKHT,Female,0,No,Yes,3,No,No phone service,DSL,Yes,Yes,No,No,Yes,Yes,Month-to-month,Yes,Mailed check,65.87,173.39,No
9704-NUZUB,Male,0,Yes,No,17,Yes,Yes,Fiber optic,No,Yes,No,No,No,No,One year,Yes,Mailed check,76.34,1303.59,No
3533-ZINVH,Male,0,No,Yes,18,Yes,No,Fiber optic,No,No,No,No,No,No,Month-to-month,Yes,Mailed check,71.63,1274.98,No
5985-CJRTI,Female,0,Yes,Yes,15,Yes,Yes,Fiber optic,Yes,No,No,Yes,Yes,No,Month-to-month,Yes,Credit card (automatic),96.48,1434.7,No
2275-MAQDD,Male,0,Yes,No,0,Yes,Yes,Fiber optic,Yes,Yes,No,Yes,No,No,One year,Yes,Electronic check,93.67, ,No
5783-POZFE,Female,0,No,No,16,Yes,No,DSL,No,No,No,No,No,No,Month-to-month,No,Electronic check,46.35,728.77,Yes
8573-JGGJJ,Female,0,No,Yes,3,Yes,No,Fiber optic,Yes,Yes,No,Yes,Yes,Yes,Month-to-month,Yes,Electronic check,111.57,348.45,Yes
2144-OFXBH,Female,0,Yes,No,20,Yes,No,Fiber optic,Yes,No,No,No,Yes,Yes,Month-to-month,No,Mailed check,92.96,1875.32,No
3424-TOUUR,Female,0,No,No,8,Yes,Yes,No,No internet service,No internet service,No internet service,No internet service,No internet service,No internet service,Two year,Yes,Electronic check,32.43,260.17,No
6764-YDJSN,Female,0,Yes,No,72,Yes,No,Fiber optic,No,Yes,Yes,No,No,No,Month-to-month,Yes,Electronic check,86.32,6222.79,Yes
6628-JVFMU,Male,0,No,No,10,Yes,No,Fiber optic,No,No,No,No,Yes,No,Month-to-month,Yes,Credit card (automatic),83.86,829.85,Yes
4114-VYOBZ,Female,0,No,Yes,41,Yes,No,Fiber optic,No,No,No,Yes,No,No,Two year,No,Bank transfer (automatic),78.38,3217.96,Yes
3674-QTRFO,Female,0,Yes,No,6,Yes,Yes,No,No internet service,No internet service,No internet service,No internet service,No internet service,No internet service,Month-to-month,Yes,Electronic check,30.75,196.58,No
8056-XZVIL,Male,0,No,No,5,No,No phone service,DSL,Yes,Yes,No,No,No,Yes,Month-to-month,Yes,Mailed check,64.6,314.71,No
2613-XHZYV,Female,0,No,Yes,5,Yes,Yes,No,No internet service,No internet service,No internet service,No internet service,No internet service,No internet service,Month-to-month,Yes,Credit card (automatic),26.11,125.6,No
6067-CINWW,Female,1,Yes,No,9,No,No phone service,No,No internet service,No internet service,No internet service,No internet service,No internet service,No internet service,Month-to-month,Yes,Credit card (automatic),18.25,159.37,Yes
5490-DZHRM,Female,0,Yes,No,45,Yes,Yes,DSL,No,Yes,No,No,No,Yes,Month-to-month,No,Bank transfer (automatic),61.3,2750.64,No
9867-JHLSL,Female,0,No,No,34,Yes,Yes,No,No internet service,No internet service,No internet service,No internet service,No internet service,No internet service,Month-to-month,Yes,Electronic check,25.49,859.02,No
1059-BXHMA,Female,0,No,No,13,No,No phone service,Fiber optic,No,No,Yes,Yes,No,No,One year,Yes,Mailed check,84.15,1091.93,No
2794-BWWTH,Female,1,Yes,No,5,Yes,Yes,Fiber optic,Yes,No,Yes,No,Yes,Yes,Month-to-month,Yes,Bank transfer (automatic),109.27,543.61,Yes
4421-YUOBY,Female,0,Yes,Yes,1,Yes,Yes,No,No internet service,No internet service,No internet service,No internet service,No internet service,No internet service,Month-to-month,Yes,Mailed check,20.57,5.48,No
9144-XFADS,Male,0,Yes,No,23,Yes,Yes,Fiber optic,No,Yes,Yes,No,Yes,No,One year,Yes,Mailed check,92.82,2130.95,No
8446-VNZNJ,Female,0,Yes,Yes,29,Yes,Yes,DSL,No,No,Yes,No,No,No,Two year,No,Mailed check,59.14,1708.45,No
6915-XGPDG,Male,0,Yes,Yes,22,No,No phone service,Fiber optic,No,No,Yes,No,No,Yes,Month-to-month,Yes,Electronic check,87.96,1949.88,No
3382-QCPBG,Female,0,No,No,16,Yes,No,DSL,No,No,Yes,No,Yes,No,Month-to-month,No,Electronic check,55.87,886.75,No
9312-PUILX,Female,0,Yes,No,72,Yes,No,No,No internet service,No internet service,No internet service,No internet service,No internet service,No internet service,Month-to-month,Yes,Credit card (automatic),25.4,1822.98,No
6408-NKRVE,Female,0,Yes,Yes,0,No,No phone service,DSL,No,No,Yes,No,Yes,Yes,Month-to-month,No,Credit card (automatic),71.19, ,No
7778-GYNTH,Male,0,No,No,72,No,No phone service,Fiber optic,Yes,Yes,Yes,No,No,Yes,Month-to-month,No,Credit card (automatic),81.73,5903.67,Yes
4235-CLRXO,Male,0,Yes,Yes,7,Yes,No,No,No internet service,No internet service,No internet service,No internet service,No internet service,No internet service,Month-to-month,Yes,Mailed check,18.25,138.6,No
3122-LSQFU,Male,1,No,No,11,Yes,Yes,No,No internet service,No internet service,No internet service,No internet service,No internet service,No internet service,One year,No,Credit card (automatic),23.78,273.11,No
1775-OVTZJ,Female,1,Yes,No,33,Yes,No,DSL,No,No,No,Yes,No,No,Two year,No,Credit card (automatic),50.54,1665.86,No
6147-OLKRX,Female,0,No,Yes,6,Yes,Yes,DSL,No,Yes,No,No,No,No,One year,No,Mailed check,51.08,305.92,No
9555-XEVJN,Male,1,No,No,29,Yes,No,No,No internet service,No internet service,No internet service,No internet service,No internet service,No internet service,Two year,No,Electronic check,20.69,607.34,No
7180-KSZHS,Male,0,Yes,Yes,9,Yes,No,No,No internet service,No internet service,No internet service,No internet service,No internet service,No internet service,One year,No,Bank transfer (automatic),18.25,161.43,No
1373-RWULZ,Female,0,No,No,67,Yes,No,Fiber optic,Yes,Yes,No,No,Yes,No,One year,Yes,Bank transfer (automatic),92.69,6211.0,Yes
4020-UUROO,Female,0,No,No,4,Yes,No,DSL,No,No,No,No,Yes,Yes,Month-to-month,Yes,Credit card (automatic),66.23,258.27,No
1057-ISLWE,Female,1,Yes,No,64,No,No phone service,DSL,Yes,No,No,No,Yes,Yes,Month-to-month,No,Electronic check,67.72,4341.19,No
5473-ZUTJV,Male,0,No,No,37,Yes,Yes,Fiber optic,Yes,No,Yes,No,Yes,No,One year,Yes,Mailed check,87.16,3217.27,No
5262-WKHUG,Male,0,No,No,4,Yes,Yes,DSL,Yes,Yes,No,No,No,Yes,Two year,Yes,Electronic check,71.61,305.24,No
9751-PNOTI,Female,1,No,Yes,11,No,No phone service,Fiber optic,Yes,No,Yes,No,No,No,Two year,Yes,Electronic check,84.47,931.77,Yes
5655-PECUY,Female,0,Yes,No,2,Yes,No,No,No internet service,No internet service,No internet service,No internet service,No internet service,No internet service,Month-to-month,Yes,Mailed check,22.75,52.78,No
8004-HQEFZ,Female,0,Yes,No,21,Yes,Yes,DSL,No,No,Yes,No,Yes,Yes,Month-to-month,No,Electronic check,67.42,1413.39,No
7908-BVNYD,Male,0,No,No,72,Yes,Yes,DSL,No,No,No,No,No,No,Month-to-month,Yes,Credit card (automatic),48.11,3458.51,No
3993-LIZRM,Female,0,Yes,No,1,No,No phone service,Fiber optic,Yes,Yes,Yes,Yes,Yes,Yes,One year,No,Electronic check,113.29,110.03,No
5154-NJCGR,Male,0,No,Yes,7,Yes,No,DSL,Yes,No,Yes,Yes,No,No,Two year,No,Mailed check,59.13,415.42,No
4120-YFYLS,Male,0,No,No,33,Yes,No,Fiber optic,No,No,Yes,No,No,Yes,Month-to-month,No,Credit card (automatic),87.62,2901.24,No
2026-ZCRKF,Male,0,No,No,14,Yes,No,Fiber optic,Yes,No,No,No,Yes,Yes,Two year,Yes,Electronic check,100.63,1400.45,No
1684-EZCSQ,Female,0,No,No,9,Yes,Yes,No,No internet service,No internet service,No internet service,No internet service,No internet service,No internet service,Month-to-month,Yes,Bank transfer (automatic),29.62,262.92,No
2525-COQMN,Female,0,No,No,22,Yes,Yes,DSL,Yes,No,No,No,Yes,No,One year,No,Credit card (automatic),60.78,1362.87,Yes
6789-ZPYKQ,Male,0,No,Yes,8,Yes,Yes,No,No internet service,No internet service,No internet service,No internet service,No internet service,No internet service,Month-to-month,No,Mailed check,19.19,145.48,No
6108-ORPNN,Male,0,Yes,No,9,No,No phone service,Fiber optic,No,Yes,No,Yes,No,No,Month-to-month,Yes,Electronic check,75.84,668.57,Yes
5268-AFWKK,Female,0,Yes,No,39,Yes,Yes,Fiber optic,No,No,No,Yes,Yes,No,Two year,Yes,Credit card (automatic),85.76,3346.43,No
1760-PXZCY,Male,0,No,Yes,11,Yes,No,DSL,No,Yes,No,No,Yes,No,Two year,No,Electronic check,65.99,710.89,No
3492-VNZBZ,Female,0,Yes,No,28,Yes,No,No,No internet service,No internet service,No internet service,No internet service,No internet service,No internet service,Two year,No,Electronic check,23.38,659.53,No
3552-IHKGV,Female,1,Yes,No,3,Yes,No,DSL,Yes,Yes,Yes,No,Yes,Yes,Month-to-month,Yes,Credit card (automatic),75.01,215.76,No
8617-DZWNM,Female,1,No,No,12,Yes,Yes,Fiber optic,No,No,No,No,No,Yes,Month-to-month,No,Electronic check,78.61,935.12,No
6237-YMMEL,Female,0,No,No,19,Yes,No,No,No internet service,No internet service,No internet service,No internet service,No internet service,No internet service,Month-to-month,No,Electronic check,19.08,366.64,No
4097-VNHXV,Male,1,No,No,7,Yes,No,No,No internet service,No internet service,No internet service,No internet service,No internet service,No internet service,Month-to-month,Yes,Mailed check,28.86,205.79,No
9935-GQUKZ,Female,0,Yes,No,13,Yes,Yes,DSL,Yes,Yes,Yes,Yes,No,Yes,Month-to-month,Yes,Electronic check,70.47,910.67,No
6068-JUZNI,Male,0,No,No,34,Yes,Yes,No,No internet service,No internet service,No internet service,No internet service,No internet service,No internet service,Two year,No,Credit card (automatic),33.09,1120.43,No
2318-ZRPHP,Male,0,No,No,4,Yes,No,Fiber optic,No,No,Yes,No,No,Yes,One year,Yes,Electronic check,92.59,371.5,No
9498-OYOFI,Male,0,No,Yes,16,Yes,No,DSL,No,No,No,Yes,Yes,Yes,One year,Yes,Bank transfer (automatic),64.34,1011.19,No
6976-GZHRU,Female,0,Yes,No,7,Yes,No,Fiber optic,No,No,No,No,No,No,Month-to-month,No,Mailed check,79.34,568.78,No
2039-OCAMV,Female,0,Yes,Yes,12,Yes,No,Fiber optic,Yes,No,No,No,No,Yes,Two year,No,Bank transfer (automatic),83.73,1003.37,No
1703-LIBIH,Male,0,Yes,No,11,Yes,No,Fiber optic,No,No,No,No,No,Yes,Two year,Yes,Mailed check,70.02,769.16,No
5996-MBJZF,Female,0,No,No,25,No,No phone service,Fiber optic,No,No,No,Yes,No,Yes,Month-to-month,Yes,Electronic check,78.93,1975.63,Yes
6862-CNPFV,Female,0,No,Yes,34,Yes,Yes,Fiber optic,Yes,Yes,No,No,Yes,Yes,Month-to-month,No,Electronic check,88.79,3012.47,No
1243-OQXRX,Female,0,No,Yes,16,Yes,Yes,Fiber optic,No,No,No,No,No,No,Month-to-month,Yes,Mailed check,69.77,1116.64,No
8938-XFQWM,Female,0,No,No,4,Yes,No,No,No internet service,No internet service,No internet service,No internet service,No internet service,No internet service,One year,Yes,Bank transfer (automatic),18.95,74.37,No
2141-QUPQA,Female,0,No,Yes,48,Yes,No,DSL,Yes,No,No,No,Yes,Yes,Two year,Yes,Bank transfer (automatic),70.47,3374.77,No
6999-FHABO,Male,0,No,No,4,Yes,Yes,Fiber optic,No,No,No,Yes,Yes,No,Month-to-month,Yes,Bank transfer (automatic),91.76,363.81,Yes
3852-XTOUJ,Female,0,No,No,20,Yes,Yes,Fiber optic,No,No,No,No,No,Yes,Month-to-month,Yes,Bank transfer (automatic),80.36,1623.54,Yes
3469-UORNJ,Female,0,No,No,17,Yes,Yes,DSL,Yes,No,Yes,No,No,No,Month-to-month,No,Electronic check,58.1,993.47,No
4165-DKTGO,Male,0,No,No,8,Yes,No,DSL,No,Yes,No,No,No,Yes,One year,Yes,Electronic check,57.31,462.03,No
6992-OZLRF,Female,1,Yes,No,72,Yes,Yes,Fiber optic,Yes,No,Yes,Yes,Yes,No,Month-to-month,Yes,Bank transfer (automatic),94.4,6787.33,No
2407-RYRVX,Male,0,No,No,27,Yes,No,DSL,Yes,No,No,No,No,No,Two year,Yes,Electronic check,63.21,1713.45,No
8589-OSEDQ,Male,0,Yes,No,15,No,No phone service,DSL,Yes,No,No,Yes,Yes,Yes,Two year,No,Electronic check,71.31,1061.72,No
2545-LEGLW,Female,0,No,No,14,Yes,No,DSL,No,Yes,No,No,No,No,Two year,Yes,Bank transfer (automatic),55.52,787.45,No
7003-QMEET,Male,0,No,Yes,2,Yes,No,DSL,Yes,No,No,No,Yes,Yes,Month-to-month,No,Credit card (automatic),69.01,141.71,No
9811-GFJSP,Male,1,Yes,No,36,No,No phone service,No,No internet service,No internet service,No internet service,No internet service,No internet service,No internet service,Month-to-month,Yes,Electronic check,24.37,860.41,No
7814-DIZEA,Female,0,Yes,Yes,2,Yes,No,Fiber optic,No,No,No,Yes,No,No,Month-to-month,Yes,Mailed check,79.32,152.36,No
8594-SYWCA,Male,1,No,Yes,5,Yes,No,DSL,Yes,No,No,No,No,No,Month-to-month,No,Electronic check,55.21,281.62,No
7619-PGEMK,Female,0,No,No,4,Yes,No,No,No internet service,No internet service,No internet service,No internet service,No internet service,No internet service,Two year,Yes,Electronic check,20.82,82.86,No
1789-QWLUW,Male,0,No,No,1,Yes,Yes,Fiber optic,Yes,No,No,No,Yes,No,Two year,Yes,Mailed check,96.12,100.94,No
1820-USEXH,Female,0,No,No,42,Yes,No,Fiber optic,No,No,Yes,No,No,No,Month-to-month,No,Bank transfer (automatic),83.21,3499.43,No
3369-QBWCX,Male,0,No,No,56,Yes,Yes,No,No internet service,No internet service,No internet service,No internet service,No internet service,No internet service,Two year,Yes,Bank transfer (automatic),23.47,1305.44,No
2907-ZZXRO,Female,0,No,No,23,Yes,No,No,No internet service,No internet service,No internet service,No internet service,No internet service,No internet service,One year,Yes,Electronic check,28.19,663.75,No
1181-QNANI,Female,0,Yes,Yes,50,Yes,No,Fiber optic,Yes,No,Yes,No,No,No,Month-to-month,Yes,Electronic check,83.32,4158.17,No
1989-DACTK,Male,0,Yes,No,26,Yes,No,DSL,No,No,No,No,Yes,No,Month-to-month,Yes,Credit card (automatic),52.3,1358.89,No
5847-KUJLE,Male,0,Yes,No,27,Yes,Yes,Fiber optic,No,Yes,No,Yes,Yes,Yes,Month-to-month,Yes,Bank transfer (automatic),97.56,2621.56,No
5681-XMSGP,Female,0,Yes,Yes,52,No,No phone service,No,No internet service,No internet service,No internet service,No internet service,No internet service,No internet service,Month-to-month,Yes,Bank transfer (automatic),22.69,1182.4,No
4196-FJJZK,Male,0,No,Yes,2,Yes,No,DSL,No,No,No,No,Yes,Yes,Month-to-month,Yes,Electronic check,66.08,131.53,Yes
7665-YNOGM,Male,0,No,Yes,1,Yes,No,DSL,No,No,Yes,No,Yes,Yes,Month-to-month,No,Credit card (automatic),72.51,51.64,Yes
7090-GKNQP,Male,0,No,No,1,Yes,Yes,Fiber optic,No,No,No,No,Yes,Yes,Month-to-month,Yes,Electronic check,85.64,80.19,Yes
3536-JSOPK,Female,1,No,No,12,No,No phone service,No,No internet service,No internet service,No internet service,No internet service,No internet service,No internet service,Two year,No,Electronic check,18.55,223.9,No
5634-XYQSM,Female,0,No,Yes,70,Yes,Yes,No,No internet service,No internet service,No internet service,No internet service,No internet service,No internet service,Month-to-month,Yes,Mailed check,21.93,1532.92,No
5063-FOPDH,Female,0,Yes,No,48,Yes,No,DSL,Yes,No,No,No,No,No,Two year,No,Mailed check,51.61,2472.08,No
1958-YGQPB,Male,0,No,No,36,No,No phone service,No,No internet service,No internet service,No internet service,No internet service,No internet service,No internet service,Two year,Yes,Electronic check,18.25,673.71,No
7520-DZNHE,Male,0,No,Yes,12,Yes,Yes,Fiber optic,Yes,Yes,No,Yes,Yes,No,One year,No,Bank transfer (automatic),96.67,1154.72,Yes
8807-EECFA,Male,0,Yes,Yes,41,Yes,No,Fiber optic,Yes,No,No,No,No,No,Month-to-month,Yes,Electronic check,84.48,3447.26,No
1135-MTFRR,Female,0,No,No,5,Yes,No,DSL,Yes,No,No,Yes,No,No,Month-to-month,No,Electronic check,60.22,307.3,No
9560-HOZJA,Female,0,Yes,No,21,Yes,No,Fiber optic,No,Yes,No,No,No,Yes,Two year,Yes,Mailed check,84.24,1775.83,No
5808-QTYAI,Female,0,Yes,No,32,Yes,No,Fiber optic,Yes,Yes,Yes,Yes,No,No,Month-to-month,Yes,Electronic check,97.48,3123.01,No
8117-XEFED,Female,0,No,No,2,Yes,No,DSL,No,Yes,No,Yes,No,Yes,Two year,No,Electronic check,63.34,125.68,No
7971-PPJNM,Male,0,Yes,Yes,49,Yes,Yes,Fiber optic,No,No,No,No,Yes,No,Two year,Yes,Mailed check,92.44,4528.88,No
6435-DNZXX,Male,1,No,No,31,Yes,Yes,Fiber optic,No,Yes,No,No,No,No,Month-to-month,Yes,Bank transfer (automatic),72.18,2226.85,Yes
6768-CJOXS,Male,0,No,No,18,Yes,No,Fiber optic,No,Yes,No,No,Yes,No,Month-to-month,No,Bank transfer (automatic),88.71,1599.45,No
8105-BIDEB,Female,0,No,No,1,Yes,Yes,No,No internet service,No internet service,No internet service,No internet service,No internet service,No internet service,Two year,No,Electronic check,27.51,15.63,No
1741-WPNLF,Male,0,Yes,No,28,Yes,No,Fiber optic,No,No,No,No,Yes,No,Month-to-month,No,Mailed check,83.42,2337.94,Yes
9725-MOXNH,Male,1,No,Yes,14,Yes,No,Fiber optic,Yes,No,Yes,No,Yes,No,Month-to-month,Yes,Credit card (automatic),93.33,1292.58,No
8508-TKUIL,Female,0,No,No,32,Yes,No,DSL,No,No,Yes,No,No,No,Month-to-month,Yes,Mailed check,48.47,1537.7,No
3034-CAOOE,Female,0,Yes,No,0,Yes,No,Fiber optic,Yes,No,No,No,No,No,Month-to-month,Yes,Bank transfer (automatic),77.19, ,Yes
7197-XKYWA,Male,0,Yes,Yes,20,Yes,Yes,No,No internet service,No internet service,No internet service,No internet service,No internet service,No internet service,Month-to-month,No,Electronic check,35.5,692.91,Yes
4256-TKGYQ,Female,0,Yes,No,14,Yes,No,DSL,Yes,No,Yes,No,No,No,Month-to-month,Yes,Bank transfer (automatic),64.5,900.85,No
3859-ZYDLX,Male,1,No,No,13,Yes,No,DSL,No,No,No,No,No,Yes,Two year,Yes,Credit card (automatic),66.3,863.97,No
3050-RLXXS,Male,1,Yes,No,17,Yes,No,Fiber optic,No,Yes,No,Yes,No,Yes,Month-to-month,Yes,Credit card (automatic),93.98,1603.15,No
8695-HFJYJ,Female,0,No,No,3,Yes,No,DSL,No,No,No,No,Yes,No,Two year,No,Credit card (automatic),60.74,166.93,No
3981-HRQZJ,Female,0,No,No,65,Yes,No,Fiber optic,No,No,Yes,No,No,No,One year,Yes,Electronic check,80.03,5187.25,Yes
7209-LTJIP,Male,0,No,Yes,29,Yes,No,Fiber optic,Yes,No,No,Yes,Yes,No,Two year,Yes,Electronic check,88.59,2573.02,No
7054-IYYXF,Female,0,No,No,2,No,No phone service,No,No internet service,No internet service,No internet service,No internet service,No internet service,No internet service,Two year,Yes,Credit card (automatic),18.61,41.88,No
8546-JGRKA,Female,0,No,No,1,Yes,Yes,Fiber optic,Yes,No,No,No,Yes,Yes,Month-to-month,Yes,Bank transfer (automatic),86.78,85.92,Yes
7652-UXSWE,Male,0,Yes,No,5,Yes,Yes,Fiber optic,Yes,No,Yes,Yes,Yes,Yes,Month-to-month,Yes,Mailed check,104.06,528.83,No
4451-ZXFVG,Male,0,No,No,6,Yes,Yes,DSL,Yes,No,No,No,No,No,Two year,No,Electronic check,55.87,340.48,No
4062-DZPJZ,Male,0,Yes,No,16,Yes,Yes,DSL,No,Yes,No,No,No,No,One year,No,Electronic check,49.1,794.53,No
1718-MHVMX,Female,0,No,Yes,18,Yes,Yes,Fiber optic,No,No,Yes,No,No,Yes,Month-to-month,Yes,Electronic check,82.06,1477.88,Yes
3854-QDGPY,Female,1,No,No,3,Yes,No,No,No internet service,No internet service,No internet service,No internet service,No internet service,No internet service,One year,Yes,Mailed check,22.53,71.22,No
3977-UYYVW,Female,0,Yes,No,72,No,No phone service,Fiber optic,No,Yes,No,No,No,Yes,Two year,Yes,Credit card (automatic),91.31,6580.06,No
4480-NNZHZ,Male,0,No,No,41,Yes,No,DSL,No,No,Yes,No,No,No,Month-to-month,Yes,Electronic check,58.28,2385.6,No
4493-VGGBY,Female,0,Yes,No,24,Yes,No,Fiber optic,No,No,Yes,No,No,No,Month-to-month,Yes,Mailed check,75.68,1822.77,Yes
2251-MJIOL,Male,0,No,No,7,Yes,Yes,DSL,No,No,No,No,Yes,Yes,Month-to-month,No,Bank transfer (automatic),66.69,468.96,Yes
4166-JSUEG,Female,0,No,No,57,Yes,Yes,Fiber optic,No,Yes,Yes,No,No,Yes,Month-to-month,Yes,Mailed check,102.83,5860.11,Yes
2147-TKPMD,Male,0,Yes,No,9,Yes,Yes,DSL,Yes,No,No,No,No,Yes,Month-to-month,No,Bank transfer (automatic),61.89,550.24,No
8215-MAVDO,Female,0,No,No,9,Yes,No,No,No internet service,No internet service,No internet service,No internet service,No internet service,No internet service,Month-to-month,Yes,Electronic check,20.56,185.98,Yes
1121-ZUYPD,Male,0,No,No,10,Yes,Yes,Fiber optic,No,Yes,Yes,No,No,Yes,Month-to-month,Yes,Electronic check,97.55,973.39,Yes
8326-KYEZM,Male,0,Yes,Yes,1,Yes,Yes,Fiber optic,Yes,No,No,No,No,No,Month-to-month,Yes,Bank transfer (automatic),73.11,68.41,No
4499-WCDJI,Male,0,Yes,Yes,1,Yes,Yes,No,No internet service,No internet service,No internet service,No internet service,No internet service,No internet service,Month-to-month,Yes,Electronic check,19.57,12.89,No
4468-ALKUH,Male,0,Yes,No,15,Yes,No,No,No internet service,No internet service,No internet service,No internet service,No internet service,No internet service,One year,No,Electronic check,26.88,408.93,No
8769-WNNTW,Female,0,Yes,Yes,51,Yes,No,DSL,No,Yes,Yes,Yes,No,Yes,Month-to-month,Yes,Electronic check,62.49,3183.33,Yes
2904-VYSTX,Female,0,Yes,No,68,Yes,No,Fiber optic,No,No,Yes,Yes,No,No,Month-to-month,Yes,Electronic check,90.5,6155.48,No
1027-UUQFN,Female,0,No,Yes,35,Yes,No,Fiber optic,Yes,No,No,Yes,Yes,No,Month-to-month,No,Credit card (automatic),88.74,3097.64,No
3832-FEMPU,Female,0,Yes,Yes,12,Yes,Yes,Fiber optic,No,Yes,No,No,Yes,No,Month-to-month,Yes,Electronic check,94.65,1134.23,No
6758-JZMSP,Female,0,Yes,Yes,8,Yes,No,DSL,No,Yes,No,Yes,No,No,Month-to-month,Yes,Credit card (automatic),64.29,535.12,Yes
4536-PNPXO,Male,0,No,No,5,No,No phone service,DSL,Yes,No,Yes,No,No,Yes,Month-to-month,No,Credit card (automatic),54.63,278.68,No
4914-EXXKB,Female,0,Yes,No,18,Yes,No,No,No internet service,No internet service,No internet service,No internet service,No internet service,No internet service,Month-to-month,Yes,Electronic check,33.7,610.54,No
3642-ZZQSL,Female,0,Yes,No,15,Yes,No,Fiber optic,No,No,Yes,No,No,No,One year,Yes,Mailed check,79.52,1191.06,No
2619-WYELP,Male,0,Yes,No,15,Yes,Yes,Fiber optic,No,Yes,No,No,No,Yes,Two year,Yes,Electronic check,84.72,1275.83,No
2728-BJBYJ,Female,1,Yes,No,9,Yes,Yes,Fiber optic,No,No,No,Yes,No,No,Month-to-month,Yes,Bank transfer (automatic),83.91,755.35,No
2713-AELQY,Female,0,No,No,20,Yes,No,No,No internet service,No internet service,No internet service,No internet service,No internet service,No internet service,Two year,No,Mailed check,21.56,433.75,No
1114-RMVCU,Female,1,Yes,No,22,No,No phone service,Fiber optic,No,No,Yes,No,No,Yes,Two year,Yes,Mailed check,86.94,1900.89,No
1425-NHJBM,Male,0,No,No,49,Yes,No,Fiber optic,No,Yes,No,No,No,No,Month-to-month,No,Bank transfer (automatic),75.31,3686.06,No
5106-XAZJM,Male,0,Yes,No,34,Yes,Yes,DSL,No,Yes,No,Yes,No,Yes,Month-to-month,No,Mailed check,76.62,2600.43,No
9795-DUJLN,Female,0,No,No,9,Yes,No,Fiber optic,No,No,No,No,No,Yes,Month-to-month,Yes,Bank transfer (automatic),85.0,758.13,No
5801-SKUGR,Male,0,No,No,11,Yes,No,No,No internet service,No internet service,No internet service,No internet service,No internet service,No internet service,One year,No,Mailed check,23.21,253.87,No
9973-GVGWI,Female,1,Yes,No,6,Yes,Yes,DSL,No,Yes,Yes,No,Yes,Yes,Month-to-month,Yes,Mailed check,73.47,453.13,Yes
2341-LFZXG,Male,0,No,No,4,Yes,Yes,Fiber optic,No,Yes,No,No,No,No,Month-to-month,Yes,Electronic check,85.27,326.83,Yes
9707-PGHHT,Male,0,No,No,2,Yes,No,DSL,Yes,Yes,Yes,Yes,No,No,Two year,Yes,Credit card (automatic),73.26,149.4,No
7457-YCISM,Female,0,Yes,No,0,Yes,No,Fiber optic,No,Yes,Yes,Yes,Yes,No,Month-to-month,No,Mailed check,96.22, ,Yes
3086-TUOSB,Male,0,No,No,12,Yes,No,DSL,No,No,Yes,No,Yes,No,Two year,Yes,Electronic check,63.28,765.06,Yes
4047-WWHMA,Female,0,Yes,No,72,Yes,No,No,No internet service,No internet service,No internet service,No internet service,No internet service,No internet service,Month-to-month,No,Mailed check,24.89,1786.33,No
9471-JUXIB,Male,0,No,No,18,Yes,Yes,No,No internet service,No internet service,No internet service,No internet service,No internet service,No internet service,Month-to-month,Yes,Mailed check,26.43,481.25,No
8602-VYNJJ,Female,0,Yes,Yes,32,Yes,No,DSL,No,Yes,Yes,No,No,Yes,Month-to-month,Yes,Bank transfer (automatic),70.69,2269.28,No
8181-MFUMC,Male,0,No,Yes,12,Yes,Yes,No,No internet service,No internet service,No internet service,No internet service,No internet service,No internet service,Month-to-month,Yes,Credit card (automatic),36.19,432.96,No
6371-TMWWS,Female,0,No,No,11,Yes,No,Fiber optic,Yes,Yes,Yes,No,No,No,Two year,No,Electronic check,84.63,936.21,No
7223-DCOOR,Female,0,No,No,3,Yes,No,No,No internet service,No internet service,No internet service,No internet service,No internet service,No internet service,One year,No,Credit card (automatic),21.24,74.06,No
8091-EHYWJ,Female,1,No,No,8,No,No phone service,DSL,Yes,No,No,No,No,No,Month-to-month,No,Electronic check,45.91,380.07,Yes
2248-KCUCO,Female,0,Yes,No,63,Yes,No,No,No internet service,No internet service,No internet service,No internet service,No internet service,No internet service,Month-to-month,No,Electronic check,29.35,1852.01,No
5848-RHWMJ,Male,1,No,No,16,Yes,Yes,DSL,No,No,No,No,No,Yes,One year,Yes,Bank transfer (automatic),52.16,826.77,Yes
4138-TNMCM,Female,1,No,No,5,Yes,No,Fiber optic,Yes,No,No,No,No,Yes,Month-to-month,No,Electronic check,97.14,479.63,Yes
4768-WIYPW,Male,0,Yes,Yes,26,Yes,Yes,DSL,No,Yes,No,Yes,Yes,Yes,Month-to-month,No,Credit card (automatic),74.63,1953.64,No
6558-HLZLS,Male,0,No,Yes,12,Yes,Yes,Fiber optic,No,No,No,Yes,Yes,Yes,One year,Yes,Bank transfer (automatic),108.25,1305.43,No
6335-QOVRG,Female,0,Yes,Yes,42,Yes,No,DSL,Yes,Yes,Yes,Yes,No,No,Two year,Yes,Credit card (automatic),66.74,2802.13,No
4660-SPKZE,Female,0,No,No,2,Yes,No,Fiber optic,No,No,No,No,No,No,Month-to-month,Yes,Mailed check,70.95,136.26,No
3720-PEYYG,Female,1,Yes,No,17,Yes,No,Fiber optic,No,No,No,No,Yes,Yes,One year,Yes,Credit card (automatic),89.85,1530.05,Yes
4357-IDSTO,Female,0,Yes,No,38,Yes,Yes,DSL,No,No,No,No,No,No,One year,Yes,Bank transfer (automatic),48.59,1835.57,No
2958-XREUY,Male,0,No,Yes,46,Yes,No,Fiber optic,No,Yes,No,Yes,No,Yes,Month-to-month,No,Mailed check,92.79,4270.12,Yes
9540-MCFZL,Female,0,No,No,12,Yes,No,DSL,Yes,Yes,No,Yes,Yes,No,Two year,Yes,Credit card (automatic),70.53,857.81,No
2204-RRDTW,Female,0,No,Yes,32,Yes,No,DSL,No,Yes,No,No,No,Yes,Month-to-month,No,Electronic check,54.04,1739.39,No
9923-NAKVI,Female,0,Yes,No,72,Yes,No,DSL,No,No,Yes,No,No,Yes,One year,Yes,Mailed check,62.32,4490.25,Yes
6905-EJOJP,Female,0,Yes,No,23,Yes,Yes,No,No internet service,No internet service,No internet service,No internet service,No internet service,No internet service,Two year,No,Bank transfer (automatic),36.08,831.81,No
6859-DHFWK,Male,1,No,No,40,Yes,No,No,No internet service,No internet service,No internet service,No internet service,No internet service,No internet service,Month-to-month,Yes,Mailed check,20.98,842.94,No
8320-MSKBC,Male,0,Yes,Yes,20,Yes,Yes,DSL,No,Yes,Yes,No,No,Yes,Month-to-month,No,Electronic check,67.45,1337.1,No
1535-MYJEX,Male,0,Yes,No,37,Yes,Yes,Fiber optic,No,Yes,No,Yes,No,Yes,One year,Yes,Mailed check,88.59,3273.61,No
8114-WNYTO,Female,1,No,Yes,67,Yes,Yes,Fiber optic,No,No,Yes,Yes,Yes,No,Two year,Yes,Credit card (automatic),96.37,6466.56,No
1712-HOWAB,Male,0,Yes,Yes,29,Yes,No,No,No internet service,No internet service,No internet service,No internet service,No internet service,No internet service,Month-to-month,No,Bank transfer (automatic),18.28,529.56,No
7472-UQIAH,Female,0,Yes,Yes,4,Yes,Yes,Fiber optic,No,Yes,No,No,No,Yes,Two year,Yes,Bank transfer (automatic),88.93,367.75,No
6124-KFQRW,Male,0,No,No,2,Yes,Yes,Fiber optic,No,Yes,No,No,No,No,Month-to-month,No,Bank transfer (automatic),81.12,155.66,No
3449-EYESM,Female,0,Yes,Yes,40,Yes,No,Fiber optic,No,No,Yes,No,Yes,No,Month-to-month,No,Electronic check,84.34,3378.29,No
3253-ZHCDJ,Male,0,Yes,No,7,Yes,Yes,DSL,No,No,No,Yes,No,Yes,Two year,Yes,Electronic check,62.84,454.6,No
2086-WLTTO,Female,0,Yes,Yes,49,Yes,Yes,Fiber optic,No,Yes,Yes,No,Yes,Yes,Month-to-month,Yes,Credit card (automatic),99.61,4882.1,Yes
8084-LHVVI,Female,0,Yes,No,5,Yes,No,Fiber optic,Yes,Yes,No,No,Yes,Yes,Month-to-month,Yes,Electronic check,101.4,510.76,No
5467-IQYAW,Male,0,No,No,58,Yes,No,Fiber optic,No,No,Yes,No,No,Yes,One year,No,Mailed check,86.26,5007.6,No
9709-GIJDP,Female,0,No,No,39,Yes,Yes,Fiber optic,Yes,No,No,Yes,Yes,Yes,One year,Yes,Credit card (automatic),96.66,3770.07,No
6928-CZIQN,Male,0,No,No,51,No,No phone service,DSL,No,Yes,Yes,No,No,No,Two year,No,Mailed check,51.49,2633.04,No
7532-ZUAAC,Male,1,No,Yes,6,Yes,No,Fiber optic,Yes,No,No,Yes,Yes,Yes,Two year,No,Credit card (automatic),103.85,618.94,Yes
6384-WFIDT,Male,0,Yes,No,50,Yes,No,Fiber optic,Yes,No,No,Yes,Yes,No,Month-to-month,No,Electronic check,93.24,4652.55,Yes
1303-WFTWN,Female,0,Yes,No,21,Yes,Yes,No,No internet service,No internet service,No internet service,No internet service,No internet service,No internet service,Month-to-month,Yes,Electronic check,21.77,466.61,No
6724-IGRJB,Male,0,Yes,Yes,2,Yes,Yes,Fiber optic,Yes,No,No,No,No,No,Month-to-month,Yes,Mailed check,72.99,155.46,No
5133-WITHJ,Female,0,No,Yes,64,Yes,Yes,DSL,No,Yes,No,No,Yes,Yes,Month-to-month,Yes,Bank transfer (automatic),67.54,4334.38,No
7671-OMRFT,Female,0,No,No,5,Yes,No,Fiber optic,No,No,No,No,No,Yes,Month-to-month,Yes,Bank transfer (automatic),85.77,436.73,Yes
9855-IRGWX,Male,0,No,Yes,5,Yes,Yes,Fiber optic,No,No,No,No,Yes,No,Month-to-month,No,Mailed check,81.72,407.76,Yes
3588-EKMCA,Male,0,No,No,29,Yes,No,Fiber optic,Yes,Yes,No,No,No,Yes,Month-to-month,Yes,Mailed check,96.05,2775.16,Yes
4186-RFWJG,Female,0,Yes,Yes,20,Yes,Yes,Fiber optic,No,No,Yes,No,No,No,Month-to-month,Yes,Credit card (automatic),81.1,1613.53,No
3987-HMRNK,Female,1,No,No,55,Yes,Yes,DSL,No,Yes,Yes,No,No,Yes,Two year,Yes,Bank transfer (automatic),66.57,3664.2,No
1780-VJLAR,Male,0,Yes,No,8,Yes,No,Fiber optic,Yes,No,No,No,Yes,No,Two year,No,Credit card (automatic),84.82,670.95,No
5492-YXDFR,Female,0,No,No,1,Yes,No,No,No internet service,No internet service,No internet service,No internet service,No internet service,No internet service,Month-to-month,No,Electronic check,35.51,59.38,Yes
6979-EREGW,Female,0,No,Yes,72,Yes,No,Fiber optic,No,No,Yes,No,Yes,No,One year,Yes,Credit card (automatic),89.11,6425.08,No
9392-CLTYN,Female,0,Yes,Yes,9,Yes,Yes,DSL,Yes,Yes,No,Yes,No,No,Month-to-month,Yes,Bank transfer (automatic),60.55,540.76,No
7664-LDEIG,Male,0,No,No,4,Yes,No,DSL,No,No,No,Yes,No,No,Month-to-month,Yes,Credit card (automatic),54.17,227.36,No
1365-TVQAY,Male,0,No,No,72,Yes,No,DSL,No,No,Yes,No,No,No,One year,No,Bank transfer (automatic),57.25,4118.15,No
9366-XOAOB,Male,0,Yes,Yes,19,No,No phone service,Fiber optic,No,No,No,No,Yes,No,Month-to-month,Yes,Electronic check,78.83,1495.86,No
1956-DQPRU,Female,0,Yes,No,3,Yes,No,Fiber optic,No,Yes,No,No,No,Yes,Month-to-month,No,Mailed check,86.8,251.89,No
5911-HFVTB,Male,1,Yes,Yes,43,Yes,No,Fiber optic,Yes,No,Yes,Yes,No,Yes,Two year,Yes,Electronic check,100.3,4306.82,No
7005-UFFMA,Male,1,Yes,No,69,Yes,Yes,Fiber optic,No,No,No,No,No,No,Month-to-month,No,Electronic check,77.41,5344.0,No
2140-XIVLL,Female,1,No,No,51,Yes,Yes,DSL,Yes,No,No,Yes,No,No,One year,No,Credit card (automatic),63.73,3246.28,No
6209-DSPZL,Male,0,Yes,Yes,5,Yes,No,No,No internet service,No internet service,No internet service,No internet service,No internet service,No internet service,Two year,Yes,Credit card (automatic),28.31,131.06,No
5735-DIGJM,Male,0,Yes,No,1,Yes,Yes,DSL,Yes,No,No,No,No,No,Two year,Yes,Credit card (automatic),56.03,48.09,No
7471-TJJHT,Male,0,No,No,11,Yes,No,No,No internet service,No internet service,No internet service,No internet service,No internet service,No internet service,Two year,Yes,Electronic check,20.36,225.88,No
5270-AOXQM,Female,0,No,No,10,Yes,No,Fiber optic,No,No,Yes,Yes,Yes,Yes,Month-to-month,No,Mailed check,101.4,1015.05,No
1034-WSXEC,Female,0,Yes,Yes,12,Yes,Yes,Fiber optic,No,No,No,No,No,No,Two year,Yes,Bank transfer (automatic),82.0,980.4,No
4380-EXIFP,Male,0,Yes,Yes,38,Yes,No,DSL,No,No,Yes,Yes,No,Yes,One year,No,Electronic check,67.87,2563.85,No
3153-PCRKS,Female,0,Yes,No,0,Yes,Yes,Fiber optic,No,Yes,Yes,No,No,Yes,Two year,Yes,Mailed check,85.61, ,No
9056-WOKYV,Male,0,No,No,26,Yes,No,DSL,No,No,Yes,Yes,No,Yes,Two year,No,Electronic check,65.73,1721.3,No
3871-JICWI,Male,0,No,No,72,Yes,No,Fiber optic,No,No,Yes,No,No,Yes,Month-to-month,Yes,Bank transfer (automatic),86.81,6264.18,No
3970-MZHFH,Male,0,Yes,No,12,Yes,No,DSL,Yes,No,No,No,Yes,No,Month-to-month,No,Bank transfer (automatic),64.83,773.68,No
9791-XLADW,Male,1,Yes,Yes,15,Yes,Yes,DSL,Yes,Yes,Yes,No,Yes,Yes,One year,No,Electronic check,84.16,1263.3,No
6626-QSSVE,Female,1,Yes,Yes,23,Yes,Yes,Fiber optic,No,No,Yes,No,Yes,Yes,Two year,Yes,Mailed check,93.52,2134.99,No
3811-KGCKQ,Male,0,Yes,No,8,Yes,No,DSL,No,Yes,Yes,Yes,No,No,Two year,Yes,Mailed check,61.93,492.06,No
2386-OSHPU,Female,1,Yes,No,30,Yes,No,Fiber optic,Yes,No,Yes,No,No,No,Two year,No,Bank transfer (automatic),79.2,2376.7,No
4842-XFCEA,Female,0,No,No,5,Yes,No,DSL,Yes,No,No,No,No,No,Month-to-month,No,Bank transfer (automatic),64.17,304.24,Yes
2685-NLMNY,Male,0,Yes,No,1,No,No phone service,DSL,No,No,No,Yes,No,Yes,One year,No,Electronic check,60.64,73.41,No
3422-MXFUO,Male,1,No,No,38,Yes,Yes,Fiber optic,No,No,No,Yes,No,Yes,Month-to-month,No,Electronic check,90.09,3420.59,Yes
9827-VWPIH,Male,0,No,No,4,Yes,Yes,DSL,Yes,No,Yes,No,Yes,Yes,Two year,No,Credit card (automatic),73.25,300.96,No
6390-GXQPX,Male,1,Yes,Yes,31,Yes,No,No,No internet service,No internet service,No internet service,No internet service,No internet service,No internet service,Month-to-month,No,Credit card (automatic),29.72,935.35,Yes
9618-GKBBF,Female,0,No,No,49,Yes,No,DSL,No,No,Yes,Yes,No,No,Two year,No,Bank transfer (automatic),59.39,2935.83,No
5254-XWTPN,Female,0,Yes,No,1,Yes,Yes,DSL,No,No,No,Yes,Yes,Yes,Two year,Yes,Mailed check,65.03,68.32,No
2041-YDCHD,Female,0,Yes,Yes,29,Yes,Yes,Fiber optic,No,No,No,No,No,Yes,Month-to-month,Yes,Electronic check,86.45,2502.83,No
2302-OMNNE,Female,0,Yes,No,24,Yes,No,No,No internet service,No internet service,No internet service,No internet service,No internet service,No internet service,Month-to-month,Yes,Bank transfer (automatic),30.8,742.52,No
3564-VMDRF,Male,0,Yes,No,23,Yes,Yes,Fiber optic,No,No,No,Yes,Yes,No,Month-to-month,No,Bank transfer (automatic),85.18,1951.63,No
6404-ECTCC,Male,0,Yes,No,8,Yes,No,No,No internet service,No internet service,No internet service,No internet service,No internet service,No internet service,Month-to-month,Yes,Credit card (automatic),20.86,163.5,No
6587-BTZRJ,Female,0,No,No,1,Yes,No,No,No internet service,No internet service,No internet service,No internet service,No internet service,No internet service,Month-to-month,No,Credit card (automatic),23.1,6.54,No
1244-GTZVN,Female,0,No,No,2,Yes,No,DSL,Yes,No,No,No,Yes,Yes,Month-to-month,Yes,Electronic check,66.54,145.69,No
6971-PFQFV,Female,0,No,Yes,7,Yes,Yes,Fiber optic,No,Yes,No,No,No,Yes,Month-to-month,No,Credit card (automatic),80.99,563.88,No
8505-JJIVO,Male,0,No,No,12,Yes,Yes,Fiber optic,Yes,No,Yes,No,Yes,Yes,Month-to-month,No,Electronic check,98.16,1181.28,Yes
3204-GRBBZ,Male,0,No,No,60,Yes,Yes,DSL,Yes,No,No,No,No,No,Month-to-month,Yes,Bank transfer (automatic),54.28,3246.91,Yes
1984-STAQT,Female,0,No,No,27,Yes,No,DSL,No,Yes,No,No,No,No,One year,No,Electronic check,54.6,1485.84,No
6713-HMDSC,Male,0,Yes,Yes,0,Yes,No,Fiber optic,No,No,No,No,Yes,Yes,Month-to-month,Yes,Mailed check,96.56, ,No
4045-FVFXH,Female,0,No,No,60,No,No phone service,DSL,Yes,Yes,No,Yes,No,Yes,Month-to-month,No,Electronic check,63.09,3780.98,No
1376-QJXES,Female,0,Yes,No,30,Yes,No,Fiber optic,No,No,No,No,Yes,Yes,Month-to-month,Yes,Electronic check,88.44,2651.79,No
3794-JCVXJ,Male,1,No,Yes,16,Yes,No,Fiber optic,No,Yes,Yes,Yes,No,Yes,Month-to-month,Yes,Electronic check,101.23,1628.7,No
2051-IEUQF,Male,0,Yes,No,14,Yes,Yes,No,No internet service,No internet service,No internet service,No internet service,No internet service,No internet service,One year,Yes,Bank transfer (automatic),27.61,380.53,No
7762-EGGDU,Female,0,Yes,Yes,64,Yes,No,DSL,Yes,Yes,Yes,No,No,No,Month-to-month,Yes,Bank transfer (automatic),68.66,4385.22,No
5841-XRANF,Male,0,Yes,No,19,Yes,No,Fiber optic,Yes,No,No,No,Yes,Yes,Two year,No,Bank transfer (automatic),95.02,1810.97,No
2171-ZCPPG,Male,0,No,No,16,Yes,No,No,No internet service,No internet service,No internet service,No internet service,No internet service,No internet service,One year,No,Bank transfer (automatic),19.36,310.13,No
3343-DLLJL,Male,0,No,Yes,35,Yes,Yes,Fiber optic,No,No,No,Yes,Yes,No,Month-to-month,Yes,Mailed check,87.11,3053.77,No
3602-OFKBX,Male,0,No,No,21,Yes,Yes,No,No internet service,No internet service,No internet service,No internet service,No internet service,No internet service,Month-to-month,No,Bank transfer (automatic),25.37,540.11,No
9277-IKPMM,Male,0,Yes,No,6,Yes,Yes,DSL,Yes,Yes,No,No,No,Yes,One year,Yes,Mailed check,62.89,382.38,No
9821-RUYAT,Male,0,No,No,72,Yes,Yes,Fiber optic,No,No,No,No,Yes,Yes,Two year,No,Mailed check,93.72,6740.48,No
4613-SQAAQ,Female,0,Yes,No,7,Yes,No,DSL,No,No,No,No,No,No,One year,No,Electronic check,47.36,323.71,No
3588-BKUBT,Female,0,No,No,27,Yes,Yes,No,No internet service,No internet service,No internet service,No internet service,No internet service,No internet service,Month-to-month,Yes,Bank transfer (automatic),26.56,729.49,No
1833-PTITU,Female,0,No,No,16,Yes,No,No,No internet service,No internet service,No internet service,No internet service,No internet service,No internet service,Two year,Yes,Electronic check,28.13,444.3,No
2347-XMOTB,Female,0,Yes,No,3,Yes,No,DSL,No,Yes,No,No,Yes,No,Two year,Yes,Mailed check,66.72,218.86,No
1403-RYXIT,Male,0,Yes,Yes,72,Yes,No,Fiber optic,Yes,No,No,No,Yes,Yes,Month-to-month,Yes,Bank transfer (automatic),92.48,6657.49,Yes
5288-CWQKX,Female,1,Yes,No,9,Yes,No,DSL,No,Yes,Yes,No,No,Yes,Two year,No,Mailed check,68.72,637.38,No
9116-LKMOY,Male,0,No,Yes,25,Yes,Yes,No,No internet service,No internet service,No internet service,No internet service,No internet service,No internet service,One year,No,Electronic check,22.61,578.69,No
4571-YQLST,Female,1,No,No,32,Yes,No,No,No internet service,No internet service,No internet service,No internet service,No internet service,No internet service,Month-to-month,Yes,Bank transfer (automatic),25.81,832.45,No
1592-VMPTT,Female,0,Yes,No,12,Yes,No,No,No internet service,No internet service,No internet service,No internet service,No internet service,No internet service,One year,Yes,Credit card (automatic),28.57,347.32,No
1496-EIVXD,Male,0,Yes,No,7,Yes,Yes,Fiber optic,No,No,No,No,No,No,Month-to-month,No,Mailed check,76.12,546.71,No
8016-PGNNG,Male,1,Yes,Yes,1,Yes,Yes,DSL,No,No,No,No,Yes,Yes,One year,Yes,Mailed check,69.27,83.85,No
9559-RFGSH,Female,0,Yes,No,72,Yes,Yes,Fiber optic,No,No,No,No,No,No,One year,Yes,Mailed check,73.81,5331.27,No
2728-QZSVG,Male,0,No,No,20,Yes,No,No,No internet service,No internet service,No internet service,No internet service,No internet service,No internet service,Month-to-month,No,Bank transfer (automatic),32.26,646.61,No
3173-FUFAJ,Male,0,No,Yes,30,Yes,No,DSL,No,No,Yes,Yes,Yes,Yes,Two year,No,Mailed check,73.5,2210.93,No
9839-GIAZY,Male,0,Yes,No,15,Yes,No,DSL,No,No,No,No,Yes,Yes,Month-to-month,Yes,Bank transfer (automatic),66.71,980.82,No
6873-FKETD,Male,0,Yes,No,6,Yes,No,Fiber optic,Yes,No,Yes,Yes,Yes,Yes,Month-to-month,No,Electronic check,112.97,681.47,No
4847-JCMQE,Female,1,No,No,72,Yes,No,Fiber optic,No,No,No,Yes,No,No,Month-to-month,Yes,Mailed check,80.53,5798.41,No
4964-DRNXK,Male,0,Yes,No,72,Yes,No,Fiber optic,No,No,No,No,No,No,One year,Yes,Electronic check,77.24,5557.29,No
5188-ZIMZQ,Female,0,No,No,47,Yes,No,Fiber optic,Yes,Yes,Yes,Yes,No,Yes,One year,Yes,Electronic check,101.86,4799.33,No
4329-FZGBX,Female,0,No,No,59,No,No phone service,Fiber optic,No,No,Yes,No,No,No,Two year,Yes,Mailed check,73.1,4306.03,No
2260-JPIHY,Female,0,Yes,No,20,Yes,No,No,No internet service,No internet service,No internet service,No internet service,No internet service,No internet service,Month-to-month,Yes,Credit card (automatic),31.08,621.14,No
5270-VGVWS,Female,1,Yes,No,11,Yes,Yes,Fiber optic,Yes,Yes,No,Yes,No,Yes,Month-to-month,No,Mailed check,104.69,1156.56,Yes
3312-SBGVS,Female,0,No,No,10,Yes,No,Fiber optic,No,Yes,No,Yes,No,No,Month-to-month,No,Mailed check,82.63,824.53,No
2350-FANAY,Female,0,No,Yes,65,Yes,Yes,DSL,No,No,No,Yes,No,Yes,Month-to-month,Yes,Bank transfer (automatic),71.25,4633.18,Yes
8323-RQBHU,Female,0,Yes,No,72,Yes,No,DSL,No,No,Yes,No,Yes,Yes,Two year,Yes,Credit card (automatic),78.5,5651.23,No
7486-WBPDB,Male,0,Yes,Yes,13,Yes,Yes,No,No internet service,No internet service,No internet service,No internet service,No internet service,No internet service,Month-to-month,Yes,Mailed check,29.57,358.11,Yes
8664-BVNTG,Female,1,Yes,No,22,No,No phone service,No,No internet service,No internet service,No internet service,No internet service,No internet service,No internet service,Month-to-month,No,Mailed check,18.25,406.75,No
2009-MLBLF,Male,0,Yes,Yes,39,Yes,No,Fiber optic,No,No,No,Yes,No,Yes,Month-to-month,Yes,Credit card (automatic),83.64,3238.42,No
3272-UAOPV,Male,0,Yes,No,29,Yes,No,DSL,Yes,Yes,No,No,Yes,No,One year,Yes,Mailed check,70.08,2036.92,No
2542-VNYSX,Female,0,No,No,48,Yes,No,DSL,No,Yes,No,Yes,No,No,Two year,No,Credit card (automatic),49.1,2367.2,No
1282-WMULA,Female,0,No,Yes,22,Yes,Yes,No,No internet service,No internet service,No internet service,No internet service,No internet service,No internet service,One year,No,Mailed check,20.41,455.3,No
2882-LDOYP,Female,0,No,No,20,Yes,Yes,Fiber optic,Yes,No,Yes,No,Yes,No,Two year,Yes,Electronic check,93.19,1871.97,No
4790-HSORK,Male,0,Yes,No,11,Yes,No,DSL,Yes,Yes,No,Yes,No,No,Month-to-month,No,Credit card (automatic),68.61,774.41,No
3592-IWLBK,Male,0,Yes,Yes,1,Yes,No,DSL,Yes,No,Yes,Yes,No,No,One year,Yes,Bank transfer (automatic),66.97,83.69,No
5749-BOUWU,Male,0,No,No,1,Yes,Yes,DSL,Yes,No,No,No,Yes,Yes,Month-to-month,No,Credit card (automatic),65.2,59.67,No
9497-NULJN,Female,1,No,No,3,Yes,No,DSL,No,No,No,Yes,Yes,No,Month-to-month,No,Electronic check,57.7,174.31,Yes
4957-OEBVF,Male,0,No,No,1,No,No phone service,No,No internet service,No internet service,No internet service,No internet service,No internet service,No internet service,One year,No,Bank transfer (automatic),18.61,19.54,No
8531-BDGPA,Female,0,No,No,18,Yes,No,No,No internet service,No internet service,No internet service,No internet service,No internet service,No internet service,Month-to-month,Yes,Bank transfer (automatic),21.09,382.31,No
3346-LKFWL,Male,0,Yes,Yes,12,Yes,Yes,DSL,No,No,No,Yes,No,Yes,One year,No,Mailed check,61.69,746.69,Yes
5852-LJHTS,Female,0,No,No,0,Yes,No,DSL,Yes,No,Yes,No,No,No,Two year,No,Electronic check,67.12, ,Yes
7918-NDAHE,Female,0,No,Yes,0,Yes,No,Fiber optic,No,No,Yes,Yes,Yes,Yes,Two year,Yes,Mailed check,101.84, ,No
5668-HHUXG,Female,0,Yes,No,17,Yes,Yes,Fiber optic,Yes,No,No,No,No,No,Month-to-month,No,Bank transfer (automatic),88.23,1507.79,Yes
5003-WTFLR,Male,0,No,Yes,19,Yes,No,DSL,No,No,No,Yes,Yes,No,Month-to-month,Yes,Bank transfer (automatic),69.71,1321.41,No
4659-RCJGC,Male,1,No,No,0,Yes,No,No,No internet service,No internet service,No internet service,No internet service,No internet service,No internet service,One year,Yes,Electronic check,19.13, ,Yes
3683-SMDJF,Male,0,No,No,26,Yes,Yes,No,No internet service,No internet service,No internet service,No internet service,No internet service,No internet service,Two year,Yes,Mailed check,24.87,657.76,No
6600-FHOHV,Male,0,No,Yes,3,Yes,Yes,DSL,No,No,No,Yes,Yes,No,Month-to-month,No,Mailed check,64.35,194.6,No
2057-GHJMV,Male,0,Yes,Yes,16,Yes,Yes,Fiber optic,No,Yes,Yes,No,No,Yes,Two year,Yes,Bank transfer (automatic),92.18,1487.88,No
8283-AIJTB,Female,1,No,No,4,No,No phone service,Fiber optic,No,Yes,Yes,No,No,No,One year,Yes,Electronic check,78.93,315.19,No
4699-KERGC,Female,0,No,No,0,Yes,No,DSL,Yes,No,Yes,No,Yes,No,Month-to-month,Yes,Bank transfer (automatic),65.12, ,No
4549-POHTE,Female,0,No,No,5,Yes,No,Fiber optic,No,No,No,No,No,Yes,Month-to-month,Yes,Bank transfer (automatic),87.54,437.7,Yes
6378-EIPNR,Female,0,Yes,No,14,Yes,No,Fiber optic,Yes,No,No,No,No,Yes,Two year,No,Bank transfer (automatic),91.88,1278.47,No
3278-OZHCK,Male,0,No,No,32,No,No phone service,Fiber optic,No,No,No,No,Yes,Yes,Month-to-month,Yes,Credit card (automatic),87.68,2808.04,Yes
1924-ZROJY,Male,1,No,No,7,Yes,No,DSL,Yes,Yes,Yes,No,Yes,Yes,Month-to-month,No,Mailed check,83.26,585.59,Yes
5578-OYWFK,Female,0,No,No,27,Yes,No,Fiber optic,No,No,No,No,Yes,No,Two year,No,Electronic check,72.82,1971.67,No
2723-KSWCM,Female,0,Yes,No,47,Yes,No,Fiber optic,Yes,No,No,Yes,Yes,Yes,Month-to-month,No,Electronic check,91.89,4326.73,No
4898-VHUKK,Male,0,No,No,7,No,No phone service,Fiber optic,No,No,No,Yes,No,No,Two year,Yes,Bank transfer (automatic),83.51,562.26,No
1677-XJSLN,Male,0,No,Yes,17,Yes,Yes,No,No internet service,No internet service,No internet service,No internet service,No internet service,No internet service,One year,Yes,Electronic check,26.86,450.47,No
9986-UYZJC,Female,0,No,Yes,12,Yes,No,Fiber optic,Yes,No,No,No,No,No,One year,Yes,Bank transfer (automatic),82.61,1001.98,No
4866-RMXNN,Female,0,Yes,Yes,0,Yes,Yes,No,No internet service,No internet service,No internet service,No internet service,No internet service,No internet service,Two year,No,Electronic check,18.43, ,No
7315-YDPSJ,Male,0,Yes,No,11,Yes,Yes,No,No internet service,No internet service,No internet service,No internet service,No internet service,No internet service,Two year,No,Electronic check,18.25,193.02,No
4951-EPAEM,Male,1,No,No,11,No,No phone service,Fiber optic,Yes,Yes,No,No,No,Yes,Month-to-month,No,Electronic check,90.79,989.42,Yes
8980-CQSEE,Male,0,Yes,Yes,23,No,No phone service,Fiber optic,No,No,Yes,Yes,No,No,Two year,Yes,Credit card (automatic),72.45,1646.11,No
3222-JLXKA,Female,0,No,No,48,Yes,Yes,Fiber optic,Yes,No,Yes,No,No,No,One year,Yes,Electronic check,90.57,4349.31,No
3883-SXTCR,Female,1,Yes,No,26,Yes,Yes,No,No internet service,No internet service,No internet service,No internet service,No internet service,No internet service,Month-to-month,No,Credit card (automatic),27.27,713.07,No
1102-VZUXA,Male,0,No,Yes,10,Yes,Yes,Fiber optic,Yes,No,No,No,Yes,No,Two year,Yes,Credit card (automatic),92.26,913.48,No
8537-BLQUU,Female,0,No,No,14,Yes,Yes,DSL,No,No,Yes,Yes,Yes,Yes,Month-to-month,No,Electronic check,75.24,1054.58,No
5802-LYLFJ,Female,0,Yes,Yes,52,Yes,Yes,DSL,No,No,No,No,No,No,Two year,No,Electronic check,49.55,2575.26,No
5189-VZFNB,Male,0,Yes,No,24,Yes,No,No,No internet service,No internet service,No internet service,No internet service,No internet service,No internet service,One year,No,Mailed check,31.34,736.09,No
7254-ZZHVM,Female,0,No,No,11,Yes,Yes,DSL,No,No,No,Yes,Yes,No,Month-to-month,No,Mailed check,61.53,688.22,No
2150-SJIRG,Female,1,Yes,No,22,Yes,No,No,No internet service,No internet service,No internet service,No internet service,No internet service,No internet service,Month-to-month,Yes,Mailed check,35.34,779.73,No
4915-OVUMF,Female,0,Yes,No,24,Yes,No,No,No internet service,No internet service,No internet service,No internet service,No internet service,No internet service,Month-to-month,Yes,Mailed check,18.83,459.75,Yes
9935-NCPRX,Male,0,No,No,15,Yes,No,Fiber optic,No,No,Yes,No,No,Yes,Month-to-month,Yes,Bank transfer (automatic),88.42,1332.07,No
3192-PUXBT,Male,1,No,No,48,Yes,No,No,No internet service,No internet service,No internet service,No internet service,No internet service,No internet service,Two year,No,Bank transfer (automatic),18.25,883.95,No
9298-GQYSF,Female,0,Yes,No,40,Yes,Yes,DSL,No,No,Yes,No,Yes,No,Two year,Yes,Bank transfer (automatic),63.1,2516.77,No
3857-UDYYA,Female,0,Yes,No,17,Yes,Yes,No,No internet service,No internet service,No internet service,No internet service,No internet service,No internet service,One year,No,Electronic check,30.04,527.17,No
8856-XEVWJ,Female,1,No,Yes,72,Yes,No,Fiber optic,No,No,Yes,No,Yes,No,Month-to-month,Yes,Bank transfer (automatic),89.39,6439.18,No
9166-MGOQW,Female,0,No,No,72,Yes,No,No,No internet service,No internet service,No internet service,No internet service,No internet service,No internet service,One year,Yes,Bank transfer (automatic),27.57,1990.42,No
2321-EXGGV,Male,0,Yes,No,72,Yes,Yes,DSL,No,Yes,Yes,Yes,No,Yes,One year,Yes,Electronic check,76.68,5529.86,No
9886-NWOEE,Female,0,No,No,5,Yes,Yes,DSL,Yes,No,No,Yes,Yes,Yes,Month-to-month,Yes,Bank transfer (automatic),77.64,398.79,No
4027-UZILP,Female,0,Yes,Yes,2,Yes,No,DSL,Yes,No,No,Yes,No,Yes,Two year,Yes,Electronic check,70.32,125.23,No
4285-HILTG,Female,0,No,No,23,Yes,No,Fiber optic,Yes,No,Yes,No,No,Yes,Two year,Yes,Bank transfer (automatic),91.09,2091.34,No
5918-CAGIB,Female,0,No,No,31,Yes,Yes,DSL,No,No,Yes,No,No,Yes,Two year,No,Bank transfer (automatic),66.12,2055.04,No
6375-GJBMC,Male,1,Yes,No,8,Yes,No,DSL,No,Yes,No,No,No,Yes,Month-to-month,No,Electronic check,60.19,501.22,No
2964-JLZCT,Female,0,No,No,18,Yes,Yes,DSL,No,No,No,Yes,No,Yes,Month-to-month,Yes,Credit card (automatic),66.32,1203.15,No
5037-CYBWV,Male,0,No,No,25,Yes,Yes,Fiber optic,Yes,No,Yes,Yes,No,No,Month-to-month,Yes,Credit card (automatic),88.21,2190.46,No
8701-JTQQS,Male,0,No,Yes,14,Yes,No,Fiber optic,No,Yes,Yes,No,Yes,Yes,Two year,Yes,Bank transfer (automatic),103.89,1460.6,No
2047-DKQXJ,Female,0,Yes,No,18,Yes,No,Fiber optic,No,No,No,Yes,Yes,No,Two year,Yes,Mailed check,87.99,1554.79,No
8221-QLJJF,Male,0,No,No,1,Yes,Yes,Fiber optic,No,Yes,Yes,No,Yes,Yes,Month-to-month,Yes,Electronic check,99.89,105.91,Yes
7992-ZZSBD,Male,0,Yes,No,72,Yes,No,No,No internet service,No internet service,No internet service,No internet service,No internet service,No internet service,Two year,No,Bank transfer (automatic),34.15,2448.92,No
5570-UDFNG,Male,0,No,No,11,Yes,No,No,No internet service,No internet service,No internet service,No internet service,No internet service,No internet service,Two year,Yes,Electronic check,22.29,256.1,No
6163-BRXMM,Female,1,No,Yes,5,Yes,No,Fiber optic,Yes,No,No,No,No,No,Month-to-month,No,Mailed check,82.15,400.41,No
4844-GLYNA,Male,0,No,No,15,Yes,Yes,Fiber optic,Yes,No,Yes,No,Yes,Yes,One year,No,Mailed check,99.24,1482.88,No
9151-JZYIJ,Male,0,Yes,No,9,Yes,No,Fiber optic,Yes,No,No,No,Yes,No,Month-to-month,No,Electronic check,88.77,806.1,Yes
2318-PLLZS,Female,0,Yes,No,11,No,No phone service,DSL,No,Yes,No,No,No,No,Two year,No,Bank transfer (automatic),51.7,555.19,No
2324-URZCZ,Male,1,No,No,19,Yes,Yes,Fiber optic,No,No,Yes,No,No,No,Month-to-month,Yes,Credit card (automatic),83.13,1591.35,Yes
9384-CUNDS,Female,1,Yes,No,7,Yes,No,Fiber optic,No,No,No,No,No,No,Two year,Yes,Mailed check,70.57,494.91,No
3437-TIKVO,Female,0,Yes,Yes,26,Yes,No,Fiber optic,No,Yes,Yes,Yes,Yes,Yes,Month-to-month,Yes,Mailed check,104.45,2717.16,Yes
4400-KZJBV,Female,0,No,No,13,Yes,No,Fiber optic,No,Yes,No,Yes,Yes,Yes,Two year,No,Mailed check,110.65,1428.89,No
2837-DBENO,Female,0,Yes,No,2,Yes,Yes,Fiber optic,Yes,Yes,No,No,Yes,No,One year,Yes,Electronic check,87.89,178.51,No
1658-FONHT,Female,0,Yes,No,52,Yes,No,DSL,No,Yes,No,Yes,Yes,Yes,Two year,Yes,Electronic check,77.2,4017.89,No
7859-DUFKW,Male,0,No,Yes,15,Yes,Yes,No,No internet service,No internet service,No internet service,No internet service,No internet service,No internet service,Month-to-month,Yes,Credit card (automatic),34.63,533.42,Yes
1245-GYDZO,Female,1,Yes,No,61,Yes,No,No,No internet service,No internet service,No internet service,No internet service,No internet service,No internet service,Month-to-month,Yes,Credit card (automatic),19.73,1194.04,No
9192-IWTZH,Male,0,Yes,No,11,No,No phone service,Fiber optic,Yes,Yes,Yes,No,No,No,Month-to-month,Yes,Credit card (automatic),82.26,918.53,No
4051-GRAIG,Male,0,No,No,18,No,No phone service,DSL,Yes,No,Yes,No,No,Yes,Month-to-month,No,Electronic check,66.32,1187.88,No
9889-AMTOE,Female,0,No,No,49,No,No phone service,Fiber optic,No,No,No,No,Yes,No,Month-to-month,Yes,Bank transfer (automatic),75.29,3685.63,Yes
3628-NNNEK,Male,0,No,No,14,Yes,Yes,Fiber optic,No,Yes,No,No,No,No,Month-to-month,Yes,Mailed check,80.18,1116.26,Yes
6023-SEDOU,Male,0,No,No,24,Yes,No,No,No internet service,No internet service,No internet service,No internet service,No internet service,No internet service,Month-to-month,Yes,Bank transfer (automatic),32.23,768.65,No
1710-EONXX,Female,0,Yes,No,6,Yes,Yes,DSL,No,No,Yes,Yes,Yes,No,Two year,Yes,Bank transfer (automatic),65.74,400.14,No
3594-ELTNE,Female,0,Yes,No,6,Yes,Yes,Fiber optic,No,Yes,Yes,Yes,No,No,Month-to-month,Yes,Mailed check,86.13,512.65,Yes
5143-GCVYD,Female,1,No,No,18,Yes,Yes,Fiber optic,Yes,No,Yes,No,Yes,Yes,Two year,Yes,Electronic check,105.11,1880.62,No
4605-FCACX,Male,0,No,Yes,22,Yes,Yes,DSL,No,No,No,No,Yes,No,Two year,Yes,Electronic check,62.07,1360.32,Yes
7673-ICRPU,Male,0,No,No,25,Yes,Yes,DSL,No,No,No,Yes,No,Yes,Month-to-month,No,Bank transfer (automatic),56.24,1408.86,No
2024-UZTPL,Male,0,No,No,35,Yes,No,Fiber optic,No,No,No,No,No,Yes,Month-to-month,Yes,Electronic check,78.9,2773.53,Yes
1507-UIUMX,Male,0,No,No,61,Yes,Yes,No,No internet service,No internet service,No internet service,No internet service,No internet service,No internet service,Month-to-month,No,Credit card (automatic),26.63,1617.8,No
5223-LMRSS,Female,1,No,No,6,Yes,No,No,No internet service,No internet service,No internet service,No internet service,No internet service,No internet service,Month-to-month,No,Electronic check,29.29,181.83,Yes
3546-FPGGW,Male,1,No,No,23,Yes,No,Fiber optic,Yes,Yes,No,Yes,No,No,One year,No,Credit card (automatic),87.18,2023.34,No
6723-SPQVS,Male,0,No,Yes,14,Yes,Yes,Fiber optic,No,No,No,Yes,Yes,Yes,Month-to-month,No,Mailed check,97.55,1368.73,No
1540-PSOCO,Female,1,Yes,No,2,No,No phone service,Fiber optic,No,Yes,Yes,Yes,Yes,Yes,Month-to-month,No,Bank transfer (automatic),106.25,205.96,No
1344-PTESJ,Male,0,Yes,Yes,14,Yes,Yes,Fiber optic,Yes,No,Yes,No,No,Yes,Two year,No,Bank transfer (automatic),94.65,1320.73,No
3480-ODOQK,Female,0,No,No,37,Yes,Yes,DSL,No,No,No,No,No,Yes,One year,Yes,Bank transfer (automatic),56.9,2106.74,No
7742-OTUZG,Male,0,No,No,1,Yes,Yes,Fiber optic,No,No,Yes,Yes,No,Yes,Month-to-month,Yes,Electronic check,87.65,85.62,No
6900-VMTTB,Female,1,No,Yes,22,Yes,Yes,DSL,No,No,Yes,No,No,Yes,Two year,Yes,Credit card (automatic),61.91,1371.5,No
4849-RTETS,Male,0,No,Yes,12,No,No phone service,No,No internet service,No internet service,No internet service,No internet service,No internet service,No internet service,Month-to-month,No,Credit card (automatic),21.61,260.98,No
3465-DPUPQ,Female,0,No,Yes,25,Yes,No,No,No internet service,No internet service,No internet service,No internet service,No internet service,No internet service,One year,Yes,Credit card (automatic),18.73,460.55,No
8948-AVETA,Male,0,No,No,41,Yes,No,Fiber optic,No,No,No,No,Yes,Yes,Month-to-month,No,Mailed check,87.65,3588.3,Yes
9093-WODSP,Male,0,No,Yes,18,Yes,No,DSL,No,No,Yes,No,Yes,No,One year,Yes,Bank transfer (automatic),78.37,1414.13,No
3486-RZQKT,Female,1,Yes,No,8,Yes,No,Fiber optic,Yes,Yes,No,No,No,Yes,One year,No,Mailed check,84.7,662.88,No
6292-XVIQQ,Female,0,No,No,2,Yes,Yes,No,No internet service,No internet service,No internet service,No internet service,No internet service,No internet service,Month-to-month,No,Electronic check,24.38,42.19,No
5890-EVHCF,Female,0,Yes,Yes,8,Yes,No,No,No internet service,No internet service,No internet service,No internet service,No internet service,No internet service,One year,No,Electronic check,27.37,220.4,No
4039-HLDBY,Male,0,No,No,10,Yes,No,No,No internet service,No internet service,No internet service,No internet service,No internet service,No internet service,Month-to-month,No,Electronic check,29.43,299.48,No
9447-MXOVS,Female,0,No,No,24,Yes,No,Fiber optic,No,Yes,No,Yes,Yes,No,One year,No,Electronic check,96.56,2311.58,Yes
1689-MTTAY,Female,0,No,Yes,11,Yes,Yes,No,No internet service,No internet service,No internet service,No internet service,No internet service,No internet service,Month-to-month,Yes,Electronic check,23.26,266.38,No
1825-HWFCT,Male,0,No,No,12,Yes,Yes,DSL,No,Yes,Yes,Yes,Yes,Yes,Two year,No,Mailed check,85.36,1019.82,No
6647-BWBOJ,Female,0,No,No,8,Yes,Yes,DSL,Yes,Yes,No,Yes,Yes,No,Month-to-month,No,Mailed check,72.85,591.26,No
1533-TOXAY,Female,0,Yes,No,10,Yes,No,Fiber optic,No,No,No,No,Yes,Yes,Month-to-month,Yes,Electronic check,91.45,906.02,No
2237-PRXEU,Female,0,No,Yes,7,Yes,No,DSL,No,No,Yes,Yes,Yes,No,Two year,Yes,Credit card (automatic),63.42,437.0,No
5836-WWJWL,Male,0,No,Yes,31,Yes,No,DSL,Yes,Yes,Yes,No,Yes,No,Month-to-month,No,Bank transfer (automatic),78.0,2421.8,No
9841-BXAPR,Male,0,No,No,72,No,No phone service,Fiber optic,Yes,Yes,Yes,No,No,Yes,Two year,No,Electronic check,96.17,6907.08,No
7298-GDJJY,Male,0,Yes,Yes,31,No,No phone service,Fiber optic,No,No,No,No,No,Yes,Two year,No,Bank transfer (automatic),78.07,2409.81,No
6378-NMSYJ,Female,0,No,Yes,1,Yes,Yes,DSL,Yes,Yes,No,No,Yes,Yes,Month-to-month,Yes,Bank transfer (automatic),81.06,73.11,No
3267-HQFGN,Male,0,Yes,No,24,Yes,No,Fiber optic,Yes,No,Yes,Yes,No,No,Month-to-month,No,Electronic check,87.73,2109.69,No
4834-HLRNA,Male,0,No,No,29,Yes,Yes,No,No internet service,No internet service,No internet service,No internet service,No internet service,No internet service,Two year,Yes,Electronic check,21.91,634.97,No
4907-QRSDF,Male,0,Yes,No,36,Yes,Yes,DSL,No,Yes,No,Yes,No,No,Two year,Yes,Electronic check,52.28,1876.24,No
7168-OTAEP,Female,0,No,No,34,Yes,No,No,No internet service,No internet service,No internet service,No internet service,No internet service,No internet service,Month-to-month,Yes,Bank transfer (automatic),20.41,675.8,No
8092-YFUJJ,Male,0,No,Yes,17,Yes,Yes,Fiber optic,No,No,No,No,Yes,No,One year,Yes,Credit card (automatic),79.49,1342.93,Yes
9260-HAEAG,Male,0,Yes,No,7,Yes,No,Fiber optic,No,Yes,No,Yes,No,Yes,Two year,No,Mailed check,86.7,627.99,No
9377-XNWIH,Male,0,No,No,3,Yes,No,DSL,No,Yes,No,Yes,Yes,Yes,Month-to-month,Yes,Credit card (automatic),73.38,231.51,No
7719-HCZTD,Male,1,No,Yes,0,Yes,No,DSL,No,No,Yes,Yes,Yes,No,One year,Yes,Credit card (automatic),67.04, ,No
1560-FBINA,Female,0,Yes,Yes,0,No,No phone service,Fiber optic,No,No,Yes,No,No,Yes,One year,Yes,Bank transfer (automatic),87.34, ,No
5953-FASPZ,Male,1,No,No,66,Yes,No,DSL,Yes,No,Yes,Yes,Yes,Yes,One year,No,Mailed check,89.78,5909.06,No
3588-KIUFB,Male,0,No,No,22,Yes,No,DSL,No,Yes,Yes,Yes,Yes,No,Month-to-month,No,Bank transfer (automatic),72.71,1619.82,No
5309-PHHNA,Male,0,No,No,20,Yes,Yes,No,No internet service,No internet service,No internet service,No internet service,No internet service,No internet service,Month-to-month,Yes,Credit card (automatic),27.18,539.84,No
2249-OXRDR,Female,0,No,No,11,Yes,Yes,DSL,No,Yes,No,No,No,Yes,Month-to-month,Yes,Credit card (automatic),65.75,727.55,No
8702-EPMIE,Female,0,Yes,No,38,Yes,Yes,Fiber optic,Yes,No,No,Yes,No,No,Month-to-month,No,Bank transfer (automatic),83.83,3187.09,No
2466-HRCFK,Male,1,No,Yes,5,Yes,No,Fiber optic,No,No,Yes,Yes,No,Yes,Month-to-month,No,Mailed check,93.29,465.35,No
2709-ZXSGX,Female,0,No,No,32,Yes,Yes,DSL,No,No,No,No,Yes,Yes,Month-to-month,Yes,Mailed check,65.38,2100.28,Yes
7025-OFTFP,Male,0,No,Yes,10,Yes,No,Fiber optic,No,No,Yes,Yes,Yes,No,Month-to-month,Yes,Electronic check,96.11,955.89,Yes
2713-EPGSE,Female,1,Yes,No,29,Yes,No,Fiber optic,Yes,No,No,No,No,Yes,Month-to-month,No,Electronic check,93.59,2708.2,Yes
1595-KWRGR,Female,0,No,Yes,29,Yes,Yes,Fiber optic,Yes,No,No,Yes,Yes,Yes,Month-to-month,No,Electronic check,89.85,2601.58,No
3626-EWMPV,Male,0,No,No,9,Yes,No,Fiber optic,No,No,No,Yes,No,No,Two year,No,Credit card (automatic),93.25,840.17,No
8179-GVMAO,Female,0,Yes,No,65,Yes,No,DSL,Yes,No,No,No,Yes,Yes,Two year,Yes,Electronic check,72.82,4736.77,No
2643-QWTEQ,Female,0,Yes,No,17,Yes,Yes,Fiber optic,No,Yes,Yes,No,Yes,No,Month-to-month,Yes,Electronic check,83.55,1401.7,Yes
4411-SADCH,Male,0,No,No,7,Yes,Yes,DSL,Yes,No,No,Yes,Yes,Yes,Month-to-month,No,Mailed check,75.92,528.43,Yes
3440-AWKGV,Male,0,No,No,26,Yes,No,Fiber optic,Yes,Yes,No,No,No,No,Two year,Yes,Electronic check,85.99,2234.01,No
9796-YNCKQ,Female,0,Yes,Yes,33,Yes,No,No,No internet service,No internet service,No internet service,No internet service,No internet service,No internet service,One year,Yes,Credit card (automatic),21.74,709.27,No
3078-RSRFO,Female,0,No,No,72,Yes,No,DSL,No,No,No,No,No,No,One year,No,Credit card (automatic),52.21,3754.02,No
4300-EGVLH,Female,0,No,Yes,1,No,No phone service,Fiber optic,No,No,Yes,Yes,No,No,One year,Yes,Bank transfer (automatic),73.57,75.37,No
9475-RQWKO,Female,0,Yes,Yes,18,Yes,Yes,Fiber optic,No,Yes,No,No,No,No,Month-to-month,No,Credit card (automatic),74.65,1325.57,No
6363-YFLWG,Male,0,No,Yes,16,Yes,No,DSL,No,Yes,No,Yes,Yes,No,Two year,Yes,Electronic check,75.21,1209.65,No
2639-DCCJX,Female,0,No,No,8,No,No phone service,DSL,No,No,Yes,No,No,No,Two year,Yes,Mailed check,43.79,356.21,No
5955-OMSHR,Male,0,No,No,35,Yes,No,No,No internet service,No internet service,No internet service,No internet service,No internet service,No internet service,Month-to-month,Yes,Credit card (automatic),26.75,943.74,No
4796-GEYSY,Male,0,Yes,No,5,Yes,Yes,Fiber optic,No,Yes,Yes,No,No,No,One year,No,Electronic check,85.52,418.85,Yes
5306-DVZXG,Male,0,Yes,No,9,Yes,Yes,Fiber optic,Yes,No,No,No,No,No,Month-to-month,No,Credit card (automatic),77.56,679.15,Yes
1951-VFNVS,Female,0,No,No,34,Yes,No,No,No internet service,No internet service,No internet service,No internet service,No internet service,No internet service,One year,Yes,Electronic check,21.04,729.48,No
4805-ZTKVG,Female,0,No,No,15,Yes,Yes,Fiber optic,No,No,No,No,Yes,No,Month-to-month,Yes,Bank transfer (automatic),85.22,1272.01,Yes
7594-TVQKO,Male,0,Yes,Yes,3,No,No phone service,No,No internet service,No internet service,No internet service,No internet service,No internet service,No internet service,Month-to-month,Yes,Bank transfer (automatic),25.65,74.17,No
6755-LMZKK,Male,0,No,No,53,Yes,No,Fiber optic,No,Yes,Yes,Yes,No,No,One year,No,Bank transfer (automatic),100.66,5313.59,No
5473-IKYDB,Male,0,No,No,31,Yes,No,DSL,No,Yes,No,No,Yes,No,Two year,Yes,Electronic check,66.92,2090.27,No
9764-DNEQL,Male,0,No,Yes,19,Yes,Yes,Fiber optic,No,Yes,No,No,No,Yes,Month-to-month,Yes,Credit card (automatic),91.46,1741.09,No
3233-FLOWS,Male,0,No,No,22,Yes,Yes,DSL,No,No,Yes,No,No,Yes,Two year,No,Electronic check,68.9,1502.54,No
5041-BLLZG,Female,0,Yes,Yes,23,Yes,No,Fiber optic,No,No,Yes,No,Yes,No,Month-to-month,No,Mailed check,75.62,1748.88,Yes
6535-ARCTE,Female,0,No,No,16,Yes,Yes,No,No internet service,No internet service,No internet service,No internet service,No internet service,No internet service,One year,No,Electronic check,24.1,383.86,No
1991-TOJSA,Female,0,No,No,32,No,No phone service,Fiber optic,No,Yes,Yes,No,No,Yes,Two year,Yes,Mailed check,87.66,2811.06,No
9894-GZVRB,Female,0,Yes,No,30,Yes,No,Fiber optic,No,Yes,No,No,No,No,Month-to-month,No,Mailed check,81.65,2458.7,No
9754-XXJOJ,Male,0,Yes,Yes,0,Yes,Yes,No,No internet service,No internet service,No internet service,No internet service,No internet service,No internet service,Month-to-month,Yes,Electronic check,20.24, ,No
1793-JLHWN,Male,0,Yes,No,2,Yes,Yes,DSL,Yes,Yes,No,No,No,Yes,Month-to-month,No,Bank transfer (automatic),71.78,152.25,No
2569-QFHAC,Female,0,No,Yes,0,Yes,No,No,No internet service,No internet service,No internet service,No internet service,No internet service,No internet service,One year,Yes,Electronic check,18.25, ,No
5176-ZYGNX,Male,0,No,Yes,4,Yes,No,Fiber optic,No,Yes,Yes,No,No,No,Two year,No,Mailed check,85.77,327.86,Yes
8906-ZRVET,Male,0,No,No,1,Yes,Yes,Fiber optic,No,No,No,No,No,No,One year,No,Credit card (automatic),69.73,89.58,No
1814-FCRYX,Male,0,Yes,No,5,Yes,No,Fiber optic,No,No,No,No,No,No,Two year,Yes,Mailed check,75.35,380.94,No
9989-TVCHS,Female,0,No,Yes,18,Yes,No,DSL,No,No,Yes,Yes,Yes,No,Month-to-month,Yes,Credit card (automatic),65.88,1195.86,No
6041-OWNPC,Female,0,No,Yes,26,Yes,Yes,Fiber optic,Yes,No,No,Yes,Yes,No,Month-to-month,No,Mailed check,86.97,2271.28,No
4406-SHBYQ,Female,0,No,No,60,No,No phone service,Fiber optic,Yes,Yes,No,Yes,Yes,No,Month-to-month,Yes,Credit card (automatic),88.86,5328.86,No
1554-RMNLO,Female,0,Yes,No,32,Yes,Yes,DSL,No,No,No,No,No,Yes,One year,Yes,Electronic check,64.9,2079.48,No
2366-UHBHW,Female,0,Yes,No,0,Yes,No,DSL,No,No,No,No,No,Yes,Month-to-month,Yes,Credit card (automatic),61.26, ,No
8419-EBJWJ,Female,0,Yes,Yes,15,Yes,Yes,Fiber optic,No,Yes,Yes,Yes,Yes,Yes,Two year,No,Bank transfer (automatic),109.19,1627.06,Yes
4271-FYORU,Male,0,Yes,No,27,No,No phone service,Fiber optic,Yes,Yes,Yes,Yes,Yes,No,Month-to-month,Yes,Bank transfer (automatic),99.47,2668.44,No
4334-WTQSB,Female,0,Yes,No,9,Yes,Yes,Fiber optic,Yes,No,No,No,Yes,No,Month-to-month,Yes,Electronic check,87.14,779.16,Yes
9892-LSELQ,Male,0,No,No,11,No,No phone service,Fiber optic,No,Yes,Yes,Yes,No,No,Month-to-month,No,Bank transfer (automatic),82.4,901.29,Yes
1801-DFIZV,Female,1,Yes,Yes,38,Yes,Yes,DSL,No,No,No,Yes,No,No,One year,Yes,Bank transfer (automatic),55.28,2092.52,No
4337-KBXUY,Female,0,No,No,1,No,No phone service,No,No internet service,No internet service,No internet service,No internet service,No internet service,No internet service,One year,Yes,Electronic check,23.36,23.72,No
6982-ZITQI,Male,0,Yes,No,18,Yes,No,Fiber optic,Yes,Yes,No,No,No,Yes,One year,No,Credit card (automatic),98.06,1764.1,No
5856-HEEZF,Female,0,No,Yes,39,Yes,Yes,No,No internet service,No internet service,No internet service,No internet service,No internet service,No internet service,Two year,No,Mailed check,18.25,722.74,No
1079-AIUGK,Male,0,No,Yes,38,Yes,No,Fiber optic,Yes,Yes,Yes,No,No,Yes,Two year,Yes,Electronic check,97.04,3689.58,No
1959-OXESF,Female,0,Yes,No,3,Yes,No,Fiber optic,Yes,No,No,Yes,Yes,Yes,Month-to-month,No,Mailed check,98.86,288.76,No
3168-NKDJB,Male,1,Yes,No,44,Yes,No,DSL,Yes,No,No,Yes,No,Yes,Month-to-month,Yes,Electronic check,68.18,3000.97,No
3040-DTJAN,Female,0,Yes,No,1,Yes,No,No,No internet service,No internet service,No internet service,No internet service,No internet service,No internet service,Month-to-month,No,Electronic check,25.4,35.93,Yes
6649-LSWLY,Male,0,No,No,61,Yes,Yes,No,No internet service,No internet service,No internet service,No internet service,No internet service,No internet service,Month-to-month,Yes,Credit card (automatic),23.53,1458.33,Yes
8483-EDMRL,Female,1,No,No,5,Yes,Yes,Fiber optic,No,No,No,No,No,Yes,Two year,No,Bank transfer (automatic),86.83,435.98,No
2263-WFGXI,Male,1,No,No,2,Yes,No,No,No internet service,No internet service,No internet service,No internet service,No internet service,No internet service,Month-to-month,Yes,Electronic check,27.11,66.05,No
3340-UDKSG,Female,1,Yes,No,1,Yes,No,DSL,Yes,No,Yes,No,Yes,Yes,One year,Yes,Bank transfer (automatic),71.94,67.49,No
6334-RYYIM,Female,0,No,No,10,Yes,Yes,Fiber optic,No,Yes,No,No,Yes,Yes,One year,Yes,Credit card (automatic),102.32,1031.77,Yes
4345-ZUUVX,Female,0,No,Yes,10,Yes,No,Fiber optic,No,Yes,No,No,Yes,Yes,Month-to-month,No,Electronic check,96.14,958.18,Yes
3448-JITHO,Female,1,Yes,No,17,Yes,No,No,No internet service,No internet service,No internet service,No internet service,No internet service,No internet service,One year,No,Credit card (automatic),32.41,552.39,No
1844-UQIXU,Female,1,Yes,No,31,Yes,Yes,DSL,No,No,Yes,No,Yes,Yes,Two year,No,Credit card (automatic),67.51,2112.02,No
4530-DXYGT,Female,0,Yes,No,17,No,No phone service,Fiber optic,Yes,Yes,Yes,No,Yes,Yes,Month-to-month,No,Credit card (automatic),103.37,1757.28,Yes
2781-CJCAN,Male,0,No,No,72,Yes,Yes,DSL,Yes,Yes,No,No,Yes,Yes,One year,No,Bank transfer (automatic),78.74,5684.09,No
9748-EHLFX,Male,0,No,No,5,Yes,No,DSL,No,No,Yes,No,No,Yes,One year,Yes,Electronic check,60.04,293.03,Yes
6366-BXDEK,Male,0,Yes,No,5,No,No phone service,DSL,No,Yes,No,Yes,Yes,Yes,Two year,No,Electronic check,67.37,334.39,No
3828-HUEFO,Male,0,Yes,No,29,Yes,No,No,No internet service,No internet service,No internet service,No internet service,No internet service,No internet service,Month-to-month,No,Electronic check,23.53,662.36,Yes
3038-YPKGF,Male,0,Yes,No,9,Yes,Yes,No,No internet service,No internet service,No internet service,No internet service,No internet service,No internet service,Two year,No,Credit card (automatic),27.84,278.2,Yes
5761-DNKZL,Male,0,Yes,Yes,4,Yes,No,DSL,No,No,No,Yes,Yes,No,Month-to-month,Yes,Electronic check,53.35,228.33,Yes
1641-KMKIZ,Female,0,No,No,37,Yes,No,DSL,Yes,No,Yes,No,Yes,No,One year,Yes,Bank transfer (automatic),67.49,2488.74,No
8796-PELCP,Female,0,Yes,No,6,Yes,No,Fiber optic,No,Yes,Yes,No,No,No,Month-to-month,Yes,Credit card (automatic),96.9,597.42,No
5690-QKUSR,Female,0,Yes,No,33,No,No phone service,Fiber optic,No,Yes,No,No,No,No,Month-to-month,Yes,Credit card (automatic),66.53,2185.0,No
1831-IMZFC,Male,1,No,No,5,Yes,Yes,No,No internet service,No internet service,No internet service,No internet service,No internet service,No internet service,Month-to-month,Yes,Mailed check,21.83,123.16,No
3006-LIIOA,Female,0,Yes,Yes,67,Yes,No,DSL,No,No,Yes,Yes,Yes,Yes,One year,Yes,Bank transfer (automatic),82.63,5532.2,No
6694-ROHKQ,Male,0,Yes,No,8,Yes,Yes,No,No internet service,No internet service,No internet service,No internet service,No internet service,No internet service,One year,Yes,Bank transfer (automatic),19.7,160.87,No
1410-NSWXE,Male,0,No,No,33,Yes,No,Fiber optic,Yes,No,Yes,No,No,No,Two year,No,Mailed check,87.92,2899.74,No
6217-OSYPM,Male,0,No,Yes,44,Yes,No,DSL,No,No,Yes,No,No,No,Month-to-month,Yes,Mailed check,58.67,2577.17,Yes
3492-ZGQSY,Female,1,No,Yes,3,Yes,No,DSL,No,Yes,Yes,No,No,No,One year,Yes,Electronic check,55.96,172.2,No
1043-MMNOB,Female,0,No,No,1,Yes,No,DSL,Yes,No,No,No,Yes,Yes,Month-to-month,No,Bank transfer (automatic),74.35,73.09,Yes
6384-OTPZB,Male,0,Yes,No,21,Yes,Yes,DSL,Yes,No,No,No,Yes,Yes,Month-to-month,Yes,Electronic check,64.18,1347.8,Yes
6506-WTWUH,Female,0,Yes,No,23,Yes,Yes,No,No internet service,No internet service,No internet service,No internet service,No internet service,No internet service,Month-to-month,Yes,Electronic check,29.37,682.91,No
4284-GKVMH,Female,0,No,Yes,23,Yes,Yes,No,No internet service,No internet service,No internet service,No internet service,No internet service,No internet service,Month-to-month,No,Electronic check,26.44,626.65,No
1616-PEWNA,Male,1,Yes,No,14,Yes,Yes,No,No internet service,No internet service,No internet service,No internet service,No internet service,No internet service,Month-to-month,Yes,Electronic check,29.02,404.14,No
5887-SQVNM,Female,0,No,No,65,Yes,No,DSL,Yes,Yes,Yes,Yes,No,Yes,Month-to-month,Yes,Credit card (automatic),73.4,4777.32,No
5999-CASOU,Female,0,Yes,No,28,No,No phone service,Fiber optic,Yes,No,Yes,No,Yes,No,Month-to-month,Yes,Credit card (automatic),91.16,2548.48,No
3207-HIMLI,Male,0,No,No,1,Yes,No,No,No internet service,No internet service,No internet service,No internet service,No internet service,No internet service,Two year,Yes,Bank transfer (automatic),18.25,36.73,No
6471-TXKES,Male,1,No,No,36,Yes,Yes,Fiber optic,No,Yes,No,Yes,No,Yes,Month-to-month,No,Credit card (automatic),99.83,3602.95,No
5380-UIGFW,Female,0,Yes,Yes,7,Yes,Yes,DSL,No,No,No,No,Yes,No,Two year,No,Bank transfer (automatic),53.53,372.1,No
5612-AOYET,Female,0,Yes,No,30,Yes,Yes,DSL,Yes,No,No,Yes,Yes,No,Month-to-month,Yes,Bank transfer (automatic),73.5,2179.34,Yes
6233-DXUWB,Female,0,No,No,1,Yes,No,Fiber optic,Yes,No,No,Yes,No,Yes,Two year,No,Credit card (automatic),98.05,116.26,Yes
9487-EDYVN,Male,1,No,Yes,34,Yes,Yes,Fiber optic,No,Yes,No,Yes,No,No,Month-to-month,Yes,Electronic check,82.02,2788.05,No
2987-HCNZR,Male,0,No,No,18,Yes,Yes,No,No internet service,No internet service,No internet service,No internet service,No internet service,No internet service,Two year,No,Mailed check,19.68,344.77,No
2547-OTTZI,Male,0,Yes,No,30,Yes,Yes,No,No internet service,No internet service,No internet service,No internet service,No internet service,No internet service,Month-to-month,Yes,Bank transfer (automatic),22.76,667.69,Yes
1513-AOWOH,Female,0,No,No,16,No,No phone service,DSL,Yes,Yes,Yes,No,Yes,Yes,Two year,No,Electronic check,79.48,1277.34,No
4938-BDRLR,Female,0,Yes,No,38,Yes,No,DSL,Yes,No,Yes,No,Yes,No,Month-to-month,Yes,Electronic check,73.0,2777.85,No
8444-JUHYR,Male,0,Yes,Yes,70,Yes,No,No,No internet service,No internet service,No internet service,No internet service,No internet service,No internet service,One year,No,Credit card (automatic),33.29,2327.68,No
1976-SFNEH,Male,0,Yes,No,32,Yes,No,Fiber optic,No,No,Yes,Yes,Yes,No,Month-to-month,Yes,Credit card (automatic),98.7,3150.43,No
1871-RINNT,Male,0,Yes,Yes,32,Yes,Yes,DSL,No,No,No,Yes,Yes,Yes,One year,No,Mailed check,72.56,2310.48,No
5461-QBNVU,Female,0,No,No,5,Yes,Yes,No,No internet service,No internet service,No internet service,No internet service,No internet service,No internet service,Month-to-month,Yes,Electronic check,18.86,83.89,Yes
9351-LWYPV,Female,0,Yes,Yes,10,Yes,No,Fiber optic,No,No,Yes,Yes,Yes,No,Two year,Yes,Mailed check,97.91,984.67,No
7565-RGBMW,Female,0,Yes,No,3,Yes,No,DSL,Yes,No,No,No,No,No,Two year,No,Electronic check,53.35,156.56,No
3311-LAIHI,Female,0,No,Yes,18,Yes,Yes,Fiber optic,Yes,No,No,No,No,No,Month-to-month,No,Credit card (automatic),75.89,1380.78,No
4588-MNDQI,Male,0,Yes,Yes,14,Yes,Yes,Fiber optic,No,Yes,Yes,No,Yes,Yes,Month-to-month,Yes,Credit card (automatic),102.01,1420.33,No
2459-OTDBM,Female,0,No,No,8,Yes,No,DSL,No,No,Yes,Yes,No,No,One year,Yes,Mailed check,58.28,463.93,No
9963-RXPWJ,Female,0,Yes,Yes,1,Yes,Yes,Fiber optic,No,No,No,No,Yes,Yes,Month-to-month,No,Bank transfer (automatic),87.66,91.21,No
4585-RAMFV,Male,0,No,No,64,Yes,No,Fiber optic,Yes,No,No,Yes,No,No,Month-to-month,Yes,Electronic check,93.4,5969.88,Yes
7842-QVKFT,Male,0,Yes,Yes,22,Yes,Yes,Fiber optic,No,Yes,Yes,No,Yes,No,Month-to-month,Yes,Mailed check,93.07,2044.84,No
3818-NYFQC,Male,0,Yes,Yes,9,No,No phone service,DSL,No,Yes,No,No,Yes,Yes,Month-to-month,No,Electronic check,69.34,650.32,No
5590-CWHGR,Female,1,No,No,10,Yes,No,Fiber optic,No,Yes,Yes,No,Yes,Yes,One year,No,Bank transfer (automatic),98.61,993.23,No
9201-ZWJSW,Male,0,No,No,12,Yes,No,Fiber optic,No,No,No,No,No,No,Month-to-month,Yes,Electronic check,81.5,985.84,Yes
5000-BZAIO,Female,1,No,No,40,Yes,No,No,No internet service,No internet service,No internet service,No internet service,No internet service,No internet service,Two year,Yes,Credit card (automatic),23.75,955.49,No
2809-RVGNR,Male,0,Yes,No,5,Yes,Yes,Fiber optic,Yes,No,Yes,No,No,No,Month-to-month,No,Bank transfer (automatic),77.77,403.29,No
3931-SEIRM,Female,0,Yes,No,46,Yes,No,DSL,No,No,No,Yes,Yes,Yes,Month-to-month,Yes,Credit card (automatic),71.05,3278.67,No
8748-XVTOZ,Female,0,No,No,8,Yes,No,Fiber optic,No,No,Yes,Yes,Yes,No,Month-to-month,No,Credit card (automatic),96.27,778.72,Yes
6202-TKIUV,Male,0,Yes,No,49,Yes,No,DSL,No,No,No,Yes,Yes,Yes,Month-to-month,Yes,Electronic check,69.09,3384.91,No
5443-PKBYH,Male,0,Yes,No,54,Yes,No,Fiber optic,Yes,Yes,No,Yes,No,No,Month-to-month,Yes,Mailed check,94.15,5069.17,Yes
4958-YUEKK,Female,0,No,No,28,Yes,No,DSL,No,No,No,No,Yes,Yes,Month-to-month,Yes,Electronic check,70.91,1967.79,No
3184-KEIAZ,Male,0,No,Yes,54,Yes,No,Fiber optic,No,No,Yes,No,Yes,Yes,Month-to-month,No,Mailed check,96.43,5189.93,No
6321-HSPMX,Female,0,No,No,32,Yes,Yes,DSL,Yes,No,Yes,Yes,No,No,Month-to-month,No,Mailed check,69.61,2232.96,No
3024-DNGLX,Male,0,No,No,3,Yes,Yes,Fiber optic,Yes,Yes,No,Yes,Yes,Yes,One year,Yes,Bank transfer (automatic),104.2,330.34,No
8018-VOGTZ,Female,0,Yes,No,72,Yes,Yes,Fiber optic,Yes,No,No,No,No,No,Month-to-month,Yes,Credit card (automatic),75.54,5437.57,No
8216-EHJFU,Female,0,Yes,Yes,5,Yes,No,Fiber optic,Yes,No,No,Yes,No,Yes,Month-to-month,No,Bank transfer (automatic),87.03,446.32,No
4873-ZEJCM,Male,0,No,No,16,Yes,Yes,No,No internet service,No internet service,No internet service,No internet service,No internet service,No internet service,Month-to-month,Yes,Credit card (automatic),28.07,435.84,No
1431-OBCTR,Female,0,Yes,Yes,11,Yes,No,Fiber optic,No,No,Yes,Yes,No,Yes,Month-to-month,No,Mailed check,86.16,944.56,No
2085-TTOVE,Female,0,No,No,10,Yes,No,DSL,Yes,No,Yes,No,Yes,Yes,Month-to-month,No,Electronic check,78.48,772.73,Yes
6398-KWCIG,Female,0,Yes,Yes,36,Yes,No,Fiber optic,No,No,No,No,No,No,Month-to-month,Yes,Mailed check,83.53,3001.01,No
1799-BOLPZ,Female,0,No,No,8,Yes,Yes,No,No internet service,No internet service,No internet service,No internet service,No internet service,No internet service,Month-to-month,Yes,Credit card (automatic),24.03,169.89,Yes
6263-SCVTD,Male,1,No,No,18,Yes,No,Fiber optic,No,Yes,No,No,Yes,No,Month-to-month,No,Electronic check,92.61,1666.91,No
5640-VHXOX,Female,0,No,No,9,No,No phone service,No,No internet service,No internet service,No internet service,No internet service,No internet service,No internet service,Two year,Yes,Electronic check,18.25,165.36,No
6172-ZVETL,Female,0,No,Yes,53,Yes,No,No,No internet service,No internet service,No internet service,No internet service,No internet service,No internet service,Month-to-month,Yes,Electronic check,25.71,1365.7,No
9275-DVOFE,Male,0,No,No,4,Yes,No,No,No internet service,No internet service,No internet service,No internet service,No internet service,No internet service,Month-to-month,No,Credit card (automatic),34.64,135.27,No
4853-KIXJF,Male,0,No,Yes,4,Yes,No,No,No internet service,No internet service,No internet service,No internet service,No internet service,No internet service,Month-to-month,No,Mailed check,23.31,100.97,Yes
4498-IEJTN,Female,0,Yes,No,2,Yes,Yes,Fiber optic,No,Yes,Yes,No,No,No,Two year,Yes,Electronic check,89.11,176.98,No
5191-WUJVK,Female,0,Yes,No,34,Yes,No,Fiber optic,No,Yes,No,Yes,No,No,Month-to-month,No,Credit card (automatic),85.92,2933.46,No
6135-GRYGX,Female,0,No,Yes,4,Yes,Yes,Fiber optic,No,No,No,No,No,No,Month-to-month,No,Credit card (automatic),65.91,275.09,Yes
9061-UOSRO,Male,0,Yes,No,18,Yes,No,Fiber optic,Yes,Yes,No,Yes,Yes,Yes,Month-to-month,Yes,Credit card (automatic),111.24,1993.16,No
9785-CAAGJ,Female,0,No,No,34,Yes,Yes,DSL,Yes,No,Yes,No,No,No,Two year,Yes,Credit card (automatic),60.28,2054.81,No
7714-HVWQN,Female,0,No,No,2,Yes,No,DSL,Yes,No,Yes,Yes,No,Yes,Two year,Yes,Credit card (automatic),78.95,170.79,No
3136-UWFTQ,Male,0,Yes,No,63,Yes,No,No,No internet service,No internet service,No internet service,No internet service,No internet service,No internet service,Two year,No,Credit card (automatic),26.73,1691.98,No
1083-ZZHMP,Female,0,Yes,Yes,8,Yes,Yes,Fiber optic,No,No,Yes,No,No,Yes,Month-to-month,No,Bank transfer (automatic),89.06,706.57,Yes
9890-QRHRK,Male,0,Yes,Yes,37,Yes,No,Fiber optic,Yes,No,Yes,No,Yes,No,Month-to-month,Yes,Electronic check,82.48,3043.71,No
7572-LOZYC,Female,0,Yes,No,37,Yes,Yes,Fiber optic,Yes,No,Yes,Yes,Yes,No,Month-to-month,Yes,Electronic check,106.74,3946.27,Yes
2890-IKHDV,Male,0,Yes,No,10,Yes,Yes,DSL,Yes,Yes,No,No,No,No,Month-to-month,Yes,Bank transfer (automatic),60.41,609.07,Yes
4063-TOEGH,Female,0,Yes,No,19,Yes,Yes,Fiber optic,No,Yes,No,No,No,No,One year,Yes,Mailed check,79.27,1513.95,No
3694-HDAVE,Female,0,No,Yes,23,Yes,No,No,No internet service,No internet service,No internet service,No internet service,No internet service,No internet service,One year,No,Electronic check,31.53,725.39,Yes
9223-KDBQY,Male,0,No,No,12,Yes,No,Fiber optic,No,No,Yes,Yes,No,No,Month-to-month,Yes,Credit card (automatic),90.28,1085.27,No
5191-BIFFR,Male,1,No,No,10,Yes,No,Fiber optic,Yes,No,No,Yes,No,Yes,Two year,No,Mailed check,84.54,850.73,No
1789-COGMJ,Female,0,Yes,No,45,Yes,No,DSL,No,No,No,Yes,No,No,Month-to-month,No,Mailed check,61.79,2764.62,No
7671-IUJSQ,Male,0,Yes,No,5,Yes,No,Fiber optic,No,No,Yes,No,Yes,No,Two year,Yes,Bank transfer (automatic),90.28,452.27,No
6155-OZJTI,Male,0,Yes,Yes,38,Yes,No,Fiber optic,No,No,No,No,Yes,No,Month-to-month,No,Mailed check,87.04,3290.18,Yes
6735-TFWJX,Male,0,No,No,5,Yes,Yes,Fiber optic,No,No,Yes,Yes,No,Yes,Month-to-month,Yes,Credit card (automatic),99.38,508.92,Yes
8940-NQKDW,Female,0,No,No,28,Yes,Yes,DSL,Yes,No,Yes,No,Yes,No,One year,Yes,Credit card (automatic),65.57,1853.82,No
2172-VARGV,Female,0,No,No,8,Yes,Yes,No,No internet service,No internet service,No internet service,No internet service,No internet service,No internet service,Two year,No,Mailed check,24.75,205.38,No
3917-FNWZL,Male,0,Yes,Yes,62,No,No phone service,Fiber optic,No,No,Yes,No,No,No,Month-to-month,No,Electronic check,76.34,4741.45,No
2960-IBREZ,Male,1,Yes,Yes,22,Yes,No,No,No internet service,No internet service,No internet service,No internet service,No internet service,No internet service,Month-to-month,No,Electronic check,32.69,698.92,No
3390-LNMCO,Male,0,Yes,No,18,Yes,Yes,Fiber optic,No,No,Yes,Yes,No,No,Two year,No,Bank transfer (automatic),80.15,1437.17,No
5942-CTSOS,Female,0,Yes,Yes,8,Yes,Yes,No,No internet service,No internet service,No internet service,No internet service,No internet service,No internet service,Month-to-month,Yes,Electronic check,24.78,196.48,Yes
6142-MWJBK,Male,0,No,No,17,Yes,Yes,Fiber optic,No,No,No,No,Yes,Yes,Month-to-month,Yes,Bank transfer (automatic),80.2,1376.7,No
2432-VSIIF,Male,0,No,No,1,Yes,No,DSL,Yes,Yes,Yes,No,No,No,Month-to-month,Yes,Mailed check,64.2,65.79,No
6591-HOFGT,Female,0,No,Yes,3,Yes,No,No,No internet service,No internet service,No internet service,No internet service,No internet service,No internet service,One year,Yes,Electronic check,28.07,88.0,No
8632-DHMXN,Male,1,No,No,8,Yes,No,DSL,No,Yes,No,No,No,Yes,One year,No,Mailed check,59.48,462.21,No
8409-WQRNX,Female,0,Yes,No,71,No,No phone service,No,No internet service,No internet service,No internet service,No internet service,No internet service,No internet service,Month-to-month,Yes,Electronic check,18.25,1287.26,No
8978-JMTPN,Female,0,Yes,No,15,Yes,Yes,Fiber optic,No,No,No,Yes,No,No,Two year,Yes,Electronic check,82.37,1251.08,No
6378-RFTCS,Male,0,Yes,Yes,12,Yes,No,DSL,No,No,No,No,No,Yes,Month-to-month,Yes,Credit card (automatic),59.36,708.05,No
4659-HYYEQ,Female,0,No,Yes,35,Yes,Yes,DSL,No,Yes,Yes,No,No,Yes,Month-to-month,Yes,Electronic check,73.98,2588.27,No
3569-UQIMJ,Female,0,No,No,28,Yes,Yes,DSL,No,Yes,No,No,Yes,Yes,Month-to-month,No,Mailed check,71.04,1986.67,No
2948-HGBBD,Female,0,Yes,No,26,Yes,No,Fiber optic,No,No,No,Yes,No,Yes,One year,Yes,Bank transfer (automatic),96.3,2505.87,No
3536-YNXKU,Female,0,Yes,No,22,Yes,Yes,Fiber optic,No,No,No,Yes,No,Yes,Month-to-month,Yes,Bank transfer (automatic),96.19,2109.07,No
5477-GYSDB,Male,0,Yes,No,3,Yes,Yes,DSL,Yes,Yes,Yes,No,No,No,Month-to-month,No,Mailed check,64.65,198.62,Yes
7104-WVUWS,Female,0,Yes,Yes,11,Yes,No,DSL,Yes,No,Yes,No,Yes,Yes,Two year,No,Electronic check,76.67,854.77,Yes
2588-RUGKJ,Male,0,No,No,55,No,No phone service,Fiber optic,No,No,Yes,Yes,Yes,No,Month-to-month,Yes,Mailed check,85.19,4682.45,No
5342-ICXEW,Female,0,No,No,72,Yes,Yes,DSL,Yes,Yes,No,Yes,Yes,Yes,Month-to-month,No,Credit card (automatic),83.25,6002.92,No
7227-EZSFC,Female,0,No,No,13,Yes,Yes,Fiber optic,No,Yes,Yes,No,No,Yes,Month-to-month,No,Credit card (automatic),93.65,1195.9,No
6306-MQCWC,Male,0,Yes,Yes,0,Yes,No,Fiber optic,No,No,Yes,No,Yes,Yes,Month-to-month,Yes,Bank transfer (automatic),100.42, ,Yes
3358-MBCTP,Female,0,No,Yes,16,Yes,No,Fiber optic,No,No,No,Yes,No,Yes,Month-to-month,Yes,Mailed check,86.63,1394.83,No
2268-LYIPD,Male,0,No,No,6,Yes,Yes,DSL,No,Yes,No,No,Yes,No,Two year,Yes,Credit card (automatic),62.53,367.08,Yes
4096-TRZAG,Female,1,No,No,5,Yes,No,DSL,Yes,No,Yes,No,No,Yes,Two year,Yes,Electronic check,68.99,337.12,No
9231-HXVIN,Female,0,Yes,No,8,Yes,Yes,Fiber optic,No,No,Yes,No,Yes,Yes,Two year,Yes,Electronic check,96.0,776.82,Yes
6971-ETUBU,Male,0,No,No,3,Yes,Yes,No,No internet service,No internet service,No internet service,No internet service,No internet service,No internet service,Month-to-month,Yes,Mailed check,22.68,57.99,No
7822-WVRZL,Female,0,No,No,1,Yes,No,Fiber optic,No,Yes,Yes,Yes,Yes,No,One year,No,Electronic check,96.32,91.77,Yes
7186-JMIPU,Female,0,No,No,14,Yes,No,No,No internet service,No internet service,No internet service,No internet service,No internet service,No internet service,Two year,No,Electronic check,26.34,379.2,No
5821-QEFJK,Male,0,No,Yes,7,Yes,No,DSL,No,Yes,Yes,No,Yes,No,One year,No,Electronic check,65.94,452.64,No
8873-GNDES,Female,1,Yes,No,7,Yes,Yes,DSL,No,Yes,No,Yes,No,Yes,Two year,Yes,Bank transfer (automatic),67.78,470.54,No
6403-TJFBC,Female,0,Yes,No,6,No,No phone service,Fiber optic,Yes,No,No,Yes,No,Yes,Month-to-month,Yes,Bank transfer (automatic),86.66,525.73,No
5142-JQGYB,Female,1,Yes,No,16,Yes,No,Fiber optic,No,No,Yes,No,No,No,One year,No,Electronic check,85.37,1376.95,No
5942-CEVHD,Female,1,Yes,No,31,Yes,No,No,No internet service,No internet service,No internet service,No internet service,No internet service,No internet service,One year,No,Mailed check,18.25,573.32,No
8345-SHWFE,Female,1,Yes,No,25,Yes,No,Fiber optic,No,No,No,No,No,Yes,Two year,Yes,Mailed check,83.98,2089.36,No
9165-MIXLJ,Male,0,Yes,No,72,Yes,No,DSL,Yes,No,Yes,No,No,Yes,Two year,Yes,Mailed check,62.26,4490.9,No
2568-KFCFI,Male,0,No,No,58,Yes,Yes,Fiber optic,Yes,Yes,No,No,Yes,No,Month-to-month,No,Electronic check,95.97,5562.8,Yes
3933-HOVFW,Female,0,No,No,12,Yes,No,Fiber optic,No,Yes,No,Yes,No,No,Month-to-month,No,Credit card (automatic),82.77,999.25,Yes
3218-JKDMH,Female,0,No,Yes,40,No,No phone service,Fiber optic,Yes,Yes,No,No,Yes,No,Month-to-month,Yes,Electronic check,93.02,3718.04,No
2022-TOGAY,Female,0,Yes,No,4,Yes,Yes,DSL,No,Yes,No,No,Yes,No,Month-to-month,Yes,Electronic check,67.25,276.43,No
5808-WHBZN,Male,1,Yes,Yes,5,Yes,Yes,No,No internet service,No internet service,No internet service,No internet service,No internet service,No internet service,Two year,Yes,Bank transfer (automatic),27.02,134.38,No
5907-ZWQSF,Female,1,Yes,Yes,28,Yes,Yes,Fiber optic,No,No,No,No,No,No,Month-to-month,No,Credit card (automatic),76.01,2133.96,No
3676-EYFCP,Female,0,No,Yes,5,No,No phone service,Fiber optic,Yes,Yes,No,No,No,Yes,Two year,No,Electronic check,92.08,455.5,No
9862-RNYOZ,Female,0,Yes,No,14,Yes,No,Fiber optic,No,No,No,No,Yes,No,One year,Yes,Mailed check,84.63,1181.0,No
2277-DKEIE,Female,0,Yes,Yes,9,Yes,Yes,Fiber optic,Yes,Yes,Yes,Yes,Yes,No,Two year,Yes,Mailed check,95.36,835.4,No
4782-RRTXB,Male,0,Yes,No,6,Yes,Yes,Fiber optic,Yes,Yes,No,No,No,Yes,Two year,Yes,Mailed check,97.14,615.21,No
4481-WMMQY,Female,0,No,No,4,Yes,No,DSL,No,No,No,No,No,Yes,Two year,Yes,Credit card (automatic),54.99,225.79,No
5122-QZFNU,Female,0,Yes,No,22,Yes,No,Fiber optic,Yes,No,No,No,Yes,No,One year,Yes,Bank transfer (automatic),82.76,1821.29,No
8051-EEDWY,Female,0,Yes,Yes,1,Yes,No,DSL,Yes,Yes,No,Yes,No,No,Two year,No,Electronic check,59.45,59.57,Yes
3545-PRBWD,Female,1,No,No,29,Yes,No,Fiber optic,No,No,No,No,Yes,No,Two year,Yes,Bank transfer (automatic),85.57,2488.39,No
4731-QTFRT,Female,0,No,Yes,54,Yes,No,No,No internet service,No internet service,No internet service,No internet service,No internet service,No internet service,Month-to-month,Yes,Electronic check,26.56,1432.44,No
6869-VXRAW,Female,0,Yes,No,10,Yes,No,Fiber optic,No,No,Yes,No,No,Yes,Month-to-month,Yes,Electronic check,82.4,830.89,No
7940-IIBPD,Female,0,No,Yes,12,Yes,No,Fiber optic,No,Yes,No,No,No,Yes,Two year,Yes,Mailed check,96.64,1169.62,No
4472-KWBDL,Male,1,Yes,Yes,21,Yes,No,DSL,No,No,Yes,No,Yes,No,Month-to-month,No,Mailed check,58.0,1224.6,No
9192-WFPBN,Female,1,No,Yes,26,Yes,No,No,No internet service,No internet service,No internet service,No internet service,No internet service,No internet service,Two year,Yes,Credit card (automatic),24.83,649.33,No
8755-SCSKD,Male,0,No,No,18,Yes,No,Fiber optic,Yes,No,No,No,Yes,No,One year,Yes,Credit card (automatic),92.96,1670.51,No
7960-QGESY,Male,1,No,No,28,Yes,Yes,Fiber optic,No,No,No,Yes,Yes,No,Month-to-month,No,Electronic check,87.89,2464.6,No
4321-SIQIN,Female,0,Yes,Yes,39,Yes,No,Fiber optic,No,No,No,No,No,No,One year,No,Bank transfer (automatic),74.88,2950.39,No
4841-XOPSA,Female,1,No,No,72,Yes,No,DSL,No,Yes,No,No,No,No,One year,Yes,Bank transfer (automatic),49.2,3550.42,No
5918-LSTOE,Female,0,No,Yes,11,Yes,Yes,DSL,No,Yes,Yes,No,Yes,Yes,Month-to-month,No,Bank transfer (automatic),77.96,863.66,No
1768-KIGBQ,Male,0,No,No,21,Yes,No,DSL,No,Yes,Yes,Yes,No,No,One year,Yes,Bank transfer (automatic),68.38,1443.43,No
8617-SCHUY,Male,1,No,No,11,Yes,No,Fiber optic,No,Yes,No,No,No,Yes,Two year,Yes,Electronic check,81.22,883.72,No
5117-DHADG,Male,0,Yes,No,6,Yes,No,DSL,No,Yes,Yes,Yes,No,Yes,Two year,No,Credit card (automatic),73.82,441.82,No
5824-AXRDT,Female,1,Yes,No,72,Yes,No,Fiber optic,No,Yes,No,No,No,No,One year,Yes,Mailed check,83.4,5994.38,No
9391-RGCYU,Female,0,No,No,0,Yes,No,No,No internet service,No internet service,No internet service,No internet service,No internet service,No internet service,Month-to-month,Yes,Credit card (automatic),20.73, ,No
3091-OHEQY,Male,0,Yes,No,1,Yes,No,DSL,No,Yes,No,Yes,No,No,One year,No,Mailed check,66.13,73.63,No
7326-PPDWE,Male,0,Yes,No,20,Yes,No,DSL,No,No,No,No,No,No,Month-to-month,Yes,Electronic check,44.6,905.54,No
8721-NIRTF,Female,0,Yes,No,29,Yes,No,Fiber optic,No,No,No,No,No,Yes,Two year,No,Credit card (automatic),87.9,2534.72,No
6812-QIYCP,Male,1,Yes,No,31,Yes,No,Fiber optic,No,Yes,No,Yes,No,Yes,Two year,Yes,Credit card (automatic),94.81,2936.55,No
2971-DZXVO,Male,0,No,No,29,Yes,Yes,Fiber optic,No,No,No,No,No,Yes,Month-to-month,No,Credit card (automatic),87.5,2563.67,Yes
3127-XSUQD,Male,1,No,No,37,Yes,No,DSL,No,Yes,Yes,Yes,No,Yes,One year,No,Credit card (automatic),77.06,2863.14,No
5387-UCVRU,Male,0,No,No,32,Yes,Yes,DSL,Yes,No,No,Yes,No,Yes,Month-to-month,Yes,Electronic check,63.93,2063.27,No
1947-EIVWX,Male,0,No,No,18,No,No phone service,Fiber optic,No,No,No,No,Yes,No,Month-to-month,Yes,Credit card (automatic),78.55,1421.39,Yes
7568-NUXBZ,Male,0,No,No,15,Yes,Yes,No,No internet service,No internet service,No internet service,No internet service,No internet service,No internet service,Month-to-month,No,Bank transfer (automatic),28.92,424.81,No
3142-UPFPD,Male,0,No,No,30,Yes,No,DSL,Yes,No,No,Yes,Yes,No,Month-to-month,Yes,Mailed check,68.96,2057.98,No
1458-ERCHK,Female,0,Yes,No,31,Yes,Yes,No,No internet service,No internet service,No internet service,No internet service,No internet service,No internet service,One year,Yes,Electronic check,28.18,861.92,No
8380-SUYCL,Male,0,No,Yes,9,No,No phone service,DSL,Yes,No,Yes,Yes,Yes,Yes,Two year,Yes,Bank transfer (automatic),75.53,678.29,No
1942-ZWXPE,Female,1,No,No,0,Yes,Yes,No,No internet service,No internet service,No internet service,No internet service,No internet service,No internet service,Month-to-month,Yes,Credit card (automatic),28.94, ,No
7610-FLSIR,Female,0,No,No,9,Yes,Yes,DSL,Yes,No,No,No,No,No,Two year,Yes,Bank transfer (automatic),56.52,522.49,No
1258-WNZXU,Male,0,Yes,No,18,Yes,Yes,DSL,Yes,No,No,Yes,Yes,No,Month-to-month,No,Electronic check,68.14,1211.33,Yes
6988-EDYVP,Female,1,Yes,No,17,Yes,Yes,No,No internet service,No internet service,No internet service,No internet service,No internet service,No internet service,Month-to-month,Yes,Electronic check,24.9,412.13,No
7343-XUPYB,Male,0,No,No,11,Yes,No,Fiber optic,Yes,No,Yes,Yes,No,Yes,One year,Yes,Bank transfer (automatic),109.87,1201.08,No
3306-WIKUX,Female,0,No,No,64,Yes,Yes,Fiber optic,No,No,No,Yes,Yes,No,One year,No,Mailed check,87.64,5608.72,No
1960-AVHPJ,Female,0,No,Yes,15,No,No phone service,Fiber optic,No,Yes,Yes,Yes,No,No,Month-to-month,No,Mailed check,82.73,1245.23,No
2512-CKHGA,Male,0,No,No,3,Yes,No,Fiber optic,Yes,Yes,Yes,No,Yes,No,Month-to-month,Yes,Mailed check,93.57,287.52,No
6719-ZZQKG,Female,0,Yes,No,5,Yes,Yes,No,No internet service,No internet service,No internet service,No internet service,No internet service,No internet service,One year,Yes,Bank transfer (automatic),22.25,118.46,No
7216-NERXY,Male,0,Yes,No,2,Yes,No,DSL,No,Yes,Yes,Yes,No,Yes,Two year,Yes,Mailed check,81.77,169.13,No
7134-MEHOV,Female,0,No,No,7,Yes,Yes,No,No internet service,No internet service,No internet service,No internet service,No internet service,No internet service,Month-to-month,Yes,Mailed check,19.68,150.31,No
3779-DAFXS,Male,0,Yes,Yes,8,Yes,Yes,No,No internet service,No internet service,No internet service,No internet service,No internet service,No internet service,Month-to-month,No,Mailed check,24.59,198.83,Yes
6190-MGIAU,Male,0,Yes,No,9,Yes,No,Fiber optic,Yes,No,No,No,Yes,No,Month-to-month,No,Mailed check,78.45,713.82,Yes
1023-MSUAY,Female,0,No,No,43,Yes,No,Fiber optic,Yes,Yes,No,Yes,Yes,No,Month-to-month,Yes,Bank transfer (automatic),103.75,4458.19,Yes
9083-USRWE,Male,0,No,Yes,34,Yes,No,No,No internet service,No internet service,No internet service,No internet service,No internet service,No internet service,Two year,No,Electronic check,30.91,1033.16,No
6337-CBZVJ,Male,0,Yes,No,16,Yes,No,DSL,Yes,Yes,No,Yes,Yes,Yes,Month-to-month,No,Bank transfer (automatic),88.28,1399.26,Yes
1677-SYQSM,Female,0,No,No,14,Yes,Yes,Fiber optic,Yes,No,No,No,Yes,Yes,One year,Yes,Electronic check,96.62,1372.32,No
2840-WRKTT,Male,0,No,No,11,Yes,No,DSL,No,No,No,No,Yes,Yes,Two year,Yes,Mailed check,69.82,759.76,No
4314-JCUFG,Female,0,No,No,0,Yes,Yes,DSL,Yes,No,No,Yes,Yes,No,Two year,No,Bank transfer (automatic),64.57, ,No
6340-UWTEV,Female,0,No,No,60,Yes,No,No,No internet service,No internet service,No internet service,No internet service,No internet service,No internet service,Month-to-month,No,Electronic check,27.95,1685.07,Yes
1392-VJNKQ,Female,0,No,No,8,Yes,Yes,Fiber optic,No,No,Yes,No,Yes,No,Two year,No,Bank transfer (automatic),90.82,734.62,No
5794-SFBNP,Male,0,No,No,44,Yes,Yes,DSL,Yes,No,No,Yes,No,Yes,Two year,Yes,Electronic check,65.89,2904.32,No
6030-ABIYW,Female,0,Yes,No,32,Yes,No,Fiber optic,No,Yes,Yes,Yes,No,Yes,One year,Yes,Bank transfer (automatic),98.42,3152.42,No
8409-UTRRJ,Male,0,Yes,No,2,Yes,Yes,Fiber optic,Yes,Yes,No,No,Yes,No,One year,Yes,Bank transfer (automatic),87.04,176.87,No
4047-UHBRK,Female,0,Yes,Yes,9,Yes,No,DSL,No,Yes,Yes,Yes,Yes,No,One year,No,Bank transfer (automatic),78.42,714.06,No
9490-JHOHS,Female,0,Yes,No,15,No,No phone service,Fiber optic,No,No,Yes,Yes,Yes,No,Two year,Yes,Bank transfer (automatic),82.17,1238.42,No
3995-CULPV,Female,0,Yes,Yes,7,Yes,No,DSL,No,No,No,No,Yes,No,One year,Yes,Mailed check,53.4,377.67,No
2627-PIVSA,Male,1,Yes,No,12,Yes,Yes,DSL,No,No,Yes,Yes,Yes,Yes,Month-to-month,Yes,Credit card (automatic),69.56,830.39,No
2553-ZFFLC,Female,0,No,No,7,Yes,No,Fiber optic,No,No,Yes,No,Yes,No,Two year,No,Electronic check,94.19,659.26,Yes
7477-RPXMA,Male,0,Yes,Yes,24,Yes,No,DSL,Yes,No,Yes,No,Yes,No,Month-to-month,Yes,Mailed check,63.46,1521.79,No
2087-NQYMM,Male,0,Yes,No,10,Yes,Yes,Fiber optic,No,Yes,No,No,No,No,One year,Yes,Credit card (automatic),86.42,870.19,No
7472-FFYEY,Male,0,Yes,No,10,Yes,Yes,DSL,Yes,Yes,Yes,Yes,No,Yes,One year,No,Bank transfer (automatic),77.55,761.53,No
2667-BBQJN,Male,0,Yes,Yes,7,Yes,No,Fiber optic,Yes,No,No,No,No,Yes,One year,No,Bank transfer (automatic),88.81,624.08,No
6776-VKGIN,Male,0,Yes,No,38,Yes,No,DSL,Yes,Yes,No,No,No,Yes,One year,Yes,Bank transfer (automatic),65.08,2482.68,No
2827-NTXTQ,Female,0,Yes,Yes,24,Yes,Yes,DSL,No,No,No,Yes,No,Yes,Month-to-month,Yes,Electronic check,54.42,1297.76,No
5511-YSQYN,Male,0,No,No,30,Yes,No,Fiber optic,No,No,No,No,No,Yes,Month-to-month,Yes,Credit card (automatic),66.33,1966.77,Yes
5958-MZNZP,Female,0,Yes,Yes,12,Yes,No,Fiber optic,Yes,Yes,No,No,No,No,Month-to-month,Yes,Electronic check,79.28,950.14,No
9532-OYSVK,Female,0,No,Yes,43,Yes,No,Fiber optic,No,Yes,Yes,Yes,Yes,Yes,Two year,No,Electronic check,101.78,4392.44,No
6450-WEHZF,Male,0,No,No,12,Yes,No,Fiber optic,Yes,No,No,No,Yes,Yes,One year,Yes,Electronic check,102.02,1224.66,No
7303-PLFMG,Female,0,Yes,Yes,4,Yes,Yes,Fiber optic,No,No,No,Yes,Yes,Yes,Month-to-month,Yes,Mailed check,94.25,388.64,No
9679-LBWIM,Female,0,Yes,No,17,Yes,Yes,Fiber optic,No,No,No,No,No,No,Month-to-month,Yes,Bank transfer (automatic),64.87,1100.97,No
5396-PAGMN,Male,0,Yes,No,14,Yes,No,DSL,No,No,No,No,Yes,No,Month-to-month,Yes,Mailed check,50.4,707.34,No
9669-POQBZ,Male,0,No,Yes,2,No,No phone service,No,No internet service,No internet service,No internet service,No internet service,No internet service,No internet service,Month-to-month,Yes,Credit card (automatic),20.16,42.14,No
8768-LCIFZ,Female,0,No,No,26,Yes,Yes,DSL,No,Yes,No,No,Yes,Yes,Two year,Yes,Electronic check,67.08,1733.65,No
6093-GZHCX,Male,1,Yes,Yes,40,Yes,Yes,No,No internet service,No internet service,No internet service,No internet service,No internet service,No internet service,Two year,No,Electronic check,25.91,1025.73,No
6445-KCPFK,Male,0,Yes,No,10,Yes,No,Fiber optic,No,Yes,No,No,No,No,Month-to-month,Yes,Electronic check,68.93,689.81,No
9359-WJJWC,Female,0,Yes,No,34,Yes,Yes,DSL,No,No,No,Yes,Yes,No,Month-to-month,No,Electronic check,61.5,2077.18,Yes
8513-NSUUI,Male,0,Yes,No,21,Yes,Yes,Fiber optic,Yes,Yes,No,No,Yes,Yes,Month-to-month,No,Credit card (automatic),98.4,2062.76,No
8528-ZULNE,Male,0,No,No,7,Yes,No,No,No internet service,No internet service,No internet service,No internet service,No internet service,No internet service,One year,No,Electronic check,28.34,185.63,No
9300-MXFNK,Male,0,No,No,10,Yes,No,DSL,No,No,No,Yes,Yes,Yes,One year,Yes,Mailed check,70.28,692.41,No
6804-LPFIQ,Male,0,No,No,70,Yes,No,DSL,Yes,Yes,No,No,No,Yes,Two year,Yes,Mailed check,75.95,5323.4,No
4645-TPZZL,Male,0,No,No,5,Yes,No,DSL,No,No,No,Yes,Yes,Yes,One year,No,Electronic check,70.44,345.38,Yes
7609-ICJKB,Male,0,Yes,No,3,Yes,Yes,Fiber optic,No,Yes,No,No,No,No,Month-to-month,Yes,Credit card (automatic),84.62,268.59,No
8303-TKRTG,Female,0,Yes,No,1,Yes,Yes,Fiber optic,No,No,No,Yes,No,No,Two year,No,Bank transfer (automatic),84.66,73.1,No
8710-NGALA,Male,0,No,No,50,No,No phone service,DSL,No,Yes,No,Yes,No,Yes,Month-to-month,Yes,Electronic check,67.41,3376.31,Yes
9162-BCDNW,Female,0,No,No,26,Yes,No,Fiber optic,Yes,Yes,No,No,No,Yes,One year,Yes,Mailed check,90.28,2336.56,No
8537-WEOPH,Female,0,No,Yes,2,Yes,No,DSL,No,Yes,Yes,No,Yes,No,Month-to-month,Yes,Electronic check,62.98,137.98,No
7167-UZHYG,Female,0,Yes,Yes,34,No,No phone service,Fiber optic,No,No,Yes,No,No,No,Month-to-month,No,Bank transfer (automatic),80.45,2725.41,No
8030-SVVYA,Female,0,No,No,23,Yes,Yes,Fiber optic,Yes,No,No,Yes,Yes,No,Month-to-month,Yes,Mailed check,92.94,2148.39,No
3220-GAJMD,Male,0,No,No,72,No,No phone service,DSL,Yes,Yes,Yes,No,No,Yes,Month-to-month,Yes,Credit card (automatic),70.38,5076.41,No
6084-GFFUK,Female,0,Yes,No,17,Yes,No,No,No internet service,No internet service,No internet service,No internet service,No internet service,No internet service,One year,Yes,Bank transfer (automatic),18.25,310.86,No
9934-IWFSN,Male,0,No,No,17,Yes,No,Fiber optic,No,Yes,Yes,No,Yes,No,Month-to-month,No,Credit card (automatic),87.18,1494.0,Yes
9601-PIWOS,Female,0,Yes,Yes,6,Yes,Yes,DSL,No,Yes,No,Yes,Yes,Yes,Month-to-month,No,Credit card (automatic),71.36,451.46,No
6609-PYCSM,Female,1,No,Yes,5,Yes,Yes,Fiber optic,No,No,Yes,Yes,No,No,Two year,Yes,Electronic check,83.5,411.33,No
2197-GBZNW,Male,0,No,No,31,Yes,Yes,DSL,No,Yes,No,Yes,No,No,Two year,No,Bank transfer (automatic),68.81,2141.1,No
9086-QMZBE,Male,0,No,No,11,Yes,Yes,Fiber optic,Yes,No,Yes,No,Yes,Yes,One year,Yes,Electronic check,113.15,1257.3,Yes
3973-DCZNK,Female,0,Yes,Yes,30,Yes,No,Fiber optic,No,Yes,No,No,No,No,Month-to-month,Yes,Electronic check,71.13,2144.09,No
8719-WIPCJ,Male,0,No,No,35,Yes,No,DSL,No,Yes,No,Yes,Yes,No,Two year,Yes,Electronic check,68.54,2404.89,No
6999-ILAPH,Female,0,Yes,No,56,Yes,Yes,Fiber optic,Yes,No,No,No,No,Yes,One year,No,Mailed check,96.29,5384.06,No
5077-NJAFI,Male,0,Yes,No,13,No,No phone service,DSL,No,No,No,No,Yes,Yes,One year,Yes,Bank transfer (automatic),64.34,823.52,No
6578-UKNGZ,Male,0,Yes,Yes,2,Yes,No,No,No internet service,No internet service,No internet service,No internet service,No internet service,No internet service,Two year,No,Electronic check,20.7,50.19,No
9595-TWEAK,Female,0,No,No,0,Yes,No,No,No internet service,No internet service,No internet service,No internet service,No internet service,No internet service,Month-to-month,No,Bank transfer (automatic),25.69, ,Yes
3606-JOMOB,Male,0,Yes,No,8,Yes,No,Fiber optic,No,Yes,No,No,No,Yes,Month-to-month,Yes,Electronic check,90.61,733.65,No
8640-WDLOM,Female,0,No,No,64,Yes,No,DSL,No,Yes,No,No,No,No,Two year,No,Bank transfer (automatic),54.99,3536.85,No
8105-TPNUB,Male,0,Yes,Yes,33,Yes,No,Fiber optic,Yes,Yes,Yes,No,Yes,No,Two year,No,Electronic check,101.28,3363.25,No
8951-DKMFQ,Female,0,Yes,No,19,Yes,No,Fiber optic,Yes,No,No,No,No,Yes,Two year,No,Bank transfer (automatic),86.41,1635.24,No
1148-RKNBT,Female,0,No,Yes,6,Yes,No,Fiber optic,Yes,No,No,Yes,Yes,No,Two year,Yes,Credit card (automatic),92.38,555.89,No
3113-DMFGV,Female,0,Yes,No,29,Yes,No,Fiber optic,No,No,No,Yes,No,No,Month-to-month,No,Mailed check,78.25,2270.23,No
9418-DUTCA,Male,0,Yes,No,32,Yes,Yes,DSL,No,No,Yes,Yes,Yes,No,Two year,Yes,Mailed check,69.99,2239.22,No
9461-VPDQJ,Female,1,Yes,No,6,Yes,Yes,Fiber optic,No,Yes,No,No,No,No,Two year,No,Credit card (automatic),86.79,516.27,No
6148-GMYMV,Female,0,Yes,No,29,Yes,No,Fiber optic,No,Yes,No,Yes,Yes,No,Month-to-month,Yes,Mailed check,89.31,2593.29,Yes
9333-FPITP,Male,0,No,No,3,Yes,No,No,No internet service,No internet service,No internet service,No internet service,No internet service,No internet service,One year,Yes,Mailed check,33.86,103.75,No
1765-LPEXK,Female,0,No,No,2,Yes,No,Fiber optic,No,Yes,No,No,Yes,No,One year,Yes,Bank transfer (automatic),97.52,190.78,No
3496-JKOZC,Female,1,No,Yes,1,Yes,No,DSL,No,No,No,No,Yes,Yes,Month-to-month,Yes,Mailed check,65.39,58.87,Yes
1542-XOKIB,Female,1,No,Yes,39,Yes,Yes,Fiber optic,Yes,No,No,Yes,Yes,Yes,Month-to-month,Yes,Bank transfer (automatic),99.93,3872.0,No
8723-TPXPU,Male,0,No,Yes,7,Yes,Yes,Fiber optic,No,No,Yes,Yes,Yes,Yes,Month-to-month,No,Mailed check,98.58,675.74,No
2199-FNYYK,Male,0,Yes,Yes,22,Yes,Yes,No,No internet service,No internet service,No internet service,No internet service,No internet service,No internet service,Month-to-month,Yes,Bank transfer (automatic),19.87,446.67,No
7323-QWSBN,Female,0,No,No,3,Yes,No,Fiber optic,Yes,No,No,No,Yes,Yes,Month-to-month,Yes,Bank transfer (automatic),94.11,268.15,No
4495-YWVZF,Male,1,No,No,14,Yes,No,No,No internet service,No internet service,No internet service,No internet service,No internet service,No internet service,Month-to-month,Yes,Bank transfer (automatic),20.86,294.93,No
2416-EERVN,Female,0,Yes,No,0,Yes,No,DSL,Yes,Yes,No,No,Yes,No,Month-to-month,Yes,Electronic check,64.95, ,Yes
1907-LVFDO,Male,0,Yes,No,47,Yes,Yes,Fiber optic,No,No,No,Yes,No,Yes,Two year,Yes,Mailed check,90.91,4257.49,No
2934-YQCJY,Female,1,No,No,18,Yes,No,Fiber optic,Yes,Yes,No,No,No,No,Month-to-month,No,Credit card (automatic),82.16,1461.19,No
6565-UVHIX,Female,0,Yes,No,53,Yes,No,DSL,Yes,No,Yes,No,Yes,No,Month-to-month,Yes,Electronic check,66.41,3512.99,No
2794-ZAKML,Female,0,No,No,15,Yes,No,Fiber optic,No,Yes,No,No,Yes,No,Two year,Yes,Bank transfer (automatic),79.68,1197.8,No
4676-UGBAT,Male,0,No,No,9,Yes,Yes,No,No internet service,No internet service,No internet service,No internet service,No internet service,No internet service,Month-to-month,Yes,Bank transfer (automatic),22.24,218.11,No
6826-DQRQS,Female,1,No,No,12,Yes,No,DSL,No,Yes,No,No,No,Yes,Month-to-month,Yes,Bank transfer (automatic),66.6,800.07,No
8299-QVBJL,Female,0,No,No,6,Yes,No,No,No internet service,No internet service,No internet service,No internet service,No internet service,No internet service,Month-to-month,No,Electronic check,25.46,158.8,No
6351-TEYBL,Male,0,No,No,52,No,No phone service,Fiber optic,Yes,No,No,No,No,Yes,Month-to-month,No,Electronic check,85.69,4467.3,Yes
7241-FVSLY,Male,0,Yes,No,8,Yes,No,No,No internet service,No internet service,No internet service,No internet service,No internet service,No internet service,Month-to-month,Yes,Mailed check,30.85,245.15,No
2488-LCXHP,Female,0,Yes,No,8,Yes,No,Fiber optic,No,Yes,No,Yes,No,No,Two year,Yes,Electronic check,99.14,793.4,No
1227-XZMHA,Male,0,No,No,23,Yes,Yes,No,No internet service,No internet service,No internet service,No internet service,No internet service,No internet service,One year,No,Mailed check,29.55,668.35,No
5928-ORTCO,Female,0,Yes,No,3,Yes,No,No,No internet service,No internet service,No internet service,No internet service,No internet service,No internet service,Month-to-month,No,Electronic check,28.03,102.02,Yes
1698-VEUJG,Male,0,No,No,5,Yes,Yes,No,No internet service,No internet service,No internet service,No internet service,No internet service,No internet service,Month-to-month,Yes,Credit card (automatic),18.25,100.62,Yes
7038-YHCRQ,Male,0,Yes,No,13,Yes,No,Fiber optic,Yes,No,No,No,No,No,Month-to-month,Yes,Credit card (automatic),65.15,848.2,No
6278-PZVMD,Female,0,No,No,4,Yes,Yes,Fiber optic,Yes,No,No,No,No,No,Month-to-month,Yes,Electronic check,76.86,286.76,Yes
5770-KBRDQ,Female,0,No,No,7,Yes,No,Fiber optic,Yes,No,Yes,No,No,Yes,Month-to-month,No,Credit card (automatic),93.82,677.03,Yes
7085-JKEZY,Female,0,Yes,No,28,Yes,No,Fiber optic,Yes,No,No,Yes,Yes,No,Two year,Yes,Bank transfer (automatic),89.93,2507.91,No
3505-IPJJD,Male,0,No,Yes,7,Yes,Yes,Fiber optic,No,Yes,Yes,No,No,No,Month-to-month,Yes,Mailed check,84.38,572.67,No
2108-XNHAP,Female,0,Yes,No,24,No,No phone service,Fiber optic,No,No,No,No,Yes,Yes,Two year,Yes,Electronic check,79.94,1921.8,No
3096-JFGRB,Male,1,No,No,16,Yes,No,DSL,Yes,No,Yes,Yes,No,No,Month-to-month,Yes,Bank transfer (automatic),67.83,1062.42,Yes
2076-IEHXE,Female,0,No,No,35,Yes,No,DSL,Yes,Yes,No,Yes,No,No,Month-to-month,No,Electronic check,63.51,2215.28,Yes
5974-HEETQ,Female,0,Yes,No,33,Yes,Yes,DSL,Yes,Yes,Yes,Yes,No,No,Two year,Yes,Mailed check,63.94,2106.31,No
1328-BAVUK,Female,0,Yes,No,5,No,No phone service,DSL,No,No,Yes,No,Yes,Yes,One year,No,Electronic check,70.56,356.04,No
9768-GWSXO,Male,0,Yes,No,68,Yes,No,DSL,No,No,Yes,Yes,No,No,One year,No,Credit card (automatic),60.56,4122.05,No
3821-TZZJL,Female,1,Yes,Yes,38,Yes,Yes,DSL,Yes,No,No,No,No,No,One year,Yes,Mailed check,58.88,2228.32,No
3380-OSQMB,Male,0,Yes,Yes,18,Yes,No,Fiber optic,No,Yes,Yes,No,No,No,Month-to-month,Yes,Bank transfer (automatic),78.66,1412.97,No
4249-KEDBP,Female,0,Yes,Yes,19,No,No phone service,Fiber optic,No,Yes,No,No,Yes,No,Two year,Yes,Mailed check,81.48,1548.73,No
9664-GHHBO,Female,1,Yes,Yes,42,Yes,Yes,Fiber optic,No,Yes,No,Yes,Yes,No,Two year,No,Credit card (automatic),91.69,3847.63,No
5356-SJIYV,Male,0,Yes,Yes,15,Yes,Yes,No,No internet service,No internet service,No internet service,No internet service,No internet service,No internet service,One year,Yes,Electronic check,24.5,382.47,No
2436-THESM,Male,0,No,No,15,Yes,No,Fiber optic,No,No,No,Yes,Yes,Yes,One year,Yes,Credit card (automatic),89.1,1314.73,No
9698-NHPVE,Male,0,No,Yes,23,Yes,Yes,DSL,No,Yes,Yes,Yes,Yes,No,Month-to-month,No,Bank transfer (automatic),71.56,1649.31,No
1566-SQXWU,Female,0,Yes,No,2,No,No phone service,Fiber optic,No,No,No,No,Yes,Yes,Month-to-month,No,Bank transfer (automatic),89.87,181.89,No
5571-JEVGP,Female,0,No,No,20,Yes,Yes,Fiber optic,No,No,No,No,Yes,Yes,Month-to-month,No,Credit card (automatic),88.95,1795.15,No
6500-CLNTA,Male,1,No,No,6,Yes,Yes,No,No internet service,No internet service,No internet service,No internet service,No internet service,No internet service,Month-to-month,No,Bank transfer (automatic),30.3,186.95,No
8057-WVDPK,Female,0,Yes,No,2,Yes,Yes,Fiber optic,Yes,No,No,No,Yes,Yes,One year,No,Electronic check,93.24,196.37,No
6713-WPGUY,Male,0,No,Yes,40,Yes,No,DSL,No,No,Yes,No,Yes,Yes,Month-to-month,Yes,Bank transfer (automatic),69.92,2794.8,No
9354-YERYQ,Male,1,No,No,11,Yes,No,Fiber optic,No,No,No,No,No,Yes,Month-to-month,Yes,Mailed check,88.19,978.11,No
5768-POMGC,Female,0,No,Yes,16,Yes,No,Fiber optic,Yes,Yes,No,No,Yes,Yes,Two year,No,Mailed check,100.61,1606.88,Yes
2047-WMPWA,Male,0,No,No,8,No,No phone service,No,No internet service,No internet service,No internet service,No internet service,No internet service,No internet service,Month-to-month,Yes,Mailed check,22.02,196.17,Yes
1671-APBRU,Female,1,No,No,0,Yes,Yes,DSL,No,No,No,Yes,Yes,Yes,One year,No,Electronic check,74.1, ,No
2087-YWREE,Male,0,Yes,No,14,Yes,Yes,No,No internet service,No internet service,No internet service,No internet service,No internet service,No internet service,Month-to-month,No,Mailed check,27.53,391.52,No
8559-IXNMR,Female,0,Yes,No,33,Yes,Yes,No,No internet service,No internet service,No internet service,No internet service,No internet service,No internet service,Month-to-month,Yes,Electronic check,27.15,888.4,No
8281-VTOGM,Male,1,No,No,34,Yes,No,No,No internet service,No internet service,No internet service,No internet service,No internet service,No internet service,One year,Yes,Electronic check,27.91,942.63,No
2028-ASTSV,Female,0,Yes,Yes,61,Yes,No,Fiber optic,Yes,No,Yes,No,No,Yes,Month-to-month,Yes,Mailed check,98.22,5991.68,No
4429-JKWYP,Male,0,Yes,Yes,44,Yes,Yes,Fiber optic,No,Yes,No,No,No,Yes,Month-to-month,Yes,Electronic check,85.03,3756.27,Yes
1569-YWASE,Female,0,Yes,No,72,Yes,No,No,No internet service,No internet service,No internet service,No internet service,No internet service,No internet service,Month-to-month,Yes,Bank transfer (automatic),18.26,1297.11,Yes
1027-FFEFY,Female,0,Yes,No,20,Yes,Yes,No,No internet service,No internet service,No internet service,No internet service,No internet service,No internet service,One year,Yes,Electronic check,26.46,534.94,No
2996-AAYNH,Female,1,Yes,Yes,1,Yes,Yes,DSL,No,Yes,No,No,No,No,One year,No,Credit card (automatic),51.95,67.48,No
9872-WJFIR,Male,0,Yes,No,47,Yes,Yes,DSL,Yes,No,Yes,Yes,No,No,Month-to-month,Yes,Electronic check,61.72,2903.41,No
7275-BFQGW,Female,0,No,No,72,No,No phone service,Fiber optic,No,Yes,Yes,Yes,No,Yes,Two year,No,Mailed check,90.42,6521.27,No
1278-TOXUB,Male,0,Yes,Yes,14,Yes,No,DSL,No,No,No,No,Yes,No,Month-to-month,No,Mailed check,53.68,743.44,No
4147-JYZQR,Male,0,Yes,No,2,Yes,No,Fiber optic,No,No,No,No,No,No,One year,Yes,Bank transfer (automatic),76.31,157.96,No
8279-JHUYV,Male,0,Yes,No,0,Yes,No,No,No internet service,No internet service,No internet service,No internet service,No internet service,No internet service,One year,Yes,Mailed check,25.72, ,No
7796-PHLQP,Female,0,No,Yes,22,Yes,No,DSL,Yes,No,No,No,Yes,No,Two year,Yes,Bank transfer (automatic),65.46,1436.96,No
4592-YSQXH,Male,0,No,Yes,26,Yes,No,Fiber optic,Yes,Yes,No,No,Yes,No,Month-to-month,No,Bank transfer (automatic),85.53,2215.92,No
7719-FYJID,Male,0,Yes,No,0,Yes,Yes,No,No internet service,No internet service,No internet service,No internet service,No internet service,No internet service,Two year,No,Electronic check,25.53, ,No
5597-FZRDL,Female,0,Yes,No,71,Yes,Yes,Fiber optic,Yes,Yes,No,No,Yes,No,Month-to-month,No,Electronic check,88.84,6296.1,No
8208-OWIFK,Female,0,No,Yes,18,Yes,No,DSL,No,No,No,No,Yes,Yes,Month-to-month,No,Bank transfer (automatic),68.68,1217.74,No
7136-NPOTI,Female,0,No,No,22,Yes,No,DSL,Yes,No,No,Yes,Yes,No,Month-to-month,Yes,Credit card (automatic),73.78,1622.63,No
3302-SLKHC,Female,0,Yes,No,19,Yes,No,Fiber optic,Yes,No,No,No,No,Yes,Month-to-month,Yes,Mailed check,97.29,1851.87,Yes
9498-CYZCF,Male,0,No,No,9,Yes,No,DSL,Yes,No,Yes,No,Yes,Yes,Month-to-month,No,Bank transfer (automatic),78.91,703.85,No
2427-NBLPC,Male,0,Yes,Yes,55,Yes,No,DSL,No,No,No,No,No,No,One year,No,Electronic check,55.84,3060.36,No
9820-PJTEM,Male,0,Yes,Yes,0,Yes,Yes,Fiber optic,Yes,Yes,Yes,Yes,Yes,No,Month-to-month,No,Credit card (automatic),95.04, ,No
6690-ATKZS,Male,0,No,Yes,33,Yes,No,DSL,No,No,No,Yes,Yes,Yes,Month-to-month,No,Bank transfer (automatic),70.41,2317.83,No
9047-GJYPQ,Male,0,Yes,Yes,10,Yes,No,No,No internet service,No internet service,No internet service,No internet service,No internet service,No internet service,Month-to-month,Yes,Bank transfer (automatic),23.8,234.23,No
5582-KQEAC,Female,0,No,Yes,5,Yes,No,No,No internet service,No internet service,No internet service,No internet service,No internet service,No internet service,Two year,Yes,Electronic check,27.3,143.86,No
1623-XODLA,Male,0,Yes,No,13,Yes,Yes,Fiber optic,No,No,No,No,No,Yes,Month-to-month,Yes,Mailed check,80.24,1026.07,No
1496-XOXTT,Female,0,No,Yes,5,Yes,Yes,DSL,No,Yes,No,No,No,Yes,Month-to-month,Yes,Electronic check,64.74,322.88,No
2801-KRBFP,Female,0,Yes,No,48,No,No phone service,DSL,No,No,Yes,Yes,No,No,Month-to-month,Yes,Mailed check,51.76,2490.15,No
3071-GWSLR,Male,0,Yes,No,38,No,No phone service,Fiber optic,No,No,No,Yes,No,Yes,Two year,Yes,Electronic check,77.99,2947.69,No
8145-GDQQD,Male,0,Yes,No,46,Yes,Yes,DSL,No,No,No,No,No,No,One year,Yes,Electronic check,39.84,1821.38,No
9372-EASVZ,Male,0,Yes,No,43,Yes,No,No,No internet service,No internet service,No internet service,No internet service,No internet service,No internet service,Two year,Yes,Electronic check,29.81,1298.7,No
3486-KAHDY,Female,0,Yes,No,41,Yes,Yes,No,No internet service,No internet service,No internet service,No internet service,No internet service,No internet service,Two year,Yes,Credit card (automatic),27.7,1139.44,No
8214-QRCRZ,Female,0,Yes,No,20,Yes,Yes,Fiber optic,Yes,No,No,No,No,No,Two year,Yes,Mailed check,74.96,1502.32,No
5497-THKCY,Female,1,Yes,No,55,Yes,No,Fiber optic,No,No,No,No,No,Yes,One year,Yes,Mailed check,81.23,4463.72,No
6254-OJLLS,Male,0,No,No,1,Yes,No,DSL,No,No,No,Yes,Yes,Yes,Two year,No,Mailed check,73.86,86.41,No
1078-UUZEM,Female,0,No,No,8,Yes,No,No,No internet service,No internet service,No internet service,No internet service,No internet service,No internet service,Month-to-month,No,Mailed check,25.71,199.49,No
8967-YIVWJ,Female,0,Yes,Yes,5,Yes,Yes,Fiber optic,Yes,No,Yes,No,No,No,One year,No,Electronic check,84.55,422.93,No
3216-FXRJX,Female,0,Yes,Yes,3,Yes,No,No,No internet service,No internet service,No internet service,No internet service,No internet service,No internet service,Month-to-month,Yes,Electronic check,18.25,47.25,No
4470-MKBHR,Female,0,No,No,0,Yes,Yes,Fiber optic,No,No,No,No,Yes,No,Month-to-month,No,Electronic check,92.2, ,No
2526-YCUYG,Male,1,No,No,12,Yes,No,Fiber optic,No,Yes,No,Yes,No,Yes,Month-to-month,No,Electronic check,97.62,1183.8,No
8421-RUUIR,Female,1,Yes,No,30,Yes,Yes,No,No internet service,No internet service,No internet service,No internet service,No internet service,No internet service,Month-to-month,Yes,Electronic check,26.26,790.99,No
5608-DDQZW,Male,0,Yes,Yes,24,Yes,No,No,No internet service,No internet service,No internet service,No internet service,No internet service,No internet service,Month-to-month,No,Credit card (automatic),24.06,593.14,No
6281-OMIGL,Male,0,No,Yes,25,Yes,Yes,Fiber optic,No,Yes,No,No,Yes,Yes,Month-to-month,Yes,Electronic check,99.84,2493.85,No
1107-NWOAI,Male,0,Yes,No,52,Yes,Yes,DSL,Yes,Yes,No,Yes,No,Yes,One year,Yes,Electronic check,79.62,4160.34,No
4865-PIPBJ,Male,0,Yes,Yes,72,Yes,No,Fiber optic,No,No,No,No,Yes,No,Month-to-month,Yes,Electronic check,81.87,5900.65,No
7508-BMXCO,Female,1,No,No,27,Yes,No,Fiber optic,Yes,Yes,Yes,Yes,No,No,One year,No,Bank transfer (automatic),89.12,2402.09,No
7070-JFWVN,Male,0,Yes,No,2,Yes,Yes,Fiber optic,Yes,Yes,No,Yes,Yes,No,Month-to-month,Yes,Bank transfer (automatic),100.56,200.56,No
1977-HFONO,Male,0,Yes,Yes,27,Yes,No,Fiber optic,No,No,No,No,Yes,No,Two year,No,Electronic check,88.29,2371.83,No
6189-VLJSH,Female,0,No,No,19,Yes,Yes,Fiber optic,No,Yes,Yes,Yes,Yes,No,Month-to-month,Yes,Electronic check,94.64,1790.56,No
8194-JKTNN,Female,0,Yes,No,1,Yes,Yes,Fiber optic,Yes,Yes,No,No,No,No,Month-to-month,Yes,Electronic check,92.36,97.54,Yes
5540-BZQOW,Female,1,No,Yes,7,Yes,Yes,Fiber optic,No,No,Yes,No,No,Yes,Month-to-month,Yes,Mailed check,77.55,538.42,Yes
4522-CCZCR,Female,0,No,No,6,Yes,Yes,DSL,No,No,Yes,No,Yes,No,One year,Yes,Bank transfer (automatic),54.98,330.11,No
7085-NZCAJ,Male,1,No,No,35,Yes,No,Fiber optic,Yes,Yes,No,No,No,Yes,Month-to-month,Yes,Credit card (automatic),89.18,3128.48,Yes
8692-IVVZY,Female,0,No,Yes,10,Yes,Yes,No,No internet service,No internet service,No internet service,No internet service,No internet service,No internet service,Month-to-month,Yes,Bank transfer (automatic),31.97,319.86,Yes
1993-JYLSC,Female,0,No,Yes,16,Yes,No,DSL,No,No,No,Yes,No,Yes,Two year,Yes,Mailed check,65.16,1041.91,No
3898-AZOWZ,Male,0,No,No,36,Yes,No,Fiber optic,No,Yes,Yes,No,No,No,Month-to-month,Yes,Electronic check,86.21,3099.54,No
6388-GBVTK,Male,0,Yes,No,66,Yes,Yes,DSL,Yes,No,No,No,No,No,Month-to-month,Yes,Credit card (automatic),57.13,3755.5,No
1605-WOTSG,Female,1,Yes,No,18,Yes,No,Fiber optic,Yes,No,Yes,No,No,Yes,One year,Yes,Electronic check,92.22,1647.97,No
6795-FWJCU,Male,0,No,Yes,19,Yes,No,Fiber optic,Yes,Yes,No,No,No,No,Two year,No,Mailed check,96.48,1837.54,No
4807-AFEWO,Female,1,No,No,2,Yes,Yes,Fiber optic,Yes,No,No,No,No,Yes,Month-to-month,Yes,Bank transfer (automatic),86.34,147.45,Yes
5792-KTYMF,Female,0,Yes,Yes,16,Yes,Yes,Fiber optic,No,No,No,Yes,No,Yes,Month-to-month,Yes,Electronic check,84.88,1349.95,No
8908-BQXLL,Male,0,No,No,27,Yes,No,DSL,No,Yes,Yes,No,No,No,Two year,Yes,Electronic check,63.06,1695.21,No
7389-ZNGIN,Male,0,Yes,Yes,5,Yes,Yes,Fiber optic,No,Yes,No,Yes,No,No,Month-to-month,Yes,Bank transfer (automatic),78.3,388.04,No
9884-QQYUM,Male,0,No,No,2,Yes,Yes,DSL,Yes,Yes,No,Yes,No,No,Month-to-month,Yes,Bank transfer (automatic),59.38,143.3,No
7300-RSQFL,Male,0,No,No,47,Yes,No,DSL,No,Yes,No,No,Yes,No,One year,Yes,Bank transfer (automatic),59.89,2807.92,No
7914-OCWOA,Female,0,No,Yes,2,Yes,No,DSL,Yes,No,Yes,Yes,Yes,No,Month-to-month,Yes,Credit card (automatic),64.58,143.94,No
3036-CENDV,Female,0,No,Yes,58,Yes,Yes,Fiber optic,Yes,Yes,Yes,No,No,No,Two year,Yes,Electronic check,85.17,4944.67,Yes
6083-IRJHM,Male,0,No,No,7,Yes,No,No,No internet service,No internet service,No internet service,No internet service,No internet service,No internet service,One year,Yes,Credit card (automatic),23.44,162.11,No
2601-TYTGK,Female,0,No,No,9,Yes,Yes,DSL,No,No,Yes,Yes,No,No,Month-to-month,Yes,Electronic check,61.67,540.33,Yes
5167-ZJBCZ,Male,0,No,No,17,No,No phone service,Fiber optic,No,No,No,Yes,Yes,Yes,One year,No,Electronic check,91.14,1576.38,No
3198-EPJKS,Female,1,Yes,No,5,Yes,Yes,No,No internet service,No internet service,No internet service,No internet service,No internet service,No internet service,Month-to-month,No,Credit card (automatic),23.05,129.26,No
5815-LBKVZ,Female,0,Yes,No,27,Yes,No,DSL,Yes,No,Yes,No,Yes,Yes,Two year,No,Electronic check,73.59,1983.26,No
9727-EUNRG,Female,0,No,Yes,17,Yes,Yes,DSL,No,No,Yes,No,No,Yes,Month-to-month,Yes,Mailed check,64.67,1107.31,No
9324-HUOYE,Female,1,No,No,70,Yes,No,No,No internet service,No internet service,No internet service,No internet service,No internet service,No internet service,One year,Yes,Electronic check,19.6,1377.52,No
5946-BEZZE,Female,0,No,No,58,Yes,No,DSL,No,No,No,No,No,Yes,Month-to-month,No,Electronic check,60.93,3548.2,No
1357-PBEOA,Female,0,No,No,35,Yes,No,DSL,No,No,Yes,No,No,Yes,Month-to-month,No,Bank transfer (automatic),64.47,2267.93,No
4250-CSOCH,Male,1,No,Yes,4,No,No phone service,Fiber optic,No,Yes,Yes,Yes,Yes,Yes,Two year,No,Mailed check,98.88,386.22,No
4438-AFVQP,Male,0,No,Yes,5,No,No phone service,DSL,No,Yes,Yes,No,Yes,Yes,Month-to-month,Yes,Bank transfer (automatic),72.92,358.05,Yes
7146-XFTUZ,Male,0,No,No,7,Yes,No,No,No internet service,No internet service,No internet service,No internet service,No internet service,No internet service,Month-to-month,Yes,Electronic check,24.71,157.09,Yes
6117-COOKV,Female,0,Yes,No,43,Yes,No,No,No internet service,No internet service,No internet service,No internet service,No internet service,No internet service,Two year,No,Credit card (automatic),22.51,966.12,No
9709-FINZK,Male,0,Yes,Yes,25,Yes,No,Fiber optic,Yes,No,No,No,Yes,Yes,Month-to-month,Yes,Electronic check,95.8,2394.52,Yes
6829-RTOVI,Female,0,No,No,4,Yes,No,DSL,No,No,Yes,No,No,Yes,One year,Yes,Mailed check,65.23,255.39,No
7346-BFZZZ,Female,0,Yes,No,14,Yes,No,DSL,Yes,No,No,Yes,No,Yes,Two year,Yes,Mailed check,78.22,1108.43,No
1877-XMYEI,Female,0,No,No,72,Yes,No,DSL,Yes,Yes,No,No,Yes,Yes,Two year,No,Credit card (automatic),75.0,5407.82,No
7040-KGBXL,Male,0,Yes,Yes,31,Yes,No,DSL,No,Yes,Yes,Yes,Yes,No,Month-to-month,Yes,Credit card (automatic),70.3,2181.8,No
8044-XBNGE,Female,1,Yes,No,65,Yes,No,No,No internet service,No internet service,No internet service,No internet service,No internet service,No internet service,Month-to-month,No,Mailed check,30.53,1996.31,No
2353-PFUFI,Female,0,Yes,Yes,39,Yes,No,Fiber optic,No,Yes,Yes,No,Yes,No,One year,No,Mailed check,87.65,3419.14,No
8712-PQMFB,Male,0,No,Yes,30,No,No phone service,No,No internet service,No internet service,No internet service,No internet service,No internet service,No internet service,Month-to-month,Yes,Bank transfer (automatic),18.25,553.44,No
9455-WVDIW,Male,1,Yes,No,42,Yes,No,Fiber optic,No,Yes,No,Yes,Yes,Yes,Two year,Yes,Electronic check,107.64,4528.81,No
8878-UANBH,Male,0,No,Yes,28,Yes,No,Fiber optic,No,Yes,Yes,No,Yes,No,Month-to-month,Yes,Credit card (automatic),91.98,2577.55,No
4537-LUXTS,Female,0,Yes,No,20,Yes,Yes,No,No internet service,No internet service,No internet service,No internet service,No internet service,No internet service,Month-to-month,Yes,Electronic check,24.29,492.61,No
4932-GBQMK,Female,0,No,No,31,Yes,Yes,Fiber optic,Yes,No,Yes,Yes,Yes,No,Two year,Yes,Mailed check,97.6,3016.93,No
9804-MWMHK,Male,0,Yes,Yes,6,Yes,Yes,Fiber optic,No,Yes,Yes,No,No,Yes,Month-to-month,No,Credit card (automatic),96.32,589.91,No
7473-YKAGZ,Female,0,Yes,No,16,Yes,No,Fiber optic,No,Yes,No,Yes,Yes,Yes,Month-to-month,No,Credit card (automatic),102.6,1638.77,No
7681-NTGCB,Female,0,Yes,Yes,72,Yes,No,Fiber optic,Yes,Yes,No,Yes,No,Yes,Month-to-month,No,Bank transfer (automatic),98.16,7053.98,Yes
2069-RMHDO,Female,0,No,No,39,Yes,No,No,No internet service,No internet service,No internet service,No internet service,No internet service,No internet service,One year,Yes,Electronic check,21.3,836.08,Yes
3285-TGXLI,Male,1,Yes,No,62,Yes,No,DSL,Yes,No,No,No,Yes,No,Month-to-month,Yes,Electronic check,69.12,4301.54,No
7375-TBZPU,Female,0,Yes,No,72,Yes,Yes,DSL,No,No,Yes,No,No,No,Two year,Yes,Bank transfer (automatic),60.05,4315.79,No
1086-RTVXJ,Male,0,Yes,No,21,Yes,No,Fiber optic,No,No,Yes,No,No,No,Month-to-month,No,Credit card (automatic),74.06,1544.07,No
4420-FFVTM,Male,1,Yes,No,5,Yes,No,No,No internet service,No internet service,No internet service,No internet service,No internet service,No internet service,Month-to-month,Yes,Electronic check,19.88,103.23,No
4922-QBRZG,Male,0,No,Yes,32,Yes,Yes,Fiber optic,Yes,No,No,No,No,No,Month-to-month,Yes,Credit card (automatic),80.7,2586.83,Yes
7042-NVOHI,Female,0,Yes,Yes,0,No,No phone service,DSL,No,No,No,Yes,No,Yes,Month-to-month,Yes,Bank transfer (automatic),54.6, ,No
9916-KCTNH,Female,0,Yes,No,2,Yes,Yes,DSL,No,No,Yes,No,Yes,No,Month-to-month,Yes,Credit card (automatic),65.94,145.82,No
1546-RWNTH,Female,0,No,No,8,Yes,No,No,No internet service,No internet service,No internet service,No internet service,No internet service,No internet service,Month-to-month,Yes,Bank transfer (automatic),24.41,174.46,No
2968-HELBQ,Male,1,Yes,No,0,Yes,Yes,DSL,Yes,No,No,Yes,No,Yes,Two year,No,Electronic check,66.34, ,No
8756-VNIII,Male,0,Yes,Yes,27,Yes,No,Fiber optic,No,Yes,Yes,No,No,Yes,Two year,No,Mailed check,90.29,2421.92,Yes
2562-TFLJV,Female,0,No,No,40,Yes,No,DSL,No,Yes,No,Yes,No,Yes,Two year,Yes,Mailed check,69.33,2778.07,No
3481-GMAFU,Female,0,No,Yes,33,Yes,Yes,DSL,No,No,No,No,Yes,Yes,Two year,No,Electronic check,66.26,2188.36,Yes
8049-HBROX,Male,1,No,No,3,Yes,No,DSL,No,Yes,Yes,No,Yes,Yes,Month-to-month,No,Bank transfer (automatic),71.14,212.88,Yes
5197-XNYYV,Female,0,Yes,No,39,Yes,No,DSL,Yes,No,Yes,No,No,Yes,Month-to-month,No,Mailed check,61.61,2421.5,No
4185-XCAWA,Male,0,Yes,No,42,Yes,No,Fiber optic,Yes,No,No,No,Yes,Yes,One year,Yes,Credit card (automatic),100.94,4232.24,No
1557-AADLO,Male,0,Yes,No,2,Yes,Yes,Fiber optic,No,No,Yes,Yes,No,Yes,One year,Yes,Electronic check,98.86,204.1,Yes
1091-DJKFJ,Male,0,No,No,16,Yes,No,DSL,No,Yes,No,Yes,Yes,No,Month-to-month,No,Mailed check,70.53,1140.03,No
5235-COPJV,Male,1,No,No,27,Yes,No,Fiber optic,No,No,Yes,No,Yes,No,Two year,No,Credit card (automatic),91.46,2468.11,No
7716-WKPQN,Female,0,Yes,No,12,Yes,No,Fiber optic,Yes,Yes,No,No,No,No,Month-to-month,No,Electronic check,90.24,1085.95,Yes
1909-FJQWJ,Male,0,Yes,No,52,Yes,No,DSL,Yes,No,No,No,Yes,Yes,Two year,Yes,Mailed check,73.9,3844.68,No
7153-NTQIO,Male,1,Yes,No,18,Yes,No,No,No internet service,No internet service,No internet service,No internet service,No internet service,No internet service,Month-to-month,No,Electronic check,25.08,458.66,No
9705-DTXRK,Female,0,No,No,3,Yes,Yes,Fiber optic,Yes,Yes,No,Yes,Yes,Yes,Month-to-month,No,Credit card (automatic),106.37,318.12,Yes
6631-VTEBE,Male,0,No,No,18,Yes,No,Fiber optic,Yes,Yes,No,Yes,Yes,No,Month-to-month,Yes,Bank transfer (automatic),92.01,1659.22,No
7754-LSGSD,Male,1,No,No,20,Yes,Yes,DSL,No,No,No,No,Yes,No,Month-to-month,Yes,Electronic check,58.34,1175.77,No
8250-ZZRZG,Male,0,Yes,No,72,Yes,Yes,Fiber optic,Yes,Yes,No,Yes,No,Yes,Two year,No,Credit card (automatic),103.43,7457.52,No
5718-UALZX,Male,1,No,Yes,13,Yes,Yes,DSL,Yes,No,No,No,Yes,Yes,Two year,No,Electronic check,60.23,785.97,Yes
1598-FZMFM,Female,0,Yes,Yes,53,Yes,No,Fiber optic,No,No,Yes,No,No,Yes,Month-to-month,Yes,Electronic check,92.13,4891.48,No
9111-HMMTT,Female,0,Yes,No,9,Yes,Yes,DSL,Yes,Yes,No,No,Yes,No,Two year,Yes,Bank transfer (automatic),63.29,569.74,No
7466-OQFXS,Female,0,Yes,No,14,Yes,No,Fiber optic,Yes,No,No,Yes,Yes,No,Month-to-month,No,Mailed check,89.59,1252.21,No
1832-ZLYBO,Female,0,No,Yes,3,Yes,Yes,DSL,Yes,No,Yes,Yes,No,No,Month-to-month,Yes,Bank transfer (automatic),65.01,212.86,No
9555-XEVJN,Male,1,No,No,29,Yes,No,No,No internet service,No internet service,No internet service,No internet service,No internet service,No internet service,Two year,No,Electronic check,20.69,607.34,No
3446-KDOUP,Male,0,Yes,Yes,17,Yes,No,DSL,No,No,No,Yes,No,No,One year,Yes,Mailed check,54.62,929.4,No
5272-BBUWG,Male,1,Yes,No,42,Yes,Yes,Fiber optic,Yes,No,Yes,No,No,No,Two year,No,Bank transfer (automatic),87.65,3684.43,No
8778-WEOIB,Female,0,Yes,No,72,Yes,Yes,Fiber optic,No,Yes,Yes,Yes,Yes,No,Month-to-month,Yes,Credit card (automatic),102.02,7352.72,No
8528-ZULNE,Male,0,No,No,7,Yes,No,No,No internet service,No internet service,No internet service,No internet service,No internet service,No internet service,One year,No,Electronic check,28.34,185.63,No
7209-OAJFV,Male,0,Yes,Yes,13,Yes,No,DSL,Yes,No,No,No,Yes,Yes,Two year,No,Bank transfer (automatic),73.52,968.38,Yes
8890-JAWWP,Male,0,No,Yes,55,Yes,Yes,DSL,Yes,No,No,No,No,Yes,Two year,No,Electronic check,59.04,3246.57,No
2354-JYUWI,Male,0,No,Yes,1,Yes,No,No,No internet service,No internet service,No internet service,No internet service,No internet service,No internet service,Two year,Yes,Mailed check,23.6,36.01,No
6084-GFFUK,Female,0,Yes,No,17,Yes,No,No,No internet service,No internet service,No internet service,No internet service,No internet service,No internet service,One year,Yes,Bank transfer (automatic),18.25,310.86,No
2735-RCVLZ,Female,1,No,No,20,Yes,Yes,Fiber optic,No,No,No,No,No,No,Month-to-month,Yes,Electronic check,76.03,1506.39,Yes
8145-GDQQD,Male,0,Yes,No,46,Yes,Yes,DSL,No,No,No,No,No,No,One year,Yes,Electronic check,39.84,1821.38,No
7621-OCQMI,Male,0,No,No,7,Yes,Yes,DSL,No,Yes,No,Yes,No,Yes,Two year,Yes,Mailed check,64.67,455.97,No
9321-DRGMO,Male,1,Yes,No,14,No,No phone service,DSL,No,No,No,No,No,No,Month-to-month,No,Electronic check,40.12,570.51,Yes
5372-CIHCY,Male,1,No,No,18,Yes,No,Fiber optic,No,No,Yes,No,Yes,Yes,Month-to-month,Yes,Mailed check,87.89,1584.87,No
